================================================================================
BEGIN CALCULATION - 2026-04-15 16:27:56
================================================================================


         ######  ########     ###    ########   ######  
        ##    ## ##     ##   ## ##   ##     ## ##    ## 
        ##       ##     ##  ##   ##  ##     ## ##       
         ######  ########  ##     ## ########  ##       
              ## ##        ######### ##   ##   ##       
        ##    ## ##        ##     ## ##    ##  ##    ## 
         ######  ##        ##     ## ##     ##  ###### 
         --v0.2.0

[SPARC][INFO] SPARC: Smart Potential with Atomistic Rare Events & Continuous Learning
[SPARC][INFO] Version: 0.2.0

[SPARC][INFO] ================================================================================
[SPARC][INFO] Working directory: /home/rverma7/My_Program/0.3_sparc/examples/xTB/MD/NVT/WithPlumed
[SPARC][INFO] Configuration file: input.yaml
[SPARC][INFO] 
[SPARC][INFO] ================================================================================
[SPARC][INFO]                     YAML configuration loaded successfully!                     
[SPARC][INFO] ================================================================================
[SPARC][INFO] Using structure file: AmmoniaBorate.xyz
[SPARC][INFO] WORKFLOW PARAMETERS :
[SPARC][INFO] ---------------------
[SPARC][INFO] Structure FileName/s           AmmoniaBorate.xyz
[SPARC][INFO] Number of Atoms                8
[SPARC][INFO] Chemical Formula               H6BN
[SPARC][INFO] 
[SPARC][INFO] DFT Engine                     xTB
[SPARC][INFO] DFT Tempelate File             xtb_template.inp
[SPARC][INFO] DFT Executable                 OMP_NUM_THREADS=2 /home/rverma7/anaconda3/envs/sparcGNN/bin/xtb
[SPARC][INFO] 
[SPARC][INFO] Active Learning                Disabled
[SPARC][INFO] ================================================================================
[SPARC][INFO] 
[SPARC][INFO] Creating Directories for Iteration: 000000
[SPARC][INFO] ================================================================================
[SPARC][INFO] ├── iter_000000
[SPARC][INFO] │   ├── 00.dft
[SPARC][INFO] │   ├── 01.train
[SPARC][INFO] │   └── 02.dpmd
[SPARC][INFO] 
[SPARC][INFO] Setting up xTB calculator...
[SPARC][INFO] --------------------------------------------------
[SPARC][INFO]                   xTB CALCULATOR                  
[SPARC][INFO] --------------------------------------------------
[SPARC][INFO]  Executable           OMP_NUM_THREADS=2 /home/rverma7/anaconda3/envs/sparcGNN/bin/xtb
[SPARC][INFO]  Method               GFN2-xTB
[SPARC][INFO]  Charge, Mult         0, 1 (UHF=0)
[SPARC][INFO]  Accuracy             1.0
[SPARC][INFO]  Elec. Temp (K)       300.0
[SPARC][INFO]  Max Iter             250
[SPARC][INFO]  Solvent              None
[SPARC][INFO]  xTB workdir, Label   xtb_run, xtb
[SPARC][INFO] --------------------------------------------------
[SPARC][INFO] xTB calculator setup successfully
[SPARC][INFO] ================================================================================
[SPARC][INFO]                       Ab-initio MD using NVT-Nose at 300K                       
[SPARC][INFO] MD Ensemble                    NVT
[SPARC][INFO] Temperature                    300.0 K
[SPARC][INFO] MD Thermostat                  Nose
[SPARC][INFO] Timestep                       1.00 fs
[SPARC][INFO] AIMD Steps                     50000
[SPARC][INFO] Output Trajectory              AseMD.traj
[SPARC][INFO] Output Logfile                 AseMD.log
[SPARC][INFO] 
[SPARC][INFO] ================================================================================
[SPARC][INFO] PLUMED ENABLED FOR MD SIMULATION
[SPARC][INFO] ================================================================================
[SPARC][INFO] PLUMED output files will be written in iter_000000/00.dft
[SPARC][INFO] 
[SPARC][INFO] --------------------------------------------------------------------------------
[SPARC][INFO] Step     Epot (eV)    Ekin (eV)    Temp (K)   P (GPa)    V (Ang.^3)
[SPARC][INFO] --------------------------------------------------------------------------------
[SPARC][INFO] 0          -194.7063      0.3102    300.00
[SPARC][INFO] 20         -194.8726      0.4695    454.03
[SPARC][INFO] 40         -194.8594      0.4419    427.32
[SPARC][INFO] 60         -194.7414      0.2993    289.41
[SPARC][INFO] 80         -194.7691      0.2883    278.81
[SPARC][INFO] 100        -194.7567      0.2315    223.86
[SPARC][INFO] 120        -194.8537      0.2784    269.19
[SPARC][INFO] 140        -194.8303      0.2151    208.02
[SPARC][INFO] 160        -194.8650      0.2161    209.00
[SPARC][INFO] 180        -194.8236      0.1528    147.79
[SPARC][INFO] 200        -194.7989      0.1210    117.00
[SPARC][INFO] 220        -194.8769      0.1942    187.78
[SPARC][INFO] 240        -194.8790      0.2013    194.68
[SPARC][INFO] 260        -194.9570      0.3157    305.26
[SPARC][INFO] 280        -194.8608      0.3141    303.73
[SPARC][INFO] 300        -194.7214      0.2851    275.67
[SPARC][INFO] 320        -194.7673      0.3981    384.94
[SPARC][INFO] 340        -194.7045      0.3614    349.47
[SPARC][INFO] 360        -194.8713      0.5252    507.85
[SPARC][INFO] 380        -194.8939      0.5229    505.65
[SPARC][INFO] 400        -194.7303      0.3231    312.47
[SPARC][INFO] 420        -194.7597      0.3075    297.35
[SPARC][INFO] 440        -194.8315      0.3239    313.21
[SPARC][INFO] 460        -194.8631      0.3266    315.85
[SPARC][INFO] 480        -194.8447      0.2822    272.91
[SPARC][INFO] 500        -194.8549      0.2710    262.04
[SPARC][INFO] 520        -194.8642      0.2630    254.33
[SPARC][INFO] 540        -194.8720      0.2673    258.50
[SPARC][INFO] 560        -194.8721      0.2731    264.15
[SPARC][INFO] 580        -194.7704      0.1892    183.01
[SPARC][INFO] 600        -194.8672      0.3091    298.90
[SPARC][INFO] 620        -194.7991      0.2877    278.18
[SPARC][INFO] 640        -194.7393      0.2967    286.96
[SPARC][INFO] 660        -194.7429      0.3794    366.94
[SPARC][INFO] 680        -194.7560      0.4599    444.72
[SPARC][INFO] 700        -194.7481      0.4868    470.79
[SPARC][INFO] 720        -194.7961      0.5269    509.51
[SPARC][INFO] 740        -194.7343      0.4322    417.97
[SPARC][INFO] 760        -194.7591      0.4077    394.28
[SPARC][INFO] 780        -194.7605      0.3579    346.08
[SPARC][INFO] 800        -194.7004      0.2641    255.42
[SPARC][INFO] 820        -194.7513      0.2916    282.01
[SPARC][INFO] 840        -194.7095      0.2376    229.76
[SPARC][INFO] 860        -194.7118      0.2333    225.66
[SPARC][INFO] 880        -194.6986      0.2122    205.22
[SPARC][INFO] 900        -194.8424      0.3430    331.66
[SPARC][INFO] 920        -194.7984      0.3116    301.33
[SPARC][INFO] 940        -194.8373      0.3407    329.45
[SPARC][INFO] 960        -194.7899      0.2926    282.92
[SPARC][INFO] 980        -194.8701      0.3596    347.74
[SPARC][INFO] 1000       -194.9042      0.3840    371.38
[SPARC][INFO] 1020       -194.8677      0.3393    328.14
[SPARC][INFO] 1040       -194.7929      0.2651    256.40
[SPARC][INFO] 1060       -194.8849      0.3498    338.24
[SPARC][INFO] 1080       -194.8047      0.2693    260.42
[SPARC][INFO] 1100       -194.8660      0.3356    324.51
[SPARC][INFO] 1120       -194.6984      0.1942    187.82
[SPARC][INFO] 1140       -194.7672      0.2854    276.02
[SPARC][INFO] 1160       -194.7839      0.3371    326.00
[SPARC][INFO] 1180       -194.7167      0.3156    305.23
[SPARC][INFO] 1200       -194.6895      0.3409    329.68
[SPARC][INFO] 1220       -194.7443      0.4340    419.73
[SPARC][INFO] 1240       -194.6974      0.4041    390.76
[SPARC][INFO] 1260       -194.8191      0.5211    503.97
[SPARC][INFO] 1280       -194.7370      0.4206    406.73
[SPARC][INFO] 1300       -194.7919      0.4193    405.48
[SPARC][INFO] 1320       -194.8279      0.3746    362.26
[SPARC][INFO] 1340       -194.9127      0.3866    373.87
[SPARC][INFO] 1360       -194.8735      0.3052    295.14
[SPARC][INFO] 1380       -194.8917      0.3185    308.03
[SPARC][INFO] 1400       -194.8841      0.2979    288.07
[SPARC][INFO] 1420       -194.8683      0.2807    271.43
[SPARC][INFO] 1440       -194.8236      0.2478    239.63
[SPARC][INFO] 1460       -194.7940      0.2320    224.40
[SPARC][INFO] 1480       -194.7731      0.2244    216.97
[SPARC][INFO] 1500       -194.8210      0.2951    285.41
[SPARC][INFO] 1520       -194.6845      0.1855    179.38
[SPARC][INFO] 1540       -194.8173      0.3405    329.28
[SPARC][INFO] 1560       -194.7460      0.2973    287.55
[SPARC][INFO] 1580       -194.7256      0.3006    290.74
[SPARC][INFO] 1600       -194.7365      0.3365    325.39
[SPARC][INFO] 1620       -194.6124      0.2337    225.96
[SPARC][INFO] 1640       -194.8040      0.4366    422.24
[SPARC][INFO] 1660       -194.7606      0.4116    398.07
[SPARC][INFO] 1680       -194.7721      0.4341    419.75
[SPARC][INFO] 1700       -194.6801      0.3456    334.20
[SPARC][INFO] 1720       -194.7545      0.3984    385.24
[SPARC][INFO] 1740       -194.7915      0.3867    373.91
[SPARC][INFO] 1760       -194.8257      0.3610    349.11
[SPARC][INFO] 1780       -194.7532      0.2389    231.07
[SPARC][INFO] 1800       -194.8682      0.3111    300.81
[SPARC][INFO] 1820       -194.8644      0.2919    282.26
[SPARC][INFO] 1840       -194.8671      0.2795    270.31
[SPARC][INFO] 1860       -194.7873      0.1989    192.34
[SPARC][INFO] 1880       -194.8134      0.2192    212.01
[SPARC][INFO] 1900       -194.8866      0.2968    287.01
[SPARC][INFO] 1920       -194.7960      0.2321    224.41
[SPARC][INFO] 1940       -194.8491      0.3189    308.40
[SPARC][INFO] 1960       -194.8135      0.3239    313.23
[SPARC][INFO] 1980       -194.8005      0.3655    353.41
[SPARC][INFO] 2000       -194.7579      0.3837    371.02
[SPARC][INFO] 2020       -194.6398      0.3026    292.61
[SPARC][INFO] 2040       -194.7927      0.4792    463.37
[SPARC][INFO] 2060       -194.6575      0.3524    340.75
[SPARC][INFO] 2080       -194.6257      0.3179    307.40
[SPARC][INFO] 2100       -194.7570      0.4247    410.73
[SPARC][INFO] 2120       -194.6442      0.2833    273.93
[SPARC][INFO] 2140       -194.7882      0.3960    382.92
[SPARC][INFO] 2160       -194.7163      0.2921    282.52
[SPARC][INFO] 2180       -194.6559      0.2068    199.98
[SPARC][INFO] 2200       -194.8027      0.3322    321.29
[SPARC][INFO] 2220       -194.6968      0.2171    209.96
[SPARC][INFO] 2240       -194.6991      0.2149    207.86
[SPARC][INFO] 2260       -194.7555      0.2681    259.24
[SPARC][INFO] 2280       -194.6761      0.2195    212.26
[SPARC][INFO] 2300       -194.7420      0.2917    282.13
[SPARC][INFO] 2320       -194.6377      0.1939    187.55
[SPARC][INFO] 2340       -194.7568      0.3119    301.61
[SPARC][INFO] 2360       -194.7800      0.3453    333.92
[SPARC][INFO] 2380       -194.7384      0.3144    304.03
[SPARC][INFO] 2400       -194.8191      0.3966    383.56
[SPARC][INFO] 2420       -194.7148      0.3063    296.23
[SPARC][INFO] 2440       -194.7696      0.3726    360.31
[SPARC][INFO] 2460       -194.6896      0.3167    306.28
[SPARC][INFO] 2480       -194.6881      0.3186    308.11
[SPARC][INFO] 2500       -194.7687      0.4131    399.53
[SPARC][INFO] 2520       -194.6613      0.3215    310.91
[SPARC][INFO] 2540       -194.7249      0.3892    376.42
[SPARC][INFO] 2560       -194.7840      0.4493    434.50
[SPARC][INFO] 2580       -194.7050      0.3500    338.43
[SPARC][INFO] 2600       -194.7467      0.3767    364.30
[SPARC][INFO] 2620       -194.8090      0.4057    392.38
[SPARC][INFO] 2640       -194.7350      0.2885    279.04
[SPARC][INFO] 2660       -194.8733      0.3916    378.71
[SPARC][INFO] 2680       -194.7611      0.2493    241.09
[SPARC][INFO] 2700       -194.8175      0.2794    270.20
[SPARC][INFO] 2720       -194.8335      0.2734    264.35
[SPARC][INFO] 2740       -194.7481      0.1984    191.87
[SPARC][INFO] 2760       -194.8075      0.2528    244.46
[SPARC][INFO] 2780       -194.8097      0.2550    246.58
[SPARC][INFO] 2800       -194.8311      0.2901    280.55
[SPARC][INFO] 2820       -194.7713      0.2532    244.83
[SPARC][INFO] 2840       -194.8523      0.3708    358.54
[SPARC][INFO] 2860       -194.8295      0.4212    407.35
[SPARC][INFO] 2880       -194.7799      0.4558    440.78
[SPARC][INFO] 2900       -194.8697      0.6006    580.76
[SPARC][INFO] 2920       -194.9575      0.6650    643.06
[SPARC][INFO] 2940       -195.2270      0.6884    665.69
[SPARC][INFO] 2960       -195.3433      0.5454    527.41
[SPARC][INFO] 2980       -195.5147      0.5962    576.56
[SPARC][INFO] 3000       -195.4467      0.4120    398.39
[SPARC][INFO] 3020       -195.5726      0.4405    425.96
[SPARC][INFO] 3040       -195.5547      0.3473    335.87
[SPARC][INFO] 3060       -195.6868      0.3974    384.34
[SPARC][INFO] 3080       -195.7509      0.3868    374.02
[SPARC][INFO] 3100       -195.7032      0.2960    286.29
[SPARC][INFO] 3120       -195.6634      0.2179    210.68
[SPARC][INFO] 3140       -195.6653      0.1925    186.18
[SPARC][INFO] 3160       -195.7381      0.2420    234.07
[SPARC][INFO] 3180       -195.6546      0.1430    138.26
[SPARC][INFO] 3200       -195.7681      0.2685    259.64
[SPARC][INFO] 3220       -195.7195      0.2238    216.43
[SPARC][INFO] 3240       -195.7504      0.2667    257.93
[SPARC][INFO] 3260       -195.7345      0.2739    264.89
[SPARC][INFO] 3280       -195.7571      0.3236    312.92
[SPARC][INFO] 3300       -195.6833      0.2903    280.70
[SPARC][INFO] 3320       -195.6047      0.2642    255.52
[SPARC][INFO] 3340       -195.5827      0.2830    273.64
[SPARC][INFO] 3360       -195.5988      0.3385    327.31
[SPARC][INFO] 3380       -195.4615      0.2322    224.56
[SPARC][INFO] 3400       -195.6768      0.4651    449.73
[SPARC][INFO] 3420       -195.5871      0.3968    383.69
[SPARC][INFO] 3440       -195.6015      0.4032    389.90
[SPARC][INFO] 3460       -195.5904      0.3797    367.20
[SPARC][INFO] 3480       -195.5743      0.3342    323.14
[SPARC][INFO] 3500       -195.6335      0.3470    335.58
[SPARC][INFO] 3520       -195.5722      0.2337    226.04
[SPARC][INFO] 3540       -195.6390      0.2224    215.03
[SPARC][INFO] 3560       -195.7264      0.2544    245.98
[SPARC][INFO] 3580       -195.6643      0.1619    156.61
[SPARC][INFO] 3600       -195.6247      0.1078    104.26
[SPARC][INFO] 3620       -195.7438      0.2216    214.27
[SPARC][INFO] 3640       -195.7072      0.2063    199.54
[SPARC][INFO] 3660       -195.7493      0.2612    252.56
[SPARC][INFO] 3680       -195.7407      0.2721    263.09
[SPARC][INFO] 3700       -195.7625      0.3148    304.40
[SPARC][INFO] 3720       -195.6832      0.2587    250.14
[SPARC][INFO] 3740       -195.6488      0.2478    239.63
[SPARC][INFO] 3760       -195.7239      0.3499    338.39
[SPARC][INFO] 3780       -195.6766      0.3317    320.81
[SPARC][INFO] 3800       -195.5594      0.2366    228.81
[SPARC][INFO] 3820       -195.7203      0.4155    401.83
[SPARC][INFO] 3840       -195.7182      0.4290    414.88
[SPARC][INFO] 3860       -195.6877      0.4050    391.69
[SPARC][INFO] 3880       -195.7002      0.4225    408.60
[SPARC][INFO] 3900       -195.6238      0.3458    334.44
[SPARC][INFO] 3920       -195.6011      0.3186    308.08
[SPARC][INFO] 3940       -195.7224      0.4353    420.95
[SPARC][INFO] 3960       -195.6134      0.3155    305.15
[SPARC][INFO] 3980       -195.5827      0.2626    253.91
[SPARC][INFO] 4000       -195.6924      0.3573    345.53
[SPARC][INFO] 4020       -195.7282      0.3596    347.77
[SPARC][INFO] 4040       -195.6903      0.2413    233.35
[SPARC][INFO] 4060       -195.7862      0.2655    256.77
[SPARC][INFO] 4080       -195.8462      0.2768    267.72
[SPARC][INFO] 4100       -195.7479      0.1775    171.64
[SPARC][INFO] 4120       -195.7557      0.1810    174.99
[SPARC][INFO] 4140       -195.7725      0.2006    193.98
[SPARC][INFO] 4160       -195.6422      0.0842     81.45
[SPARC][INFO] 4180       -195.8005      0.2685    259.66
[SPARC][INFO] 4200       -195.7527      0.2624    253.73
[SPARC][INFO] 4220       -195.6739      0.2218    214.49
[SPARC][INFO] 4240       -195.7878      0.3784    365.98
[SPARC][INFO] 4260       -195.7543      0.3896    376.75
[SPARC][INFO] 4280       -195.5520      0.2231    215.77
[SPARC][INFO] 4300       -195.7389      0.4369    422.46
[SPARC][INFO] 4320       -195.5632      0.2830    273.70
[SPARC][INFO] 4340       -195.4523      0.1900    183.75
[SPARC][INFO] 4360       -195.6762      0.4332    418.92
[SPARC][INFO] 4380       -195.7707      0.5396    521.78
[SPARC][INFO] 4400       -195.4423      0.2116    204.61
[SPARC][INFO] 4420       -195.6291      0.3931    380.16
[SPARC][INFO] 4440       -195.6307      0.3841    371.46
[SPARC][INFO] 4460       -195.6655      0.3998    386.61
[SPARC][INFO] 4480       -195.7254      0.4401    425.61
[SPARC][INFO] 4500       -195.7596      0.4412    426.65
[SPARC][INFO] 4520       -195.6783      0.3032    293.21
[SPARC][INFO] 4540       -195.7241      0.2938    284.11
[SPARC][INFO] 4560       -195.6771      0.2289    221.38
[SPARC][INFO] 4580       -195.6433      0.1744    168.62
[SPARC][INFO] 4600       -195.6544      0.1753    169.52
[SPARC][INFO] 4620       -195.6603      0.1826    176.56
[SPARC][INFO] 4640       -195.6783      0.2095    202.63
[SPARC][INFO] 4660       -195.6625      0.2128    205.78
[SPARC][INFO] 4680       -195.6589      0.2345    226.81
[SPARC][INFO] 4700       -195.5869      0.2009    194.32
[SPARC][INFO] 4720       -195.4918      0.1656    160.14
[SPARC][INFO] 4740       -195.6631      0.3981    385.01
[SPARC][INFO] 4760       -195.6845      0.4568    441.79
[SPARC][INFO] 4780       -195.6085      0.3959    382.82
[SPARC][INFO] 4800       -195.4973      0.2921    282.47
[SPARC][INFO] 4820       -195.7160      0.5107    493.85
[SPARC][INFO] 4840       -195.5688      0.3640    351.97
[SPARC][INFO] 4860       -195.6158      0.3998    386.67
[SPARC][INFO] 4880       -195.5359      0.3020    292.07
[SPARC][INFO] 4900       -195.5430      0.2841    274.76
[SPARC][INFO] 4920       -195.4850      0.1952    188.81
[SPARC][INFO] 4940       -195.6951      0.3815    368.94
[SPARC][INFO] 4960       -195.5965      0.2555    247.07
[SPARC][INFO] 4980       -195.6025      0.2295    221.91
[SPARC][INFO] 5000       -195.6885      0.2858    276.39
[SPARC][INFO] 5020       -195.6969      0.2918    282.23
[SPARC][INFO] 5040       -195.6559      0.2282    220.71
[SPARC][INFO] 5060       -195.7050      0.2546    246.23
[SPARC][INFO] 5080       -195.6620      0.1820    176.03
[SPARC][INFO] 5100       -195.7323      0.2176    210.43
[SPARC][INFO] 5120       -195.6981      0.1593    154.09
[SPARC][INFO] 5140       -195.7558      0.2011    194.45
[SPARC][INFO] 5160       -195.6558      0.0968     93.61
[SPARC][INFO] 5180       -195.7309      0.1668    161.33
[SPARC][INFO] 5200       -195.7753      0.2212    213.88
[SPARC][INFO] 5220       -195.7517      0.2236    216.27
[SPARC][INFO] 5240       -195.6301      0.1589    153.67
[SPARC][INFO] 5260       -195.5940      0.1919    185.62
[SPARC][INFO] 5280       -195.5501      0.1909    184.62
[SPARC][INFO] 5300       -195.6710      0.3417    330.47
[SPARC][INFO] 5320       -195.5663      0.2655    256.73
[SPARC][INFO] 5340       -195.5979      0.3237    313.06
[SPARC][INFO] 5360       -195.5006      0.2614    252.79
[SPARC][INFO] 5380       -195.7602      0.5351    517.46
[SPARC][INFO] 5400       -195.5954      0.3767    364.28
[SPARC][INFO] 5420       -195.5706      0.3539    342.21
[SPARC][INFO] 5440       -195.5416      0.3195    309.00
[SPARC][INFO] 5460       -195.5337      0.3028    292.86
[SPARC][INFO] 5480       -195.5001      0.2317    224.10
[SPARC][INFO] 5500       -195.7135      0.3951    382.04
[SPARC][INFO] 5520       -195.6243      0.2551    246.72
[SPARC][INFO] 5540       -195.7031      0.2877    278.18
[SPARC][INFO] 5560       -195.6567      0.2105    203.56
[SPARC][INFO] 5580       -195.7291      0.2701    261.19
[SPARC][INFO] 5600       -195.6089      0.1515    146.55
[SPARC][INFO] 5620       -195.6810      0.2279    220.43
[SPARC][INFO] 5640       -195.6340      0.1984    191.86
[SPARC][INFO] 5660       -195.7334      0.3155    305.11
[SPARC][INFO] 5680       -195.6178      0.2398    231.90
[SPARC][INFO] 5700       -195.6519      0.3533    341.64
[SPARC][INFO] 5720       -195.6069      0.4090    395.54
[SPARC][INFO] 5740       -195.6620      0.5213    504.14
[SPARC][INFO] 5760       -195.6551      0.5363    518.67
[SPARC][INFO] 5780       -195.5692      0.4386    424.12
[SPARC][INFO] 5800       -195.4299      0.2716    262.69
[SPARC][INFO] 5820       -195.6193      0.4285    414.34
[SPARC][INFO] 5840       -195.5219      0.2905    280.89
[SPARC][INFO] 5860       -195.5719      0.2989    289.03
[SPARC][INFO] 5880       -195.5169      0.2180    210.77
[SPARC][INFO] 5900       -195.6376      0.3142    303.83
[SPARC][INFO] 5920       -195.6950      0.3700    357.83
[SPARC][INFO] 5940       -195.6770      0.3318    320.85
[SPARC][INFO] 5960       -195.4897      0.1289    124.69
[SPARC][INFO] 5980       -195.5744      0.2013    194.69
[SPARC][INFO] 6000       -195.5824      0.2077    200.86
[SPARC][INFO] 6020       -195.6920      0.3198    309.24
[SPARC][INFO] 6040       -195.5986      0.2380    230.14
[SPARC][INFO] 6060       -195.5916      0.2451    237.05
[SPARC][INFO] 6080       -195.5084      0.2037    197.00
[SPARC][INFO] 6100       -195.6558      0.4086    395.17
[SPARC][INFO] 6120       -195.6072      0.4323    418.08
[SPARC][INFO] 6140       -195.5164      0.4075    394.04
[SPARC][INFO] 6160       -195.4523      0.3848    372.07
[SPARC][INFO] 6180       -195.5371      0.4847    468.74
[SPARC][INFO] 6200       -195.5017      0.4310    416.81
[SPARC][INFO] 6220       -195.6398      0.5342    516.56
[SPARC][INFO] 6240       -195.3913      0.2420    234.02
[SPARC][INFO] 6260       -195.5223      0.3376    326.43
[SPARC][INFO] 6280       -195.5646      0.3422    330.90
[SPARC][INFO] 6300       -195.5898      0.3312    320.29
[SPARC][INFO] 6320       -195.6778      0.3986    385.44
[SPARC][INFO] 6340       -195.5993      0.3077    297.58
[SPARC][INFO] 6360       -195.5544      0.2457    237.64
[SPARC][INFO] 6380       -195.6615      0.3731    360.84
[SPARC][INFO] 6400       -195.6044      0.3057    295.67
[SPARC][INFO] 6420       -195.4058      0.1130    109.30
[SPARC][INFO] 6440       -195.5999      0.3137    303.36
[SPARC][INFO] 6460       -195.7625      0.4743    458.64
[SPARC][INFO] 6480       -195.5806      0.2934    283.69
[SPARC][INFO] 6500       -195.5247      0.2415    233.58
[SPARC][INFO] 6520       -195.6105      0.3295    318.61
[SPARC][INFO] 6540       -195.5634      0.2820    272.70
[SPARC][INFO] 6560       -195.6529      0.3555    343.82
[SPARC][INFO] 6580       -195.6040      0.3036    293.59
[SPARC][INFO] 6600       -195.5135      0.2029    196.19
[SPARC][INFO] 6620       -195.4846      0.1571    151.94
[SPARC][INFO] 6640       -195.6754      0.3270    316.18
[SPARC][INFO] 6660       -195.6641      0.2968    286.98
[SPARC][INFO] 6680       -195.6174      0.2198    212.52
[SPARC][INFO] 6700       -195.5998      0.1717    166.02
[SPARC][INFO] 6720       -195.5679      0.1266    122.40
[SPARC][INFO] 6740       -195.6772      0.2280    220.46
[SPARC][INFO] 6760       -195.7091      0.2611    252.46
[SPARC][INFO] 6780       -195.5605      0.1229    118.83
[SPARC][INFO] 6800       -195.6198      0.2223    215.00
[SPARC][INFO] 6820       -195.7060      0.3960    382.97
[SPARC][INFO] 6840       -195.5934      0.3407    329.42
[SPARC][INFO] 6860       -195.6210      0.4188    405.00
[SPARC][INFO] 6880       -195.6289      0.4671    451.73
[SPARC][INFO] 6900       -195.4961      0.3403    329.10
[SPARC][INFO] 6920       -195.7095      0.5424    524.54
[SPARC][INFO] 6940       -195.5793      0.3826    370.01
[SPARC][INFO] 6960       -195.5201      0.2885    279.02
[SPARC][INFO] 6980       -195.5555      0.2945    284.77
[SPARC][INFO] 7000       -195.6349      0.3395    328.29
[SPARC][INFO] 7020       -195.6058      0.2850    275.56
[SPARC][INFO] 7040       -195.5295      0.1968    190.36
[SPARC][INFO] 7060       -195.5876      0.2543    245.95
[SPARC][INFO] 7080       -195.7163      0.3830    370.42
[SPARC][INFO] 7100       -195.5523      0.2214    214.11
[SPARC][INFO] 7120       -195.6257      0.3004    290.53
[SPARC][INFO] 7140       -195.5753      0.2642    255.51
[SPARC][INFO] 7160       -195.5640      0.2584    249.85
[SPARC][INFO] 7180       -195.6289      0.3386    327.44
[SPARC][INFO] 7200       -195.7297      0.4647    449.34
[SPARC][INFO] 7220       -195.5584      0.3359    324.85
[SPARC][INFO] 7240       -195.5976      0.4282    414.08
[SPARC][INFO] 7260       -195.4745      0.3463    334.88
[SPARC][INFO] 7280       -195.6024      0.5223    505.11
[SPARC][INFO] 7300       -195.5416      0.4397    425.21
[SPARC][INFO] 7320       -195.5071      0.3637    351.67
[SPARC][INFO] 7340       -195.6578      0.4243    410.30
[SPARC][INFO] 7360       -195.6328      0.3382    327.07
[SPARC][INFO] 7380       -195.6660      0.3045    294.42
[SPARC][INFO] 7400       -195.5623      0.1697    164.07
[SPARC][INFO] 7420       -195.6684      0.2515    243.18
[SPARC][INFO] 7440       -195.7223      0.2906    280.99
[SPARC][INFO] 7460       -195.6086      0.1765    170.65
[SPARC][INFO] 7480       -195.6346      0.2043    197.53
[SPARC][INFO] 7500       -195.6481      0.2367    228.87
[SPARC][INFO] 7520       -195.6952      0.3230    312.33
[SPARC][INFO] 7540       -195.6472      0.3100    299.77
[SPARC][INFO] 7560       -195.6390      0.3520    340.44
[SPARC][INFO] 7580       -195.5270      0.2952    285.47
[SPARC][INFO] 7600       -195.5409      0.3428    331.46
[SPARC][INFO] 7620       -195.6518      0.4736    458.01
[SPARC][INFO] 7640       -195.6903      0.5080    491.26
[SPARC][INFO] 7660       -195.4945      0.3027    292.74
[SPARC][INFO] 7680       -195.5257      0.2966    286.81
[SPARC][INFO] 7700       -195.5622      0.2969    287.08
[SPARC][INFO] 7720       -195.6434      0.3475    336.08
[SPARC][INFO] 7740       -195.5848      0.2627    254.06
[SPARC][INFO] 7760       -195.5080      0.1611    155.83
[SPARC][INFO] 7780       -195.4865      0.1198    115.82
[SPARC][INFO] 7800       -195.6367      0.2401    232.23
[SPARC][INFO] 7820       -195.6609      0.2369    229.14
[SPARC][INFO] 7840       -195.6869      0.2271    219.58
[SPARC][INFO] 7860       -195.6144      0.0979     94.68
[SPARC][INFO] 7880       -195.7038      0.1497    144.76
[SPARC][INFO] 7900       -195.6939      0.1296    125.31
[SPARC][INFO] 7920       -195.7390      0.1726    166.88
[SPARC][INFO] 7940       -195.6986      0.1458    140.96
[SPARC][INFO] 7960       -195.7096      0.1728    167.13
[SPARC][INFO] 7980       -195.6499      0.1475    142.59
[SPARC][INFO] 8000       -195.6450      0.1856    179.46
[SPARC][INFO] 8020       -195.6319      0.2120    205.00
[SPARC][INFO] 8040       -195.6552      0.2736    264.62
[SPARC][INFO] 8060       -195.4877      0.1439    139.19
[SPARC][INFO] 8080       -195.5995      0.2865    277.10
[SPARC][INFO] 8100       -195.5068      0.2319    224.28
[SPARC][INFO] 8120       -195.5595      0.3134    303.05
[SPARC][INFO] 8140       -195.5937      0.3773    364.83
[SPARC][INFO] 8160       -195.5228      0.3443    332.97
[SPARC][INFO] 8180       -195.4591      0.3088    298.64
[SPARC][INFO] 8200       -195.4678      0.3826    370.00
[SPARC][INFO] 8220       -195.3937      0.3349    323.89
[SPARC][INFO] 8240       -195.4009      0.3429    331.61
[SPARC][INFO] 8260       -195.3258      0.2600    251.43
[SPARC][INFO] 8280       -195.5075      0.4112    397.65
[SPARC][INFO] 8300       -195.4841      0.3453    333.97
[SPARC][INFO] 8320       -195.6367      0.4407    426.17
[SPARC][INFO] 8340       -195.5836      0.3246    313.93
[SPARC][INFO] 8360       -195.5496      0.2313    223.72
[SPARC][INFO] 8380       -195.6277      0.2677    258.92
[SPARC][INFO] 8400       -195.6228      0.2447    236.66
[SPARC][INFO] 8420       -195.5670      0.1838    177.71
[SPARC][INFO] 8440       -195.6464      0.2688    259.97
[SPARC][INFO] 8460       -195.7022      0.3354    324.35
[SPARC][INFO] 8480       -195.6385      0.2873    277.80
[SPARC][INFO] 8500       -195.6341      0.3008    290.93
[SPARC][INFO] 8520       -195.6921      0.3807    368.13
[SPARC][INFO] 8540       -195.6667      0.3848    372.15
[SPARC][INFO] 8560       -195.5435      0.2940    284.28
[SPARC][INFO] 8580       -195.5418      0.3095    299.33
[SPARC][INFO] 8600       -195.5361      0.3157    305.30
[SPARC][INFO] 8620       -195.5472      0.3345    323.46
[SPARC][INFO] 8640       -195.5506      0.3784    365.94
[SPARC][INFO] 8660       -195.5011      0.3489    337.42
[SPARC][INFO] 8680       -195.4992      0.3539    342.25
[SPARC][INFO] 8700       -195.6286      0.4853    469.33
[SPARC][INFO] 8720       -195.3198      0.1849    178.85
[SPARC][INFO] 8740       -195.4231      0.2831    273.79
[SPARC][INFO] 8760       -195.3687      0.2329    225.19
[SPARC][INFO] 8780       -195.4840      0.3401    328.91
[SPARC][INFO] 8800       -195.4464      0.2855    276.13
[SPARC][INFO] 8820       -195.4711      0.2885    278.96
[SPARC][INFO] 8840       -195.4973      0.3053    295.27
[SPARC][INFO] 8860       -195.4491      0.2559    247.47
[SPARC][INFO] 8880       -195.4860      0.2769    267.75
[SPARC][INFO] 8900       -195.4247      0.2116    204.58
[SPARC][INFO] 8920       -195.5936      0.3671    354.99
[SPARC][INFO] 8940       -195.5685      0.3372    326.04
[SPARC][INFO] 8960       -195.6445      0.4162    402.49
[SPARC][INFO] 8980       -195.4420      0.2234    216.03
[SPARC][INFO] 9000       -195.4319      0.2103    203.38
[SPARC][INFO] 9020       -195.4377      0.2193    212.12
[SPARC][INFO] 9040       -195.6173      0.3974    384.26
[SPARC][INFO] 9060       -195.4856      0.2804    271.12
[SPARC][INFO] 9080       -195.6284      0.4297    415.58
[SPARC][INFO] 9100       -195.5772      0.4151    401.42
[SPARC][INFO] 9120       -195.4157      0.2603    251.69
[SPARC][INFO] 9140       -195.4664      0.3203    309.76
[SPARC][INFO] 9160       -195.3922      0.2574    248.88
[SPARC][INFO] 9180       -195.5010      0.3749    362.53
[SPARC][INFO] 9200       -195.3726      0.2485    240.29
[SPARC][INFO] 9220       -195.6215      0.4825    466.62
[SPARC][INFO] 9240       -195.5073      0.3645    352.45
[SPARC][INFO] 9260       -195.6128      0.4509    436.08
[SPARC][INFO] 9280       -195.4300      0.2403    232.33
[SPARC][INFO] 9300       -195.5892      0.3593    347.42
[SPARC][INFO] 9320       -195.5106      0.2477    239.51
[SPARC][INFO] 9340       -195.5394      0.2492    240.95
[SPARC][INFO] 9360       -195.4612      0.1512    146.17
[SPARC][INFO] 9380       -195.5103      0.1804    174.48
[SPARC][INFO] 9400       -195.5581      0.2118    204.83
[SPARC][INFO] 9420       -195.5250      0.1724    166.75
[SPARC][INFO] 9440       -195.5426      0.1948    188.36
[SPARC][INFO] 9460       -195.5859      0.2569    248.41
[SPARC][INFO] 9480       -195.6650      0.3648    352.82
[SPARC][INFO] 9500       -195.5835      0.3350    323.98
[SPARC][INFO] 9520       -195.4795      0.3054    295.33
[SPARC][INFO] 9540       -195.5240      0.4147    401.00
[SPARC][INFO] 9560       -195.4881      0.4578    442.71
[SPARC][INFO] 9580       -195.4179      0.4081    394.67
[SPARC][INFO] 9600       -195.4093      0.3972    384.11
[SPARC][INFO] 9620       -195.3267      0.3065    296.39
[SPARC][INFO] 9640       -195.3644      0.3258    315.10
[SPARC][INFO] 9660       -195.3696      0.3051    295.08
[SPARC][INFO] 9680       -195.5050      0.4063    392.94
[SPARC][INFO] 9700       -195.5635      0.4224    408.45
[SPARC][INFO] 9720       -195.3807      0.2008    194.20
[SPARC][INFO] 9740       -195.4053      0.1879    181.75
[SPARC][INFO] 9760       -195.4708      0.2279    220.35
[SPARC][INFO] 9780       -195.5135      0.2509    242.62
[SPARC][INFO] 9800       -195.6305      0.3533    341.62
[SPARC][INFO] 9820       -195.5607      0.2737    264.66
[SPARC][INFO] 9840       -195.5431      0.2526    244.24
[SPARC][INFO] 9860       -195.6168      0.3300    319.09
[SPARC][INFO] 9880       -195.4975      0.2329    225.25
[SPARC][INFO] 9900       -195.5023      0.2965    286.68
[SPARC][INFO] 9920       -195.3509      0.2489    240.70
[SPARC][INFO] 9940       -195.4088      0.3998    386.66
[SPARC][INFO] 9960       -195.3344      0.3958    382.72
[SPARC][INFO] 9980       -195.2324      0.3349    323.83
[SPARC][INFO] 10000      -195.3023      0.4261    412.07
[SPARC][INFO] 10020      -195.4478      0.5917    572.19
[SPARC][INFO] 10040      -195.4092      0.5116    494.69
[SPARC][INFO] 10060      -195.4866      0.5223    505.08
[SPARC][INFO] 10080      -195.3756      0.3253    314.56
[SPARC][INFO] 10100      -195.4078      0.2914    281.84
[SPARC][INFO] 10120      -195.5015      0.3362    325.16
[SPARC][INFO] 10140      -195.3991      0.2068    200.03
[SPARC][INFO] 10160      -195.5160      0.2977    287.86
[SPARC][INFO] 10180      -195.4888      0.2535    245.10
[SPARC][INFO] 10200      -195.5628      0.3188    308.29
[SPARC][INFO] 10220      -195.5202      0.2767    267.62
[SPARC][INFO] 10240      -195.5047      0.2670    258.23
[SPARC][INFO] 10260      -195.4903      0.2596    251.04
[SPARC][INFO] 10280      -195.5759      0.3593    347.49
[SPARC][INFO] 10300      -195.5355      0.3384    327.21
[SPARC][INFO] 10320      -195.5234      0.3651    353.11
[SPARC][INFO] 10340      -195.2963      0.2135    206.51
[SPARC][INFO] 10360      -195.3784      0.3691    356.95
[SPARC][INFO] 10380      -195.5469      0.6041    584.17
[SPARC][INFO] 10400      -195.3474      0.4541    439.15
[SPARC][INFO] 10420      -195.3819      0.5174    500.37
[SPARC][INFO] 10440      -195.2463      0.3864    373.64
[SPARC][INFO] 10460      -195.3377      0.4634    448.11
[SPARC][INFO] 10480      -195.3191      0.3745    362.18
[SPARC][INFO] 10500      -195.3678      0.3365    325.39
[SPARC][INFO] 10520      -195.4492      0.3596    347.76
[SPARC][INFO] 10540      -195.4950      0.3756    363.26
[SPARC][INFO] 10560      -195.3902      0.2569    248.43
[SPARC][INFO] 10580      -195.5368      0.3918    378.92
[SPARC][INFO] 10600      -195.4683      0.3062    296.13
[SPARC][INFO] 10620      -195.4989      0.3220    311.43
[SPARC][INFO] 10640      -195.5272      0.3449    333.49
[SPARC][INFO] 10660      -195.2922      0.1099    106.24
[SPARC][INFO] 10680      -195.4869      0.3051    295.00
[SPARC][INFO] 10700      -195.6030      0.4262    412.14
[SPARC][INFO] 10720      -195.4793      0.3123    301.99
[SPARC][INFO] 10740      -195.3865      0.2333    225.57
[SPARC][INFO] 10760      -195.3189      0.1738    168.09
[SPARC][INFO] 10780      -195.5259      0.3889    376.10
[SPARC][INFO] 10800      -195.6177      0.5068    490.13
[SPARC][INFO] 10820      -195.3889      0.3156    305.15
[SPARC][INFO] 10840      -195.5477      0.5102    493.40
[SPARC][INFO] 10860      -195.3940      0.3940    381.03
[SPARC][INFO] 10880      -195.2463      0.2644    255.67
[SPARC][INFO] 10900      -195.3839      0.4165    402.74
[SPARC][INFO] 10920      -195.3344      0.3814    368.80
[SPARC][INFO] 10940      -195.4094      0.4276    413.50
[SPARC][INFO] 10960      -195.4915      0.4494    434.56
[SPARC][INFO] 10980      -195.4360      0.3327    321.70
[SPARC][INFO] 11000      -195.4805      0.3102    299.96
[SPARC][INFO] 11020      -195.4726      0.2619    253.27
[SPARC][INFO] 11040      -195.5006      0.2518    243.49
[SPARC][INFO] 11060      -195.5140      0.2428    234.84
[SPARC][INFO] 11080      -195.3942      0.1147    110.88
[SPARC][INFO] 11100      -195.5950      0.3123    302.03
[SPARC][INFO] 11120      -195.5618      0.2877    278.26
[SPARC][INFO] 11140      -195.5924      0.3269    316.15
[SPARC][INFO] 11160      -195.5602      0.3132    302.84
[SPARC][INFO] 11180      -195.4428      0.2224    215.09
[SPARC][INFO] 11200      -195.5969      0.4129    399.30
[SPARC][INFO] 11220      -195.4562      0.3313    320.37
[SPARC][INFO] 11240      -195.3624      0.2861    276.68
[SPARC][INFO] 11260      -195.4160      0.4019    388.64
[SPARC][INFO] 11280      -195.2980      0.3342    323.16
[SPARC][INFO] 11300      -195.3203      0.3941    381.08
[SPARC][INFO] 11320      -195.4530      0.5423    524.38
[SPARC][INFO] 11340      -195.3124      0.3801    367.57
[SPARC][INFO] 11360      -195.5610      0.5496    531.48
[SPARC][INFO] 11380      -195.4130      0.2762    267.13
[SPARC][INFO] 11400      -195.4837      0.2410    233.02
[SPARC][INFO] 11420      -195.5523      0.2736    264.62
[SPARC][INFO] 11440      -195.5631      0.2692    260.34
[SPARC][INFO] 11460      -195.6251      0.3306    319.74
[SPARC][INFO] 11480      -195.5136      0.2298    222.22
[SPARC][INFO] 11500      -195.4674      0.1990    192.42
[SPARC][INFO] 11520      -195.5021      0.2526    244.28
[SPARC][INFO] 11540      -195.4057      0.1807    174.74
[SPARC][INFO] 11560      -195.5559      0.3663    354.26
[SPARC][INFO] 11580      -195.4615      0.3271    316.33
[SPARC][INFO] 11600      -195.3298      0.2486    240.36
[SPARC][INFO] 11620      -195.4480      0.4128    399.23
[SPARC][INFO] 11640      -195.5003      0.4877    471.65
[SPARC][INFO] 11660      -195.2577      0.2719    262.93
[SPARC][INFO] 11680      -195.4038      0.4168    403.05
[SPARC][INFO] 11700      -195.4488      0.4564    441.36
[SPARC][INFO] 11720      -195.5234      0.5042    487.60
[SPARC][INFO] 11740      -195.5680      0.5136    496.71
[SPARC][INFO] 11760      -195.3507      0.2432    235.15
[SPARC][INFO] 11780      -195.3127      0.1581    152.86
[SPARC][INFO] 11800      -195.3626      0.1588    153.56
[SPARC][INFO] 11820      -195.4896      0.2739    264.92
[SPARC][INFO] 11840      -195.4607      0.2150    207.93
[SPARC][INFO] 11860      -195.4870      0.2232    215.85
[SPARC][INFO] 11880      -195.5349      0.2703    261.38
[SPARC][INFO] 11900      -195.5505      0.2932    283.54
[SPARC][INFO] 11920      -195.5714      0.3214    310.81
[SPARC][INFO] 11940      -195.5264      0.2826    273.29
[SPARC][INFO] 11960      -195.5173      0.2839    274.58
[SPARC][INFO] 11980      -195.5142      0.2977    287.91
[SPARC][INFO] 12000      -195.4756      0.2797    270.53
[SPARC][INFO] 12020      -195.4260      0.2501    241.87
[SPARC][INFO] 12040      -195.4049      0.2280    220.48
[SPARC][INFO] 12060      -195.5173      0.3498    338.27
[SPARC][INFO] 12080      -195.4863      0.3403    329.10
[SPARC][INFO] 12100      -195.5770      0.4451    430.39
[SPARC][INFO] 12120      -195.4280      0.3106    300.33
[SPARC][INFO] 12140      -195.3140      0.2021    195.41
[SPARC][INFO] 12160      -195.3179      0.2205    213.27
[SPARC][INFO] 12180      -195.5417      0.4470    432.27
[SPARC][INFO] 12200      -195.5942      0.5138    496.85
[SPARC][INFO] 12220      -195.4439      0.4017    388.45
[SPARC][INFO] 12240      -195.3011      0.2942    284.48
[SPARC][INFO] 12260      -195.3263      0.3757    363.33
[SPARC][INFO] 12280      -195.3560      0.5040    487.42
[SPARC][INFO] 12300      -195.2251      0.4448    430.10
[SPARC][INFO] 12320      -195.1316      0.3981    384.97
[SPARC][INFO] 12340      -195.2866      0.5420    524.11
[SPARC][INFO] 12360      -195.2376      0.4535    438.56
[SPARC][INFO] 12380      -195.0889      0.2369    229.08
[SPARC][INFO] 12400      -195.1853      0.2458    237.65
[SPARC][INFO] 12420      -195.2850      0.2721    263.16
[SPARC][INFO] 12440      -195.5246      0.4445    429.83
[SPARC][INFO] 12460      -195.4975      0.3742    361.86
[SPARC][INFO] 12480      -195.2926      0.1494    144.43
[SPARC][INFO] 12500      -195.4107      0.2498    241.56
[SPARC][INFO] 12520      -195.5031      0.3292    318.40
[SPARC][INFO] 12540      -195.5035      0.3196    309.08
[SPARC][INFO] 12560      -195.4657      0.2783    269.13
[SPARC][INFO] 12580      -195.4938      0.3073    297.15
[SPARC][INFO] 12600      -195.5534      0.3722    359.89
[SPARC][INFO] 12620      -195.6386      0.4690    453.55
[SPARC][INFO] 12640      -195.5053      0.3605    348.63
[SPARC][INFO] 12660      -195.4110      0.2990    289.12
[SPARC][INFO] 12680      -195.3781      0.3027    292.74
[SPARC][INFO] 12700      -195.3806      0.3742    361.88
[SPARC][INFO] 12720      -195.3131      0.3749    362.59
[SPARC][INFO] 12740      -195.3511      0.4984    481.93
[SPARC][INFO] 12760      -195.2107      0.3906    377.76
[SPARC][INFO] 12780      -195.3927      0.5700    551.18
[SPARC][INFO] 12800      -195.2480      0.4444    429.78
[SPARC][INFO] 12820      -195.1975      0.3431    331.77
[SPARC][INFO] 12840      -195.4610      0.5016    485.08
[SPARC][INFO] 12860      -195.3452      0.2896    280.07
[SPARC][INFO] 12880      -195.4031      0.2780    268.84
[SPARC][INFO] 12900      -195.5323      0.3820    369.43
[SPARC][INFO] 12920      -195.5179      0.3493    337.80
[SPARC][INFO] 12940      -195.3912      0.2103    203.38
[SPARC][INFO] 12960      -195.4282      0.2415    233.55
[SPARC][INFO] 12980      -195.4196      0.2409    232.98
[SPARC][INFO] 13000      -195.4259      0.2545    246.07
[SPARC][INFO] 13020      -195.3864      0.2314    223.78
[SPARC][INFO] 13040      -195.4997      0.3661    354.00
[SPARC][INFO] 13060      -195.5610      0.4470    432.30
[SPARC][INFO] 13080      -195.4785      0.3915    378.61
[SPARC][INFO] 13100      -195.3518      0.3039    293.93
[SPARC][INFO] 13120      -195.4648      0.4603    445.18
[SPARC][INFO] 13140      -195.3221      0.3677    355.61
[SPARC][INFO] 13160      -195.3429      0.4148    401.15
[SPARC][INFO] 13180      -195.2449      0.3483    336.81
[SPARC][INFO] 13200      -195.1950      0.3572    345.43
[SPARC][INFO] 13220      -195.1346      0.2995    289.66
[SPARC][INFO] 13240      -195.2445      0.3724    360.13
[SPARC][INFO] 13260      -195.3505      0.3823    369.66
[SPARC][INFO] 13280      -195.3713      0.3381    326.93
[SPARC][INFO] 13300      -195.3606      0.2595    250.92
[SPARC][INFO] 13320      -195.4624      0.3174    306.91
[SPARC][INFO] 13340      -195.4276      0.2622    253.53
[SPARC][INFO] 13360      -195.4846      0.2999    290.01
[SPARC][INFO] 13380      -195.3838      0.1982    191.71
[SPARC][INFO] 13400      -195.4161      0.2183    211.15
[SPARC][INFO] 13420      -195.4546      0.2572    248.77
[SPARC][INFO] 13440      -195.4009      0.2115    204.49
[SPARC][INFO] 13460      -195.3812      0.2040    197.24
[SPARC][INFO] 13480      -195.4146      0.2768    267.63
[SPARC][INFO] 13500      -195.4385      0.3532    341.56
[SPARC][INFO] 13520      -195.4126      0.3886    375.75
[SPARC][INFO] 13540      -195.1438      0.1744    168.61
[SPARC][INFO] 13560      -195.2338      0.3349    323.88
[SPARC][INFO] 13580      -195.4660      0.6113    591.20
[SPARC][INFO] 13600      -195.2248      0.3946    381.60
[SPARC][INFO] 13620      -195.1408      0.3093    299.10
[SPARC][INFO] 13640      -195.2556      0.3997    386.50
[SPARC][INFO] 13660      -195.3693      0.4089    395.44
[SPARC][INFO] 13680      -195.3571      0.3111    300.88
[SPARC][INFO] 13700      -195.4439      0.3435    332.18
[SPARC][INFO] 13720      -195.4842      0.3402    329.01
[SPARC][INFO] 13740      -195.4288      0.2648    256.09
[SPARC][INFO] 13760      -195.4248      0.2647    256.02
[SPARC][INFO] 13780      -195.4695      0.3225    311.85
[SPARC][INFO] 13800      -195.4519      0.3199    309.39
[SPARC][INFO] 13820      -195.3871      0.2587    250.14
[SPARC][INFO] 13840      -195.3489      0.2362    228.38
[SPARC][INFO] 13860      -195.4255      0.3321    321.14
[SPARC][INFO] 13880      -195.4044      0.3204    309.80
[SPARC][INFO] 13900      -195.3825      0.2993    289.43
[SPARC][INFO] 13920      -195.4611      0.3795    366.98
[SPARC][INFO] 13940      -195.5123      0.4159    402.21
[SPARC][INFO] 13960      -195.4410      0.3298    318.95
[SPARC][INFO] 13980      -195.4737      0.3391    327.90
[SPARC][INFO] 14000      -195.5109      0.3427    331.44
[SPARC][INFO] 14020      -195.4966      0.3026    292.59
[SPARC][INFO] 14040      -195.4498      0.2329    225.27
[SPARC][INFO] 14060      -195.5583      0.3237    313.05
[SPARC][INFO] 14080      -195.5001      0.2516    243.29
[SPARC][INFO] 14100      -195.4679      0.2438    235.79
[SPARC][INFO] 14120      -195.4677      0.2313    223.70
[SPARC][INFO] 14140      -195.4254      0.1929    186.59
[SPARC][INFO] 14160      -195.3434      0.1364    131.94
[SPARC][INFO] 14180      -195.3514      0.1923    185.92
[SPARC][INFO] 14200      -195.2799      0.1711    165.48
[SPARC][INFO] 14220      -195.3725      0.3289    318.08
[SPARC][INFO] 14240      -195.4711      0.4838    467.81
[SPARC][INFO] 14260      -195.3268      0.3723    360.00
[SPARC][INFO] 14280      -195.2482      0.3069    296.80
[SPARC][INFO] 14300      -195.2083      0.2936    283.96
[SPARC][INFO] 14320      -195.2798      0.3484    336.94
[SPARC][INFO] 14340      -195.2985      0.3504    338.89
[SPARC][INFO] 14360      -195.3699      0.3713    359.10
[SPARC][INFO] 14380      -195.4762      0.4428    428.21
[SPARC][INFO] 14400      -195.4817      0.4121    398.54
[SPARC][INFO] 14420      -195.2947      0.2040    197.32
[SPARC][INFO] 14440      -195.3442      0.2122    205.21
[SPARC][INFO] 14460      -195.3809      0.2100    203.09
[SPARC][INFO] 14480      -195.3383      0.1385    133.92
[SPARC][INFO] 14500      -195.3740      0.1532    148.11
[SPARC][INFO] 14520      -195.4440      0.2133    206.30
[SPARC][INFO] 14540      -195.5081      0.2695    260.60
[SPARC][INFO] 14560      -195.3811      0.1805    174.56
[SPARC][INFO] 14580      -195.3125      0.1261    121.98
[SPARC][INFO] 14600      -195.2966      0.1490    144.05
[SPARC][INFO] 14620      -195.2213      0.1185    114.62
[SPARC][INFO] 14640      -195.2825      0.2364    228.57
[SPARC][INFO] 14660      -195.4454      0.4506    435.73
[SPARC][INFO] 14680      -195.4974      0.5648    546.23
[SPARC][INFO] 14700      -195.4659      0.5633    544.75
[SPARC][INFO] 14720      -195.3594      0.4668    451.38
[SPARC][INFO] 14740      -195.1839      0.3079    297.76
[SPARC][INFO] 14760      -195.1856      0.2990    289.10
[SPARC][INFO] 14780      -195.1985      0.2892    279.65
[SPARC][INFO] 14800      -195.1810      0.2344    226.71
[SPARC][INFO] 14820      -195.2679      0.2964    286.67
[SPARC][INFO] 14840      -195.2930      0.2733    264.34
[SPARC][INFO] 14860      -195.2788      0.2329    225.20
[SPARC][INFO] 14880      -195.3544      0.2532    244.84
[SPARC][INFO] 14900      -195.4158      0.2939    284.22
[SPARC][INFO] 14920      -195.3937      0.2342    226.48
[SPARC][INFO] 14940      -195.3408      0.1556    150.46
[SPARC][INFO] 14960      -195.3771      0.1737    167.99
[SPARC][INFO] 14980      -195.4221      0.2113    204.36
[SPARC][INFO] 15000      -195.4016      0.1895    183.22
[SPARC][INFO] 15020      -195.3362      0.1666    161.15
[SPARC][INFO] 15040      -195.3965      0.2705    261.55
[SPARC][INFO] 15060      -195.2799      0.2494    241.15
[SPARC][INFO] 15080      -195.1992      0.2564    247.91
[SPARC][INFO] 15100      -195.3631      0.4956    479.29
[SPARC][INFO] 15120      -195.1945      0.3830    370.33
[SPARC][INFO] 15140      -195.2761      0.4779    462.18
[SPARC][INFO] 15160      -195.1962      0.3879    375.10
[SPARC][INFO] 15180      -195.2292      0.3676    355.51
[SPARC][INFO] 15200      -195.3631      0.4421    427.57
[SPARC][INFO] 15220      -195.4333      0.4687    453.24
[SPARC][INFO] 15240      -195.2925      0.2827    273.39
[SPARC][INFO] 15260      -195.3969      0.3439    332.59
[SPARC][INFO] 15280      -195.5593      0.4547    439.69
[SPARC][INFO] 15300      -195.4431      0.3157    305.31
[SPARC][INFO] 15320      -195.4903      0.3482    336.71
[SPARC][INFO] 15340      -195.4191      0.2698    260.87
[SPARC][INFO] 15360      -195.4426      0.3047    294.66
[SPARC][INFO] 15380      -195.3716      0.2573    248.79
[SPARC][INFO] 15400      -195.2822      0.1756    169.78
[SPARC][INFO] 15420      -195.4579      0.3496    338.10
[SPARC][INFO] 15440      -195.4612      0.3645    352.47
[SPARC][INFO] 15460      -195.3023      0.2813    272.00
[SPARC][INFO] 15480      -195.4331      0.4956    479.27
[SPARC][INFO] 15500      -195.3215      0.5063    489.59
[SPARC][INFO] 15520      -195.2703      0.5530    534.74
[SPARC][INFO] 15540      -195.0605      0.3983    385.13
[SPARC][INFO] 15560      -195.2043      0.5445    526.54
[SPARC][INFO] 15580      -195.2913      0.5614    542.87
[SPARC][INFO] 15600      -195.0638      0.2777    268.50
[SPARC][INFO] 15620      -195.3223      0.4549    439.87
[SPARC][INFO] 15640      -195.3137      0.3873    374.52
[SPARC][INFO] 15660      -195.2190      0.2600    251.45
[SPARC][INFO] 15680      -195.2945      0.3008    290.88
[SPARC][INFO] 15700      -195.3343      0.3066    296.46
[SPARC][INFO] 15720      -195.4906      0.4351    420.80
[SPARC][INFO] 15740      -195.4480      0.3625    350.57
[SPARC][INFO] 15760      -195.2915      0.1892    183.01
[SPARC][INFO] 15780      -195.3604      0.2397    231.76
[SPARC][INFO] 15800      -195.3898      0.2572    248.71
[SPARC][INFO] 15820      -195.4709      0.3221    311.46
[SPARC][INFO] 15840      -195.4710      0.3128    302.53
[SPARC][INFO] 15860      -195.3883      0.2277    220.23
[SPARC][INFO] 15880      -195.4015      0.2515    243.17
[SPARC][INFO] 15900      -195.3923      0.2748    265.72
[SPARC][INFO] 15920      -195.4500      0.4206    406.78
[SPARC][INFO] 15940      -195.3521      0.3860    373.25
[SPARC][INFO] 15960      -195.2970      0.3897    376.90
[SPARC][INFO] 15980      -195.3214      0.4577    442.59
[SPARC][INFO] 16000      -195.1634      0.3574    345.67
[SPARC][INFO] 16020      -195.2784      0.5008    484.26
[SPARC][INFO] 16040      -195.1568      0.3523    340.72
[SPARC][INFO] 16060      -195.2393      0.3962    383.12
[SPARC][INFO] 16080      -195.4055      0.4882    472.16
[SPARC][INFO] 16100      -195.4142      0.3937    380.70
[SPARC][INFO] 16120      -195.3833      0.2899    280.30
[SPARC][INFO] 16140      -195.4122      0.2824    273.05
[SPARC][INFO] 16160      -195.2684      0.1353    130.81
[SPARC][INFO] 16180      -195.3085      0.1732    167.54
[SPARC][INFO] 16200      -195.4352      0.3047    294.69
[SPARC][INFO] 16220      -195.4331      0.2968    287.01
[SPARC][INFO] 16240      -195.3903      0.2675    258.65
[SPARC][INFO] 16260      -195.3760      0.2642    255.51
[SPARC][INFO] 16280      -195.2636      0.1804    174.50
[SPARC][INFO] 16300      -195.3552      0.2996    289.74
[SPARC][INFO] 16320      -195.2953      0.2794    270.16
[SPARC][INFO] 16340      -195.3564      0.3794    366.87
[SPARC][INFO] 16360      -195.4230      0.4861    470.13
[SPARC][INFO] 16380      -195.2198      0.3493    337.78
[SPARC][INFO] 16400      -195.2015      0.3468    335.36
[SPARC][INFO] 16420      -195.3081      0.4645    449.24
[SPARC][INFO] 16440      -195.2919      0.4282    414.07
[SPARC][INFO] 16460      -195.1560      0.2482    240.05
[SPARC][INFO] 16480      -195.2873      0.3011    291.15
[SPARC][INFO] 16500      -195.2743      0.2037    196.97
[SPARC][INFO] 16520      -195.3390      0.2077    200.85
[SPARC][INFO] 16540      -195.4323      0.2730    263.98
[SPARC][INFO] 16560      -195.3467      0.1774    171.56
[SPARC][INFO] 16580      -195.4105      0.2397    231.78
[SPARC][INFO] 16600      -195.4174      0.2555    247.05
[SPARC][INFO] 16620      -195.4044      0.2657    256.97
[SPARC][INFO] 16640      -195.4909      0.3713    359.05
[SPARC][INFO] 16660      -195.4388      0.3455    334.13
[SPARC][INFO] 16680      -195.2953      0.2388    230.92
[SPARC][INFO] 16700      -195.2618      0.2367    228.90
[SPARC][INFO] 16720      -195.3131      0.3424    331.09
[SPARC][INFO] 16740      -195.2939      0.3542    342.55
[SPARC][INFO] 16760      -195.3827      0.4570    441.92
[SPARC][INFO] 16780      -195.4689      0.5510    532.81
[SPARC][INFO] 16800      -195.2846      0.3623    350.38
[SPARC][INFO] 16820      -195.3752      0.4308    416.62
[SPARC][INFO] 16840      -195.4956      0.4775    461.78
[SPARC][INFO] 16860      -195.3763      0.2441    236.03
[SPARC][INFO] 16880      -195.3320      0.1438    139.03
[SPARC][INFO] 16900      -195.3699      0.1528    147.78
[SPARC][INFO] 16920      -195.3537      0.1289    124.64
[SPARC][INFO] 16940      -195.4202      0.1979    191.35
[SPARC][INFO] 16960      -195.5290      0.3181    307.66
[SPARC][INFO] 16980      -195.4839      0.3022    292.29
[SPARC][INFO] 17000      -195.4649      0.3176    307.12
[SPARC][INFO] 17020      -195.3984      0.2914    281.83
[SPARC][INFO] 17040      -195.2341      0.1740    168.26
[SPARC][INFO] 17060      -195.2786      0.2629    254.27
[SPARC][INFO] 17080      -195.2709      0.2928    283.11
[SPARC][INFO] 17100      -195.2691      0.3106    300.33
[SPARC][INFO] 17120      -195.1665      0.2270    219.51
[SPARC][INFO] 17140      -195.3258      0.3900    377.14
[SPARC][INFO] 17160      -195.3706      0.4301    415.90
[SPARC][INFO] 17180      -195.2122      0.2532    244.86
[SPARC][INFO] 17200      -195.4369      0.4519    436.97
[SPARC][INFO] 17220      -195.3967      0.3820    369.37
[SPARC][INFO] 17240      -195.3209      0.2680    259.19
[SPARC][INFO] 17260      -195.3077      0.2141    207.07
[SPARC][INFO] 17280      -195.3436      0.2300    222.47
[SPARC][INFO] 17300      -195.4068      0.2503    242.02
[SPARC][INFO] 17320      -195.4753      0.2602    251.59
[SPARC][INFO] 17340      -195.4645      0.2004    193.77
[SPARC][INFO] 17360      -195.4766      0.1895    183.24
[SPARC][INFO] 17380      -195.4907      0.1958    189.35
[SPARC][INFO] 17400      -195.4901      0.1952    188.72
[SPARC][INFO] 17420      -195.4259      0.1444    139.67
[SPARC][INFO] 17440      -195.4094      0.1495    144.62
[SPARC][INFO] 17460      -195.4305      0.1911    184.81
[SPARC][INFO] 17480      -195.4583      0.2365    228.72
[SPARC][INFO] 17500      -195.4653      0.2509    242.67
[SPARC][INFO] 17520      -195.4495      0.2535    245.10
[SPARC][INFO] 17540      -195.4323      0.2698    260.87
[SPARC][INFO] 17560      -195.4131      0.2946    284.85
[SPARC][INFO] 17580      -195.3135      0.2453    237.21
[SPARC][INFO] 17600      -195.2892      0.2557    247.26
[SPARC][INFO] 17620      -195.2976      0.3060    295.93
[SPARC][INFO] 17640      -195.3727      0.4176    403.82
[SPARC][INFO] 17660      -195.3594      0.4145    400.79
[SPARC][INFO] 17680      -195.2720      0.3364    325.29
[SPARC][INFO] 17700      -195.4100      0.4672    451.83
[SPARC][INFO] 17720      -195.3276      0.3778    365.33
[SPARC][INFO] 17740      -195.2369      0.2937    284.06
[SPARC][INFO] 17760      -195.2561      0.2764    267.32
[SPARC][INFO] 17780      -195.4298      0.4012    387.93
[SPARC][INFO] 17800      -195.4166      0.3277    316.87
[SPARC][INFO] 17820      -195.3316      0.2000    193.43
[SPARC][INFO] 17840      -195.4378      0.2736    264.56
[SPARC][INFO] 17860      -195.3238      0.1397    135.10
[SPARC][INFO] 17880      -195.4330      0.2335    225.76
[SPARC][INFO] 17900      -195.4522      0.2544    245.99
[SPARC][INFO] 17920      -195.3720      0.1807    174.72
[SPARC][INFO] 17940      -195.3251      0.1476    142.75
[SPARC][INFO] 17960      -195.3850      0.2314    223.73
[SPARC][INFO] 17980      -195.3522      0.2338    226.10
[SPARC][INFO] 18000      -195.3452      0.2561    247.64
[SPARC][INFO] 18020      -195.2867      0.2153    208.22
[SPARC][INFO] 18040      -195.3935      0.3320    321.07
[SPARC][INFO] 18060      -195.3846      0.3376    326.50
[SPARC][INFO] 18080      -195.3598      0.3285    317.69
[SPARC][INFO] 18100      -195.3183      0.3049    294.81
[SPARC][INFO] 18120      -195.3282      0.3338    322.77
[SPARC][INFO] 18140      -195.2808      0.3029    292.92
[SPARC][INFO] 18160      -195.2091      0.2441    236.07
[SPARC][INFO] 18180      -195.1088      0.1604    155.10
[SPARC][INFO] 18200      -195.3219      0.4039    390.56
[SPARC][INFO] 18220      -195.4271      0.5274    509.99
[SPARC][INFO] 18240      -195.1985      0.3261    315.40
[SPARC][INFO] 18260      -195.2002      0.3411    329.82
[SPARC][INFO] 18280      -195.3168      0.4455    430.82
[SPARC][INFO] 18300      -195.2549      0.3638    351.86
[SPARC][INFO] 18320      -195.2119      0.3011    291.17
[SPARC][INFO] 18340      -195.3448      0.3842    371.49
[SPARC][INFO] 18360      -195.2951      0.2776    268.49
[SPARC][INFO] 18380      -195.4721      0.3942    381.21
[SPARC][INFO] 18400      -195.3355      0.2098    202.89
[SPARC][INFO] 18420      -195.3686      0.2182    211.05
[SPARC][INFO] 18440      -195.3229      0.1627    157.34
[SPARC][INFO] 18460      -195.4497      0.2821    272.79
[SPARC][INFO] 18480      -195.4523      0.2889    279.35
[SPARC][INFO] 18500      -195.3262      0.1747    168.95
[SPARC][INFO] 18520      -195.3264      0.1977    191.21
[SPARC][INFO] 18540      -195.4376      0.3403    329.05
[SPARC][INFO] 18560      -195.3775      0.3322    321.24
[SPARC][INFO] 18580      -195.3735      0.3737    361.38
[SPARC][INFO] 18600      -195.2571      0.3038    293.82
[SPARC][INFO] 18620      -195.2734      0.3706    358.41
[SPARC][INFO] 18640      -195.3784      0.5223    505.11
[SPARC][INFO] 18660      -195.2144      0.3747    362.34
[SPARC][INFO] 18680      -195.2694      0.4152    401.55
[SPARC][INFO] 18700      -195.2294      0.3587    346.87
[SPARC][INFO] 18720      -195.3101      0.4189    405.14
[SPARC][INFO] 18740      -195.3187      0.4124    398.84
[SPARC][INFO] 18760      -195.1263      0.2051    198.36
[SPARC][INFO] 18780      -195.2274      0.2726    263.60
[SPARC][INFO] 18800      -195.3569      0.3504    338.87
[SPARC][INFO] 18820      -195.3906      0.3546    342.96
[SPARC][INFO] 18840      -195.2731      0.2090    202.09
[SPARC][INFO] 18860      -195.3116      0.2323    224.63
[SPARC][INFO] 18880      -195.5117      0.4077    394.24
[SPARC][INFO] 18900      -195.3989      0.2867    277.25
[SPARC][INFO] 18920      -195.3378      0.2240    216.64
[SPARC][INFO] 18940      -195.3836      0.2604    251.84
[SPARC][INFO] 18960      -195.3414      0.2210    213.72
[SPARC][INFO] 18980      -195.2753      0.1552    150.08
[SPARC][INFO] 19000      -195.3911      0.2800    270.73
[SPARC][INFO] 19020      -195.3839      0.3066    296.49
[SPARC][INFO] 19040      -195.2759      0.2491    240.87
[SPARC][INFO] 19060      -195.2681      0.2974    287.56
[SPARC][INFO] 19080      -195.2048      0.2837    274.33
[SPARC][INFO] 19100      -195.1460      0.3142    303.81
[SPARC][INFO] 19120      -195.2216      0.4311    416.89
[SPARC][INFO] 19140      -195.2416      0.4724    456.79
[SPARC][INFO] 19160      -195.0348      0.2687    259.85
[SPARC][INFO] 19180      -195.2161      0.4278    413.67
[SPARC][INFO] 19200      -195.2971      0.4690    453.52
[SPARC][INFO] 19220      -195.1690      0.3023    292.31
[SPARC][INFO] 19240      -195.1825      0.2524    244.10
[SPARC][INFO] 19260      -195.3718      0.3806    368.10
[SPARC][INFO] 19280      -195.3615      0.3065    296.36
[SPARC][INFO] 19300      -195.2917      0.2204    213.15
[SPARC][INFO] 19320      -195.4397      0.3417    330.46
[SPARC][INFO] 19340      -195.3546      0.2439    235.82
[SPARC][INFO] 19360      -195.3256      0.2135    206.45
[SPARC][INFO] 19380      -195.3161      0.2108    203.89
[SPARC][INFO] 19400      -195.3351      0.2362    228.46
[SPARC][INFO] 19420      -195.4216      0.3322    321.22
[SPARC][INFO] 19440      -195.3540      0.2834    274.01
[SPARC][INFO] 19460      -195.2501      0.2039    197.18
[SPARC][INFO] 19480      -195.2671      0.2413    233.33
[SPARC][INFO] 19500      -195.2540      0.2582    249.68
[SPARC][INFO] 19520      -195.2540      0.2902    280.59
[SPARC][INFO] 19540      -195.1650      0.2202    212.97
[SPARC][INFO] 19560      -195.2369      0.3575    345.68
[SPARC][INFO] 19580      -195.1232      0.2534    245.05
[SPARC][INFO] 19600      -195.2297      0.3616    349.73
[SPARC][INFO] 19620      -195.2552      0.3622    350.24
[SPARC][INFO] 19640      -195.2260      0.3065    296.42
[SPARC][INFO] 19660      -195.2802      0.3468    335.40
[SPARC][INFO] 19680      -195.2759      0.3098    299.60
[SPARC][INFO] 19700      -195.1580      0.1805    174.54
[SPARC][INFO] 19720      -195.2043      0.2184    211.19
[SPARC][INFO] 19740      -195.2773      0.2894    279.82
[SPARC][INFO] 19760      -195.3706      0.3735    361.21
[SPARC][INFO] 19780      -195.3026      0.3162    305.83
[SPARC][INFO] 19800      -195.3255      0.3284    317.57
[SPARC][INFO] 19820      -195.3051      0.3130    302.64
[SPARC][INFO] 19840      -195.2805      0.2949    285.19
[SPARC][INFO] 19860      -195.3055      0.3097    299.48
[SPARC][INFO] 19880      -195.3886      0.3866    373.86
[SPARC][INFO] 19900      -195.2877      0.2835    274.18
[SPARC][INFO] 19920      -195.3647      0.3513    339.71
[SPARC][INFO] 19940      -195.3414      0.3200    309.42
[SPARC][INFO] 19960      -195.2383      0.2028    196.13
[SPARC][INFO] 19980      -195.3777      0.3397    328.46
[SPARC][INFO] 20000      -195.4136      0.3641    352.10
[SPARC][INFO] 20020      -195.3323      0.3008    290.85
[SPARC][INFO] 20040      -195.1844      0.1529    147.88
[SPARC][INFO] 20060      -195.4400      0.4060    392.65
[SPARC][INFO] 20080      -195.3686      0.3421    330.80
[SPARC][INFO] 20100      -195.2421      0.2123    205.33
[SPARC][INFO] 20120      -195.2995      0.2772    268.05
[SPARC][INFO] 20140      -195.3487      0.3421    330.78
[SPARC][INFO] 20160      -195.2168      0.2458    237.75
[SPARC][INFO] 20180      -195.3783      0.4300    415.81
[SPARC][INFO] 20200      -195.3253      0.4330    418.71
[SPARC][INFO] 20220      -195.2650      0.4071    393.67
[SPARC][INFO] 20240      -195.1295      0.3048    294.80
[SPARC][INFO] 20260      -195.1286      0.3308    319.91
[SPARC][INFO] 20280      -195.1644      0.4070    393.61
[SPARC][INFO] 20300      -195.2167      0.4670    451.57
[SPARC][INFO] 20320      -195.1541      0.3895    376.69
[SPARC][INFO] 20340      -195.1835      0.3934    380.40
[SPARC][INFO] 20360      -195.1501      0.3031    293.09
[SPARC][INFO] 20380      -195.1983      0.2641    255.43
[SPARC][INFO] 20400      -195.3625      0.3418    330.57
[SPARC][INFO] 20420      -195.3150      0.2317    224.05
[SPARC][INFO] 20440      -195.3707      0.2588    250.26
[SPARC][INFO] 20460      -195.2954      0.2179    210.73
[SPARC][INFO] 20480      -195.3734      0.2796    270.43
[SPARC][INFO] 20500      -195.3858      0.2905    280.96
[SPARC][INFO] 20520      -195.3106      0.2182    211.06
[SPARC][INFO] 20540      -195.3926      0.3083    298.17
[SPARC][INFO] 20560      -195.3383      0.2826    273.29
[SPARC][INFO] 20580      -195.2843      0.2438    235.77
[SPARC][INFO] 20600      -195.2547      0.2445    236.40
[SPARC][INFO] 20620      -195.1852      0.2147    207.66
[SPARC][INFO] 20640      -195.2536      0.3510    339.42
[SPARC][INFO] 20660      -195.2072      0.3703    358.07
[SPARC][INFO] 20680      -195.2094      0.4164    402.70
[SPARC][INFO] 20700      -195.0479      0.2771    267.97
[SPARC][INFO] 20720      -195.2005      0.4291    414.97
[SPARC][INFO] 20740      -195.1580      0.3679    355.73
[SPARC][INFO] 20760      -195.1948      0.3972    384.12
[SPARC][INFO] 20780      -195.2122      0.3662    354.16
[SPARC][INFO] 20800      -195.2329      0.3553    343.61
[SPARC][INFO] 20820      -195.1973      0.2994    289.51
[SPARC][INFO] 20840      -195.1966      0.2974    287.60
[SPARC][INFO] 20860      -195.3455      0.4134    399.81
[SPARC][INFO] 20880      -195.4809      0.5178    500.69
[SPARC][INFO] 20900      -195.3261      0.3524    340.80
[SPARC][INFO] 20920      -195.3223      0.3665    354.39
[SPARC][INFO] 20940      -195.2280      0.2635    254.79
[SPARC][INFO] 20960      -195.2970      0.3136    303.23
[SPARC][INFO] 20980      -195.3557      0.3372    326.08
[SPARC][INFO] 21000      -195.2633      0.2373    229.51
[SPARC][INFO] 21020      -195.3394      0.2978    288.01
[SPARC][INFO] 21040      -195.3424      0.2929    283.30
[SPARC][INFO] 21060      -195.4291      0.3576    345.79
[SPARC][INFO] 21080      -195.3707      0.2866    277.12
[SPARC][INFO] 21100      -195.2788      0.1693    163.73
[SPARC][INFO] 21120      -195.3043      0.1811    175.14
[SPARC][INFO] 21140      -195.3763      0.2400    232.06
[SPARC][INFO] 21160      -195.4621      0.3161    305.67
[SPARC][INFO] 21180      -195.5499      0.3962    383.14
[SPARC][INFO] 21200      -195.3705      0.2298    222.22
[SPARC][INFO] 21220      -195.2862      0.1698    164.23
[SPARC][INFO] 21240      -195.3587      0.2540    245.67
[SPARC][INFO] 21260      -195.3332      0.2589    250.36
[SPARC][INFO] 21280      -195.2300      0.2000    193.39
[SPARC][INFO] 21300      -195.2908      0.3166    306.16
[SPARC][INFO] 21320      -195.3718      0.4512    436.34
[SPARC][INFO] 21340      -195.2752      0.3924    379.46
[SPARC][INFO] 21360      -195.3055      0.4564    441.31
[SPARC][INFO] 21380      -195.1876      0.3922    379.28
[SPARC][INFO] 21400      -195.0184      0.2207    213.43
[SPARC][INFO] 21420      -195.1483      0.3430    331.72
[SPARC][INFO] 21440      -195.2393      0.4145    400.80
[SPARC][INFO] 21460      -195.0644      0.1990    192.42
[SPARC][INFO] 21480      -195.2349      0.3151    304.72
[SPARC][INFO] 21500      -195.1236      0.1534    148.37
[SPARC][INFO] 21520      -195.2441      0.2260    218.56
[SPARC][INFO] 21540      -195.2433      0.1804    174.46
[SPARC][INFO] 21560      -195.3590      0.2577    249.18
[SPARC][INFO] 21580      -195.4251      0.3012    291.27
[SPARC][INFO] 21600      -195.4002      0.2766    267.49
[SPARC][INFO] 21620      -195.4251      0.2931    283.43
[SPARC][INFO] 21640      -195.3215      0.1978    191.32
[SPARC][INFO] 21660      -195.3445      0.2312    223.62
[SPARC][INFO] 21680      -195.4837      0.3694    357.22
[SPARC][INFO] 21700      -195.3371      0.2444    236.31
[SPARC][INFO] 21720      -195.2541      0.1833    177.26
[SPARC][INFO] 21740      -195.2517      0.2099    202.95
[SPARC][INFO] 21760      -195.2249      0.2239    216.55
[SPARC][INFO] 21780      -195.2714      0.3041    294.12
[SPARC][INFO] 21800      -195.1844      0.2706    261.72
[SPARC][INFO] 21820      -195.1883      0.3391    327.92
[SPARC][INFO] 21840      -195.0721      0.2471    238.97
[SPARC][INFO] 21860      -195.1603      0.3399    328.68
[SPARC][INFO] 21880      -195.0641      0.2560    247.52
[SPARC][INFO] 21900      -195.1801      0.3471    335.62
[SPARC][INFO] 21920      -195.2588      0.3974    384.31
[SPARC][INFO] 21940      -195.2569      0.3481    336.67
[SPARC][INFO] 21960      -195.2334      0.2866    277.15
[SPARC][INFO] 21980      -195.2577      0.2400    232.11
[SPARC][INFO] 22000      -195.2899      0.2095    202.56
[SPARC][INFO] 22020      -195.3539      0.2242    216.80
[SPARC][INFO] 22040      -195.4134      0.2671    258.33
[SPARC][INFO] 22060      -195.4179      0.2604    251.79
[SPARC][INFO] 22080      -195.2682      0.1316    127.31
[SPARC][INFO] 22100      -195.3397      0.2167    209.56
[SPARC][INFO] 22120      -195.2960      0.1885    182.25
[SPARC][INFO] 22140      -195.3171      0.2215    214.22
[SPARC][INFO] 22160      -195.3990      0.3272    316.46
[SPARC][INFO] 22180      -195.4140      0.3676    355.51
[SPARC][INFO] 22200      -195.2920      0.2747    265.64
[SPARC][INFO] 22220      -195.3647      0.3699    357.73
[SPARC][INFO] 22240      -195.1196      0.1641    158.72
[SPARC][INFO] 22260      -195.2265      0.2899    280.31
[SPARC][INFO] 22280      -195.1767      0.2708    261.88
[SPARC][INFO] 22300      -195.0850      0.1968    190.28
[SPARC][INFO] 22320      -195.2028      0.3215    310.91
[SPARC][INFO] 22340      -195.1889      0.3172    306.70
[SPARC][INFO] 22360      -195.1832      0.3063    296.18
[SPARC][INFO] 22380      -195.1638      0.2947    284.98
[SPARC][INFO] 22400      -195.1151      0.2502    241.99
[SPARC][INFO] 22420      -195.0611      0.1682    162.65
[SPARC][INFO] 22440      -195.3674      0.4267    412.60
[SPARC][INFO] 22460      -195.3280      0.3456    334.22
[SPARC][INFO] 22480      -195.3225      0.2709    261.98
[SPARC][INFO] 22500      -195.2694      0.1481    143.20
[SPARC][INFO] 22520      -195.3347      0.1583    153.07
[SPARC][INFO] 22540      -195.3844      0.1849    178.85
[SPARC][INFO] 22560      -195.4041      0.2044    197.69
[SPARC][INFO] 22580      -195.2750      0.0911     88.09
[SPARC][INFO] 22600      -195.3254      0.1571    151.89
[SPARC][INFO] 22620      -195.3090      0.1698    164.22
[SPARC][INFO] 22640      -195.3154      0.2049    198.14
[SPARC][INFO] 22660      -195.3079      0.2397    231.80
[SPARC][INFO] 22680      -195.3781      0.3426    331.29
[SPARC][INFO] 22700      -195.1643      0.1739    168.17
[SPARC][INFO] 22720      -195.1870      0.2201    212.86
[SPARC][INFO] 22740      -195.3141      0.4253    411.27
[SPARC][INFO] 22760      -195.2501      0.3646    352.63
[SPARC][INFO] 22780      -195.1370      0.2744    265.39
[SPARC][INFO] 22800      -195.2468      0.3708    358.62
[SPARC][INFO] 22820      -195.2533      0.3850    372.31
[SPARC][INFO] 22840      -195.4560      0.5608    542.32
[SPARC][INFO] 22860      -195.2579      0.3522    340.55
[SPARC][INFO] 22880      -195.1854      0.2475    239.30
[SPARC][INFO] 22900      -195.3354      0.3618    349.83
[SPARC][INFO] 22920      -195.3691      0.3510    339.45
[SPARC][INFO] 22940      -195.2653      0.2049    198.16
[SPARC][INFO] 22960      -195.3931      0.2868    277.35
[SPARC][INFO] 22980      -195.3110      0.1791    173.24
[SPARC][INFO] 23000      -195.2966      0.1500    145.03
[SPARC][INFO] 23020      -195.5037      0.3354    324.39
[SPARC][INFO] 23040      -195.3596      0.1955    189.10
[SPARC][INFO] 23060      -195.3649      0.2107    203.74
[SPARC][INFO] 23080      -195.3180      0.2040    197.24
[SPARC][INFO] 23100      -195.2132      0.1789    173.03
[SPARC][INFO] 23120      -195.2666      0.3147    304.35
[SPARC][INFO] 23140      -195.2208      0.3272    316.40
[SPARC][INFO] 23160      -195.1358      0.2866    277.11
[SPARC][INFO] 23180      -195.2068      0.3838    371.19
[SPARC][INFO] 23200      -195.2398      0.4655    450.19
[SPARC][INFO] 23220      -195.0126      0.2645    255.78
[SPARC][INFO] 23240      -195.1122      0.3589    347.10
[SPARC][INFO] 23260      -194.9596      0.1971    190.56
[SPARC][INFO] 23280      -195.0823      0.2888    279.28
[SPARC][INFO] 23300      -195.3391      0.4889    472.80
[SPARC][INFO] 23320      -195.1931      0.2974    287.62
[SPARC][INFO] 23340      -195.4455      0.4771    461.34
[SPARC][INFO] 23360      -195.2164      0.2045    197.76
[SPARC][INFO] 23380      -195.3232      0.2689    259.99
[SPARC][INFO] 23400      -195.4206      0.3175    307.03
[SPARC][INFO] 23420      -195.5008      0.3757    363.34
[SPARC][INFO] 23440      -195.2772      0.1593    154.01
[SPARC][INFO] 23460      -195.3904      0.2636    254.91
[SPARC][INFO] 23480      -195.4066      0.2768    267.71
[SPARC][INFO] 23500      -195.4079      0.2806    271.34
[SPARC][INFO] 23520      -195.4126      0.3098    299.56
[SPARC][INFO] 23540      -195.3460      0.2605    251.91
[SPARC][INFO] 23560      -195.3942      0.3350    323.92
[SPARC][INFO] 23580      -195.2339      0.2404    232.45
[SPARC][INFO] 23600      -195.3577      0.4284    414.28
[SPARC][INFO] 23620      -195.2716      0.4335    419.17
[SPARC][INFO] 23640      -195.3430      0.6367    615.70
[SPARC][INFO] 23660      -194.8562      0.2287    221.19
[SPARC][INFO] 23680      -194.9451      0.3306    319.67
[SPARC][INFO] 23700      -195.0250      0.3747    362.33
[SPARC][INFO] 23720      -195.3666      0.6450    623.76
[SPARC][INFO] 23740      -195.1545      0.4038    390.48
[SPARC][INFO] 23760      -195.1502      0.3561    344.36
[SPARC][INFO] 23780      -195.3645      0.5111    494.28
[SPARC][INFO] 23800      -195.3062      0.4072    393.82
[SPARC][INFO] 23820      -195.2196      0.2905    280.93
[SPARC][INFO] 23840      -195.0829      0.1156    111.79
[SPARC][INFO] 23860      -195.3950      0.3841    371.46
[SPARC][INFO] 23880      -195.2652      0.2293    221.75
[SPARC][INFO] 23900      -195.3056      0.2501    241.89
[SPARC][INFO] 23920      -195.3581      0.2793    270.05
[SPARC][INFO] 23940      -195.5042      0.4022    388.91
[SPARC][INFO] 23960      -195.3657      0.2637    254.98
[SPARC][INFO] 23980      -195.3443      0.2472    239.07
[SPARC][INFO] 24000      -195.4175      0.3132    302.83
[SPARC][INFO] 24020      -195.2975      0.2169    209.79
[SPARC][INFO] 24040      -195.2708      0.2286    221.03
[SPARC][INFO] 24060      -195.1502      0.1623    156.95
[SPARC][INFO] 24080      -195.3549      0.4300    415.83
[SPARC][INFO] 24100      -195.2427      0.4286    414.46
[SPARC][INFO] 24120      -195.2373      0.4935    477.26
[SPARC][INFO] 24140      -195.1068      0.4003    387.08
[SPARC][INFO] 24160      -195.2780      0.5687    549.96
[SPARC][INFO] 24180      -195.0506      0.3376    326.49
[SPARC][INFO] 24200      -195.0961      0.3470    335.57
[SPARC][INFO] 24220      -195.1934      0.3808    368.21
[SPARC][INFO] 24240      -195.2051      0.3290    318.16
[SPARC][INFO] 24260      -195.3185      0.3920    379.05
[SPARC][INFO] 24280      -195.2358      0.2745    265.48
[SPARC][INFO] 24300      -195.3752      0.3778    365.34
[SPARC][INFO] 24320      -195.3129      0.3007    290.76
[SPARC][INFO] 24340      -195.3517      0.3466    335.18
[SPARC][INFO] 24360      -195.2085      0.1964    189.89
[SPARC][INFO] 24380      -195.3591      0.3408    329.53
[SPARC][INFO] 24400      -195.2478      0.2466    238.49
[SPARC][INFO] 24420      -195.2176      0.2240    216.63
[SPARC][INFO] 24440      -195.2576      0.2695    260.58
[SPARC][INFO] 24460      -195.2829      0.3043    294.27
[SPARC][INFO] 24480      -195.2892      0.3254    314.65
[SPARC][INFO] 24500      -195.2457      0.3024    292.41
[SPARC][INFO] 24520      -195.4225      0.4972    480.77
[SPARC][INFO] 24540      -195.1693      0.2956    285.90
[SPARC][INFO] 24560      -195.1666      0.4054    392.03
[SPARC][INFO] 24580      -195.0271      0.3485    337.02
[SPARC][INFO] 24600      -194.9382      0.3496    338.04
[SPARC][INFO] 24620      -195.2136      0.6641    642.19
[SPARC][INFO] 24640      -195.0990      0.5825    563.28
[SPARC][INFO] 24660      -194.8536      0.3235    312.88
[SPARC][INFO] 24680      -195.0697      0.4828    466.93
[SPARC][INFO] 24700      -195.1187      0.4239    409.91
[SPARC][INFO] 24720      -195.0502      0.2546    246.21
[SPARC][INFO] 24740      -195.2967      0.4297    415.54
[SPARC][INFO] 24760      -195.2082      0.3010    291.12
[SPARC][INFO] 24780      -195.3684      0.4368    422.41
[SPARC][INFO] 24800      -195.4042      0.4552    440.18
[SPARC][INFO] 24820      -195.0976      0.1458    140.96
[SPARC][INFO] 24840      -195.3971      0.4256    411.54
[SPARC][INFO] 24860      -195.3205      0.3438    332.52
[SPARC][INFO] 24880      -195.2201      0.2458    237.72
[SPARC][INFO] 24900      -195.2871      0.3103    300.03
[SPARC][INFO] 24920      -195.2392      0.2578    249.33
[SPARC][INFO] 24940      -195.3738      0.3984    385.29
[SPARC][INFO] 24960      -195.2033      0.2447    236.59
[SPARC][INFO] 24980      -195.0623      0.1252    121.07
[SPARC][INFO] 25000      -195.3068      0.3902    377.37
[SPARC][INFO] 25020      -195.1509      0.2997    289.83
[SPARC][INFO] 25040      -195.0534      0.2415    233.53
[SPARC][INFO] 25060      -195.2346      0.4741    458.44
[SPARC][INFO] 25080      -195.1025      0.3980    384.90
[SPARC][INFO] 25100      -195.0908      0.4217    407.78
[SPARC][INFO] 25120      -195.0958      0.4475    432.76
[SPARC][INFO] 25140      -194.9245      0.2810    271.77
[SPARC][INFO] 25160      -195.1734      0.5033    486.74
[SPARC][INFO] 25180      -195.0175      0.2915    281.92
[SPARC][INFO] 25200      -195.0150      0.2055    198.74
[SPARC][INFO] 25220      -195.3185      0.4132    399.54
[SPARC][INFO] 25240      -195.2473      0.2820    272.72
[SPARC][INFO] 25260      -195.2638      0.2676    258.73
[SPARC][INFO] 25280      -195.2718      0.2564    247.94
[SPARC][INFO] 25300      -195.2940      0.2781    268.98
[SPARC][INFO] 25320      -195.3995      0.3834    370.81
[SPARC][INFO] 25340      -195.1633      0.1595    154.28
[SPARC][INFO] 25360      -195.2107      0.2260    218.59
[SPARC][INFO] 25380      -195.2738      0.3145    304.10
[SPARC][INFO] 25400      -195.1395      0.2189    211.70
[SPARC][INFO] 25420      -195.2473      0.3481    336.60
[SPARC][INFO] 25440      -195.0399      0.1888    182.60
[SPARC][INFO] 25460      -195.1623      0.3877    374.91
[SPARC][INFO] 25480      -195.2528      0.5169    499.89
[SPARC][INFO] 25500      -195.0512      0.3551    343.42
[SPARC][INFO] 25520      -194.8228      0.1402    135.58
[SPARC][INFO] 25540      -194.9002      0.2134    206.35
[SPARC][INFO] 25560      -195.1513      0.4800    464.16
[SPARC][INFO] 25580      -195.1569      0.4682    452.74
[SPARC][INFO] 25600      -194.9230      0.2041    197.36
[SPARC][INFO] 25620      -195.1486      0.3422    330.88
[SPARC][INFO] 25640      -195.3349      0.4189    405.14
[SPARC][INFO] 25660      -195.1567      0.1876    181.41
[SPARC][INFO] 25680      -195.3001      0.3062    296.09
[SPARC][INFO] 25700      -195.2504      0.2299    222.33
[SPARC][INFO] 25720      -195.2957      0.2546    246.20
[SPARC][INFO] 25740      -195.2877      0.2427    234.66
[SPARC][INFO] 25760      -195.3946      0.3392    328.00
[SPARC][INFO] 25780      -195.2237      0.1854    179.27
[SPARC][INFO] 25800      -195.2473      0.2220    214.73
[SPARC][INFO] 25820      -195.3259      0.3229    312.30
[SPARC][INFO] 25840      -195.2461      0.2767    267.59
[SPARC][INFO] 25860      -195.1086      0.1862    180.11
[SPARC][INFO] 25880      -195.1499      0.2819    272.59
[SPARC][INFO] 25900      -195.2102      0.3799    367.36
[SPARC][INFO] 25920      -195.1523      0.4084    394.94
[SPARC][INFO] 25940      -195.1638      0.4383    423.87
[SPARC][INFO] 25960      -195.1291      0.4383    423.84
[SPARC][INFO] 25980      -195.1089      0.3663    354.19
[SPARC][INFO] 26000      -194.9324      0.2375    229.70
[SPARC][INFO] 26020      -195.1097      0.3437    332.38
[SPARC][INFO] 26040      -195.1377      0.3532    341.61
[SPARC][INFO] 26060      -195.3296      0.4956    479.24
[SPARC][INFO] 26080      -195.3225      0.4849    468.92
[SPARC][INFO] 26100      -195.2648      0.3833    370.65
[SPARC][INFO] 26120      -195.0874      0.1985    191.92
[SPARC][INFO] 26140      -195.0829      0.1783    172.41
[SPARC][INFO] 26160      -195.2144      0.3009    290.94
[SPARC][INFO] 26180      -195.2527      0.3397    328.52
[SPARC][INFO] 26200      -195.2287      0.3071    296.95
[SPARC][INFO] 26220      -195.2586      0.3384    327.21
[SPARC][INFO] 26240      -195.2276      0.3117    301.42
[SPARC][INFO] 26260      -195.2578      0.3465    335.08
[SPARC][INFO] 26280      -195.0802      0.1874    181.23
[SPARC][INFO] 26300      -195.0611      0.1814    175.39
[SPARC][INFO] 26320      -195.1185      0.2628    254.16
[SPARC][INFO] 26340      -195.2452      0.4109    397.38
[SPARC][INFO] 26360      -195.3143      0.5183    501.20
[SPARC][INFO] 26380      -194.8873      0.2005    193.87
[SPARC][INFO] 26400      -195.3286      0.7054    682.19
[SPARC][INFO] 26420      -194.8370      0.2860    276.57
[SPARC][INFO] 26440      -195.1171      0.5662    547.55
[SPARC][INFO] 26460      -195.1692      0.6052    585.26
[SPARC][INFO] 26480      -194.9951      0.4071    393.65
[SPARC][INFO] 26500      -195.1951      0.5250    507.70
[SPARC][INFO] 26520      -195.0777      0.3359    324.83
[SPARC][INFO] 26540      -195.1835      0.3678    355.63
[SPARC][INFO] 26560      -195.1443      0.2832    273.91
[SPARC][INFO] 26580      -195.2081      0.3168    306.31
[SPARC][INFO] 26600      -195.1010      0.1940    187.56
[SPARC][INFO] 26620      -195.1190      0.2084    201.54
[SPARC][INFO] 26640      -195.2115      0.2980    288.14
[SPARC][INFO] 26660      -194.9860      0.0795     76.93
[SPARC][INFO] 26680      -195.1924      0.2841    274.76
[SPARC][INFO] 26700      -195.1989      0.2953    285.59
[SPARC][INFO] 26720      -195.2479      0.3552    343.46
[SPARC][INFO] 26740      -195.2441      0.3725    360.18
[SPARC][INFO] 26760      -195.0675      0.2287    221.19
[SPARC][INFO] 26780      -195.2745      0.4672    451.79
[SPARC][INFO] 26800      -195.0570      0.3102    300.00
[SPARC][INFO] 26820      -195.0380      0.4066    393.18
[SPARC][INFO] 26840      -195.0579      0.4913    475.07
[SPARC][INFO] 26860      -195.0582      0.5498    531.66
[SPARC][INFO] 26880      -195.0709      0.5833    564.08
[SPARC][INFO] 26900      -195.0740      0.5909    571.44
[SPARC][INFO] 26920      -194.8890      0.3542    342.51
[SPARC][INFO] 26940      -195.0165      0.3675    355.40
[SPARC][INFO] 26960      -195.0927      0.3323    321.31
[SPARC][INFO] 26980      -195.1488      0.3214    310.79
[SPARC][INFO] 27000      -195.0562      0.2007    194.07
[SPARC][INFO] 27020      -195.1321      0.2539    245.53
[SPARC][INFO] 27040      -195.1936      0.3070    296.88
[SPARC][INFO] 27060      -195.0936      0.2078    200.97
[SPARC][INFO] 27080      -195.2158      0.3287    317.86
[SPARC][INFO] 27100      -195.2780      0.3980    384.91
[SPARC][INFO] 27120      -195.0336      0.1755    169.71
[SPARC][INFO] 27140      -195.2021      0.3584    346.59
[SPARC][INFO] 27160      -195.1426      0.3327    321.78
[SPARC][INFO] 27180      -194.9814      0.2068    199.97
[SPARC][INFO] 27200      -195.1273      0.3814    368.84
[SPARC][INFO] 27220      -195.1115      0.4027    389.44
[SPARC][INFO] 27240      -194.9379      0.2735    264.45
[SPARC][INFO] 27260      -195.0309      0.3964    383.36
[SPARC][INFO] 27280      -195.1034      0.5274    510.06
[SPARC][INFO] 27300      -195.1709      0.5939    574.28
[SPARC][INFO] 27320      -194.9568      0.3647    352.71
[SPARC][INFO] 27340      -195.0357      0.3680    355.84
[SPARC][INFO] 27360      -195.2270      0.4605    445.36
[SPARC][INFO] 27380      -195.1960      0.3438    332.46
[SPARC][INFO] 27400      -195.1243      0.2262    218.75
[SPARC][INFO] 27420      -195.2720      0.3328    321.87
[SPARC][INFO] 27440      -195.2540      0.3015    291.59
[SPARC][INFO] 27460      -195.2159      0.2534    245.09
[SPARC][INFO] 27480      -195.1846      0.2256    218.14
[SPARC][INFO] 27500      -195.2605      0.2947    284.95
[SPARC][INFO] 27520      -195.3650      0.4069    393.45
[SPARC][INFO] 27540      -195.2123      0.2788    269.66
[SPARC][INFO] 27560      -195.2593      0.3386    327.46
[SPARC][INFO] 27580      -195.1444      0.2645    255.77
[SPARC][INFO] 27600      -195.2879      0.4453    430.58
[SPARC][INFO] 27620      -195.0699      0.2925    282.89
[SPARC][INFO] 27640      -194.9422      0.2322    224.58
[SPARC][INFO] 27660      -195.0614      0.3937    380.70
[SPARC][INFO] 27680      -194.9798      0.3417    330.47
[SPARC][INFO] 27700      -195.1638      0.5168    499.77
[SPARC][INFO] 27720      -195.2556      0.5921    572.58
[SPARC][INFO] 27740      -195.0064      0.3474    335.94
[SPARC][INFO] 27760      -195.0041      0.2981    288.32
[SPARC][INFO] 27780      -195.0828      0.3183    307.84
[SPARC][INFO] 27800      -195.1238      0.3095    299.34
[SPARC][INFO] 27820      -195.0693      0.2271    219.60
[SPARC][INFO] 27840      -195.0383      0.1834    177.35
[SPARC][INFO] 27860      -195.2087      0.3363    325.18
[SPARC][INFO] 27880      -195.2718      0.3960    382.99
[SPARC][INFO] 27900      -195.2766      0.3959    382.86
[SPARC][INFO] 27920      -195.1111      0.2350    227.28
[SPARC][INFO] 27940      -195.1473      0.2690    260.09
[SPARC][INFO] 27960      -195.1646      0.2873    277.80
[SPARC][INFO] 27980      -195.2062      0.3269    316.13
[SPARC][INFO] 28000      -195.2706      0.3936    380.67
[SPARC][INFO] 28020      -195.1054      0.2383    230.41
[SPARC][INFO] 28040      -195.2408      0.3736    361.33
[SPARC][INFO] 28060      -195.3362      0.4595    444.38
[SPARC][INFO] 28080      -195.2799      0.4013    388.11
[SPARC][INFO] 28100      -195.2470      0.3550    343.33
[SPARC][INFO] 28120      -195.0547      0.1748    169.06
[SPARC][INFO] 28140      -195.1232      0.2311    223.47
[SPARC][INFO] 28160      -195.0423      0.1456    140.82
[SPARC][INFO] 28180      -195.2000      0.2975    287.73
[SPARC][INFO] 28200      -195.1914      0.3277    316.92
[SPARC][INFO] 28220      -195.2007      0.3380    326.88
[SPARC][INFO] 28240      -195.0917      0.2385    230.59
[SPARC][INFO] 28260      -195.2682      0.4163    402.57
[SPARC][INFO] 28280      -195.1322      0.2830    273.72
[SPARC][INFO] 28300      -195.2850      0.4285    414.43
[SPARC][INFO] 28320      -195.1219      0.2731    264.06
[SPARC][INFO] 28340      -195.0026      0.1532    148.12
[SPARC][INFO] 28360      -195.0453      0.1981    191.58
[SPARC][INFO] 28380      -195.1076      0.2554    246.95
[SPARC][INFO] 28400      -195.3272      0.4543    439.32
[SPARC][INFO] 28420      -195.2049      0.3004    290.51
[SPARC][INFO] 28440      -195.2963      0.3662    354.15
[SPARC][INFO] 28460      -195.1999      0.2302    222.61
[SPARC][INFO] 28480      -195.2717      0.2775    268.39
[SPARC][INFO] 28500      -195.2148      0.2069    200.11
[SPARC][INFO] 28520      -195.2978      0.2771    267.95
[SPARC][INFO] 28540      -195.2314      0.2099    202.94
[SPARC][INFO] 28560      -195.2946      0.2779    268.73
[SPARC][INFO] 28580      -195.1535      0.1580    152.78
[SPARC][INFO] 28600      -195.1641      0.2066    199.81
[SPARC][INFO] 28620      -195.2366      0.3366    325.46
[SPARC][INFO] 28640      -195.2228      0.4402    425.72
[SPARC][INFO] 28660      -195.0778      0.3619    349.96
[SPARC][INFO] 28680      -195.0581      0.3741    361.81
[SPARC][INFO] 28700      -195.1092      0.4475    432.78
[SPARC][INFO] 28720      -194.9331      0.2923    282.69
[SPARC][INFO] 28740      -195.0725      0.4154    401.67
[SPARC][INFO] 28760      -195.0193      0.3449    333.49
[SPARC][INFO] 28780      -195.2174      0.5093    492.47
[SPARC][INFO] 28800      -195.0784      0.3015    291.56
[SPARC][INFO] 28820      -195.0634      0.2503    242.10
[SPARC][INFO] 28840      -195.1534      0.3042    294.19
[SPARC][INFO] 28860      -195.2392      0.3550    343.26
[SPARC][INFO] 28880      -195.2612      0.3537    342.04
[SPARC][INFO] 28900      -195.2225      0.3048    294.71
[SPARC][INFO] 28920      -195.1918      0.2658    257.08
[SPARC][INFO] 28940      -195.2021      0.2718    262.82
[SPARC][INFO] 28960      -195.3067      0.3755    363.11
[SPARC][INFO] 28980      -195.2763      0.3521    340.49
[SPARC][INFO] 29000      -195.1345      0.2282    220.68
[SPARC][INFO] 29020      -195.2487      0.3461    334.74
[SPARC][INFO] 29040      -195.0988      0.2097    202.81
[SPARC][INFO] 29060      -195.2207      0.3439    332.55
[SPARC][INFO] 29080      -195.1106      0.2526    244.31
[SPARC][INFO] 29100      -195.0179      0.2231    215.75
[SPARC][INFO] 29120      -195.1702      0.4064    392.98
[SPARC][INFO] 29140      -195.0250      0.3113    301.03
[SPARC][INFO] 29160      -194.9634      0.2932    283.57
[SPARC][INFO] 29180      -195.2136      0.5463    528.31
[SPARC][INFO] 29200      -194.8975      0.3062    296.08
[SPARC][INFO] 29220      -195.1461      0.5775    558.46
[SPARC][INFO] 29240      -195.0589      0.5363    518.64
[SPARC][INFO] 29260      -195.0511      0.5355    517.82
[SPARC][INFO] 29280      -195.1013      0.5470    528.93
[SPARC][INFO] 29300      -194.8380      0.2384    230.53
[SPARC][INFO] 29320      -195.1643      0.4788    462.99
[SPARC][INFO] 29340      -195.2129      0.4358    421.48
[SPARC][INFO] 29360      -195.1100      0.2833    273.92
[SPARC][INFO] 29380      -195.1341      0.2675    258.72
[SPARC][INFO] 29400      -195.1010      0.2122    205.18
[SPARC][INFO] 29420      -195.1852      0.2693    260.45
[SPARC][INFO] 29440      -195.1103      0.1811    175.16
[SPARC][INFO] 29460      -195.2976      0.3510    339.44
[SPARC][INFO] 29480      -195.3326      0.3819    369.29
[SPARC][INFO] 29500      -195.1187      0.1783    172.39
[SPARC][INFO] 29520      -195.1321      0.1947    188.33
[SPARC][INFO] 29540      -195.2525      0.3205    309.92
[SPARC][INFO] 29560      -195.0736      0.1962    189.74
[SPARC][INFO] 29580      -195.1284      0.2618    253.19
[SPARC][INFO] 29600      -195.1963      0.3475    336.00
[SPARC][INFO] 29620      -195.1092      0.3038    293.78
[SPARC][INFO] 29640      -195.2815      0.5122    495.36
[SPARC][INFO] 29660      -195.1217      0.4200    406.17
[SPARC][INFO] 29680      -194.9520      0.2959    286.18
[SPARC][INFO] 29700      -195.2234      0.6056    585.68
[SPARC][INFO] 29720      -194.9648      0.3759    363.49
[SPARC][INFO] 29740      -195.0369      0.4396    425.09
[SPARC][INFO] 29760      -195.0613      0.4385    424.08
[SPARC][INFO] 29780      -195.0923      0.4251    411.13
[SPARC][INFO] 29800      -195.2048      0.4691    453.63
[SPARC][INFO] 29820      -195.1356      0.3180    307.55
[SPARC][INFO] 29840      -195.1553      0.2836    274.27
[SPARC][INFO] 29860      -195.1296      0.2089    201.99
[SPARC][INFO] 29880      -195.2245      0.2835    274.18
[SPARC][INFO] 29900      -195.1535      0.1983    191.79
[SPARC][INFO] 29920      -195.3203      0.3613    349.41
[SPARC][INFO] 29940      -195.1532      0.2015    194.83
[SPARC][INFO] 29960      -195.2495      0.3065    296.44
[SPARC][INFO] 29980      -195.1605      0.2246    217.20
[SPARC][INFO] 30000      -195.3557      0.4314    417.15
[SPARC][INFO] 30020      -195.1200      0.2453    237.23
[SPARC][INFO] 30040      -195.1456      0.3019    291.95
[SPARC][INFO] 30060      -195.1368      0.3255    314.81
[SPARC][INFO] 30080      -195.1346      0.3586    346.81
[SPARC][INFO] 30100      -195.0371      0.3111    300.86
[SPARC][INFO] 30120      -195.0118      0.3479    336.45
[SPARC][INFO] 30140      -195.2032      0.6023    582.41
[SPARC][INFO] 30160      -195.1010      0.5628    544.29
[SPARC][INFO] 30180      -194.7512      0.2742    265.18
[SPARC][INFO] 30200      -194.9325      0.4765    460.78
[SPARC][INFO] 30220      -195.0803      0.6081    588.07
[SPARC][INFO] 30240      -194.7594      0.2338    226.10
[SPARC][INFO] 30260      -195.0146      0.3668    354.68
[SPARC][INFO] 30280      -195.1329      0.3947    381.70
[SPARC][INFO] 30300      -195.0639      0.2418    233.80
[SPARC][INFO] 30320      -195.1250      0.2479    239.69
[SPARC][INFO] 30340      -195.2513      0.3452    333.80
[SPARC][INFO] 30360      -195.2071      0.2880    278.49
[SPARC][INFO] 30380      -195.1378      0.2065    199.65
[SPARC][INFO] 30400      -195.1749      0.2308    223.15
[SPARC][INFO] 30420      -195.2698      0.3244    313.68
[SPARC][INFO] 30440      -195.2204      0.2779    268.78
[SPARC][INFO] 30460      -195.0307      0.1226    118.59
[SPARC][INFO] 30480      -195.0746      0.1817    175.72
[SPARC][INFO] 30500      -195.2109      0.3422    330.97
[SPARC][INFO] 30520      -194.9721      0.1404    135.78
[SPARC][INFO] 30540      -195.1502      0.3770    364.58
[SPARC][INFO] 30560      -195.0361      0.3145    304.11
[SPARC][INFO] 30580      -194.9087      0.2438    235.76
[SPARC][INFO] 30600      -195.0039      0.3761    363.73
[SPARC][INFO] 30620      -194.9565      0.3433    331.99
[SPARC][INFO] 30640      -194.8786      0.2759    266.80
[SPARC][INFO] 30660      -195.2136      0.6075    587.49
[SPARC][INFO] 30680      -194.8450      0.2312    223.61
[SPARC][INFO] 30700      -194.9664      0.3328    321.85
[SPARC][INFO] 30720      -195.1193      0.4632    447.98
[SPARC][INFO] 30740      -194.9069      0.2180    210.86
[SPARC][INFO] 30760      -195.1304      0.4075    394.08
[SPARC][INFO] 30780      -195.0569      0.3123    301.98
[SPARC][INFO] 30800      -194.9689      0.2003    193.74
[SPARC][INFO] 30820      -195.1740      0.3811    368.59
[SPARC][INFO] 30840      -195.1562      0.3481    336.60
[SPARC][INFO] 30860      -194.9579      0.1384    133.84
[SPARC][INFO] 30880      -195.2016      0.3775    365.05
[SPARC][INFO] 30900      -195.0262      0.2029    196.19
[SPARC][INFO] 30920      -195.0175      0.2411    233.18
[SPARC][INFO] 30940      -195.1021      0.3335    322.54
[SPARC][INFO] 30960      -195.0379      0.2927    283.05
[SPARC][INFO] 30980      -194.9597      0.3201    309.53
[SPARC][INFO] 31000      -195.0529      0.5462    528.21
[SPARC][INFO] 31020      -194.6144      0.2306    223.03
[SPARC][INFO] 31040      -194.9396      0.6004    580.66
[SPARC][INFO] 31060      -194.6495      0.3326    321.64
[SPARC][INFO] 31080      -194.6359      0.3203    309.77
[SPARC][INFO] 31100      -194.7173      0.4103    396.77
[SPARC][INFO] 31120      -194.7172      0.3973    384.17
[SPARC][INFO] 31140      -194.6741      0.3370    325.87
[SPARC][INFO] 31160      -194.8331      0.4553    440.31
[SPARC][INFO] 31180      -195.0465      0.6012    581.40
[SPARC][INFO] 31200      -194.7118      0.1789    173.00
[SPARC][INFO] 31220      -195.0967      0.4480    433.23
[SPARC][INFO] 31240      -195.1481      0.4156    401.93
[SPARC][INFO] 31260      -195.0668      0.2800    270.76
[SPARC][INFO] 31280      -195.1429      0.3149    304.50
[SPARC][INFO] 31300      -195.2390      0.3810    368.40
[SPARC][INFO] 31320      -195.2862      0.4050    391.63
[SPARC][INFO] 31340      -195.0923      0.1902    183.96
[SPARC][INFO] 31360      -195.1963      0.2847    275.35
[SPARC][INFO] 31380      -195.2634      0.3547    343.05
[SPARC][INFO] 31400      -195.1944      0.2785    269.34
[SPARC][INFO] 31420      -195.1986      0.2778    268.69
[SPARC][INFO] 31440      -195.2588      0.3474    335.98
[SPARC][INFO] 31460      -195.2467      0.3389    327.71
[SPARC][INFO] 31480      -195.0451      0.1448    140.02
[SPARC][INFO] 31500      -195.1260      0.2443    236.24
[SPARC][INFO] 31520      -195.1914      0.3505    338.92
[SPARC][INFO] 31540      -195.2134      0.4216    407.70
[SPARC][INFO] 31560      -194.9360      0.2082    201.37
[SPARC][INFO] 31580      -194.9243      0.2587    250.14
[SPARC][INFO] 31600      -195.2063      0.5808    561.63
[SPARC][INFO] 31620      -195.0624      0.4678    452.43
[SPARC][INFO] 31640      -194.9695      0.3956    382.61
[SPARC][INFO] 31660      -195.0310      0.4482    433.47
[SPARC][INFO] 31680      -194.9562      0.3431    331.79
[SPARC][INFO] 31700      -194.9419      0.2848    275.37
[SPARC][INFO] 31720      -195.1149      0.3935    380.53
[SPARC][INFO] 31740      -195.0799      0.2959    286.15
[SPARC][INFO] 31760      -195.1017      0.2500    241.73
[SPARC][INFO] 31780      -195.1692      0.2791    269.89
[SPARC][INFO] 31800      -195.1595      0.2507    242.46
[SPARC][INFO] 31820      -195.1305      0.2560    247.58
[SPARC][INFO] 31840      -195.0703      0.1997    193.14
[SPARC][INFO] 31860      -195.0959      0.2313    223.65
[SPARC][INFO] 31880      -195.1592      0.3096    299.35
[SPARC][INFO] 31900      -195.2222      0.3818    369.23
[SPARC][INFO] 31920      -195.1580      0.3394    328.24
[SPARC][INFO] 31940      -195.2111      0.4132    399.62
[SPARC][INFO] 31960      -195.1296      0.3415    330.25
[SPARC][INFO] 31980      -195.0957      0.3254    314.72
[SPARC][INFO] 32000      -195.0565      0.2787    269.52
[SPARC][INFO] 32020      -195.1729      0.4131    399.47
[SPARC][INFO] 32040      -195.0462      0.3062    296.09
[SPARC][INFO] 32060      -195.2580      0.5017    485.13
[SPARC][INFO] 32080      -195.1543      0.3766    364.15
[SPARC][INFO] 32100      -195.0513      0.2494    241.20
[SPARC][INFO] 32120      -195.2136      0.3765    364.11
[SPARC][INFO] 32140      -195.1511      0.2678    258.94
[SPARC][INFO] 32160      -195.0737      0.1460    141.22
[SPARC][INFO] 32180      -195.1712      0.2186    211.36
[SPARC][INFO] 32200      -195.2201      0.2403    232.34
[SPARC][INFO] 32220      -195.2248      0.2280    220.45
[SPARC][INFO] 32240      -195.3090      0.3050    294.93
[SPARC][INFO] 32260      -195.1980      0.1977    191.19
[SPARC][INFO] 32280      -195.1950      0.2284    220.86
[SPARC][INFO] 32300      -195.1037      0.1599    154.66
[SPARC][INFO] 32320      -195.1887      0.2941    284.45
[SPARC][INFO] 32340      -195.0548      0.2334    225.70
[SPARC][INFO] 32360      -195.0986      0.3462    334.78
[SPARC][INFO] 32380      -195.0200      0.3198    309.24
[SPARC][INFO] 32400      -195.0154      0.3363    325.18
[SPARC][INFO] 32420      -195.1757      0.4950    478.64
[SPARC][INFO] 32440      -195.1131      0.4265    412.46
[SPARC][INFO] 32460      -195.0299      0.3290    318.12
[SPARC][INFO] 32480      -195.1437      0.4289    414.75
[SPARC][INFO] 32500      -195.1594      0.4252    411.16
[SPARC][INFO] 32520      -195.0747      0.3073    297.21
[SPARC][INFO] 32540      -194.9625      0.1676    162.05
[SPARC][INFO] 32560      -195.1150      0.2943    284.59
[SPARC][INFO] 32580      -195.1403      0.2965    286.73
[SPARC][INFO] 32600      -195.0909      0.2218    214.52
[SPARC][INFO] 32620      -195.1633      0.2603    251.77
[SPARC][INFO] 32640      -195.1789      0.2439    235.83
[SPARC][INFO] 32660      -195.1636      0.2020    195.37
[SPARC][INFO] 32680      -195.2093      0.2225    215.15
[SPARC][INFO] 32700      -195.2392      0.2178    210.59
[SPARC][INFO] 32720      -195.1929      0.1457    140.89
[SPARC][INFO] 32740      -195.2449      0.1996    193.00
[SPARC][INFO] 32760      -195.2612      0.2001    193.52
[SPARC][INFO] 32780      -195.2868      0.2149    207.81
[SPARC][INFO] 32800      -195.2745      0.2015    194.88
[SPARC][INFO] 32820      -195.2853      0.2255    218.07
[SPARC][INFO] 32840      -195.2670      0.2370    229.19
[SPARC][INFO] 32860      -195.2215      0.2571    248.65
[SPARC][INFO] 32880      -195.0863      0.1836    177.55
[SPARC][INFO] 32900      -195.1528      0.2984    288.56
[SPARC][INFO] 32920      -195.1684      0.3526    341.03
[SPARC][INFO] 32940      -195.0356      0.2504    242.16
[SPARC][INFO] 32960      -195.0123      0.2552    246.75
[SPARC][INFO] 32980      -195.0676      0.3418    330.49
[SPARC][INFO] 33000      -195.1240      0.4262    412.13
[SPARC][INFO] 33020      -195.1060      0.4367    422.28
[SPARC][INFO] 33040      -195.0324      0.3799    367.34
[SPARC][INFO] 33060      -195.1385      0.4773    461.57
[SPARC][INFO] 33080      -195.0060      0.3398    328.63
[SPARC][INFO] 33100      -195.0283      0.3476    336.18
[SPARC][INFO] 33120      -195.1669      0.4675    452.06
[SPARC][INFO] 33140      -195.2119      0.4723    456.78
[SPARC][INFO] 33160      -194.9960      0.2004    193.79
[SPARC][INFO] 33180      -195.0063      0.1579    152.72
[SPARC][INFO] 33200      -195.1329      0.2777    268.53
[SPARC][INFO] 33220      -195.1922      0.2966    286.86
[SPARC][INFO] 33240      -195.2210      0.2872    277.76
[SPARC][INFO] 33260      -195.1968      0.2335    225.81
[SPARC][INFO] 33280      -195.1544      0.1883    182.13
[SPARC][INFO] 33300      -195.2066      0.2467    238.60
[SPARC][INFO] 33320      -195.2332      0.2825    273.24
[SPARC][INFO] 33340      -195.2186      0.2772    268.04
[SPARC][INFO] 33360      -195.1349      0.2171    209.98
[SPARC][INFO] 33380      -195.2268      0.3319    320.99
[SPARC][INFO] 33400      -195.1835      0.3080    297.80
[SPARC][INFO] 33420      -195.1154      0.2600    251.43
[SPARC][INFO] 33440      -195.1970      0.3535    341.86
[SPARC][INFO] 33460      -195.0212      0.1908    184.55
[SPARC][INFO] 33480      -195.1314      0.3124    302.12
[SPARC][INFO] 33500      -195.1334      0.3224    311.74
[SPARC][INFO] 33520      -195.1878      0.3894    376.54
[SPARC][INFO] 33540      -195.1824      0.3846    371.91
[SPARC][INFO] 33560      -195.0587      0.2640    255.29
[SPARC][INFO] 33580      -195.0365      0.2472    239.07
[SPARC][INFO] 33600      -195.0062      0.2281    220.62
[SPARC][INFO] 33620      -195.2422      0.4615    446.27
[SPARC][INFO] 33640      -195.0728      0.3369    325.78
[SPARC][INFO] 33660      -195.1113      0.3539    342.20
[SPARC][INFO] 33680      -195.1675      0.3938    380.83
[SPARC][INFO] 33700      -195.0299      0.2362    228.44
[SPARC][INFO] 33720      -195.0877      0.2650    256.23
[SPARC][INFO] 33740      -195.2166      0.3567    344.97
[SPARC][INFO] 33760      -195.0702      0.1632    157.79
[SPARC][INFO] 33780      -195.1982      0.2213    214.05
[SPARC][INFO] 33800      -195.1972      0.1637    158.27
[SPARC][INFO] 33820      -195.2725      0.2182    211.02
[SPARC][INFO] 33840      -195.3061      0.2399    232.03
[SPARC][INFO] 33860      -195.2589      0.1966    190.15
[SPARC][INFO] 33880      -195.2314      0.1780    172.15
[SPARC][INFO] 33900      -195.2569      0.2192    212.01
[SPARC][INFO] 33920      -195.2501      0.2470    238.89
[SPARC][INFO] 33940      -195.1487      0.1831    177.09
[SPARC][INFO] 33960      -195.1527      0.2234    216.00
[SPARC][INFO] 33980      -195.2061      0.3136    303.24
[SPARC][INFO] 34000      -195.1027      0.2424    234.37
[SPARC][INFO] 34020      -195.2194      0.3817    369.12
[SPARC][INFO] 34040      -195.0619      0.2406    232.70
[SPARC][INFO] 34060      -195.1144      0.3045    294.44
[SPARC][INFO] 34080      -195.1561      0.3534    341.80
[SPARC][INFO] 34100      -195.0913      0.3363    325.26
[SPARC][INFO] 34120      -195.0038      0.2450    236.93
[SPARC][INFO] 34140      -195.1602      0.3911    378.19
[SPARC][INFO] 34160      -195.0970      0.3235    312.86
[SPARC][INFO] 34180      -195.0623      0.2910    281.39
[SPARC][INFO] 34200      -195.1566      0.3799    367.43
[SPARC][INFO] 34220      -195.0830      0.2886    279.10
[SPARC][INFO] 34240      -195.0992      0.2866    277.15
[SPARC][INFO] 34260      -195.0640      0.2393    231.44
[SPARC][INFO] 34280      -195.1727      0.3276    316.82
[SPARC][INFO] 34300      -195.0924      0.2262    218.70
[SPARC][INFO] 34320      -195.1122      0.2337    225.98
[SPARC][INFO] 34340      -195.1809      0.2920    282.40
[SPARC][INFO] 34360      -195.2082      0.3201    309.51
[SPARC][INFO] 34380      -195.1348      0.2452    237.09
[SPARC][INFO] 34400      -195.0660      0.1829    176.84
[SPARC][INFO] 34420      -195.1052      0.2275    220.04
[SPARC][INFO] 34440      -195.1339      0.2841    274.72
[SPARC][INFO] 34460      -195.1541      0.3320    321.07
[SPARC][INFO] 34480      -195.0428      0.2794    270.21
[SPARC][INFO] 34500      -194.9967      0.2702    261.27
[SPARC][INFO] 34520      -195.0698      0.3911    378.24
[SPARC][INFO] 34540      -194.9611      0.3252    314.48
[SPARC][INFO] 34560      -194.9201      0.3363    325.21
[SPARC][INFO] 34580      -194.9105      0.3569    345.09
[SPARC][INFO] 34600      -194.9451      0.4158    402.13
[SPARC][INFO] 34620      -195.0673      0.4756    459.92
[SPARC][INFO] 34640      -195.1091      0.4906    474.43
[SPARC][INFO] 34660      -194.8359      0.1635    158.07
[SPARC][INFO] 34680      -195.0970      0.3761    363.71
[SPARC][INFO] 34700      -195.0907      0.3214    310.84
[SPARC][INFO] 34720      -195.1760      0.3524    340.78
[SPARC][INFO] 34740      -195.0462      0.2140    206.94
[SPARC][INFO] 34760      -195.1103      0.2798    270.53
[SPARC][INFO] 34780      -195.2317      0.3946    381.62
[SPARC][INFO] 34800      -195.0222      0.1939    187.53
[SPARC][INFO] 34820      -195.1452      0.3121    301.81
[SPARC][INFO] 34840      -195.1668      0.3414    330.13
[SPARC][INFO] 34860      -195.0421      0.2291    221.56
[SPARC][INFO] 34880      -195.0033      0.2081    201.20
[SPARC][INFO] 34900      -195.1682      0.3996    386.46
[SPARC][INFO] 34920      -195.0407      0.3057    295.62
[SPARC][INFO] 34940      -194.9779      0.2761    266.98
[SPARC][INFO] 34960      -195.0657      0.4063    392.87
[SPARC][INFO] 34980      -195.0448      0.4333    419.03
[SPARC][INFO] 35000      -195.0169      0.4524    437.52
[SPARC][INFO] 35020      -194.9426      0.4422    427.66
[SPARC][INFO] 35040      -195.0859      0.5758    556.78
[SPARC][INFO] 35060      -195.1482      0.5615    542.97
[SPARC][INFO] 35080      -194.9026      0.2058    199.00
[SPARC][INFO] 35100      -195.1456      0.3506    339.08
[SPARC][INFO] 35120      -195.1076      0.2524    244.13
[SPARC][INFO] 35140      -195.1751      0.2916    282.01
[SPARC][INFO] 35160      -195.0859      0.1851    179.02
[SPARC][INFO] 35180      -195.1442      0.2604    251.78
[SPARC][INFO] 35200      -195.0664      0.1912    184.93
[SPARC][INFO] 35220      -195.1851      0.3115    301.20
[SPARC][INFO] 35240      -195.1208      0.2775    268.36
[SPARC][INFO] 35260      -195.1215      0.2990    289.16
[SPARC][INFO] 35280      -195.0269      0.2446    236.53
[SPARC][INFO] 35300      -195.0972      0.3625    350.59
[SPARC][INFO] 35320      -195.1735      0.4712    455.65
[SPARC][INFO] 35340      -194.9960      0.3069    296.77
[SPARC][INFO] 35360      -195.1111      0.4318    417.55
[SPARC][INFO] 35380      -195.0824      0.3984    385.23
[SPARC][INFO] 35400      -195.1278      0.4211    407.19
[SPARC][INFO] 35420      -194.9672      0.2207    213.46
[SPARC][INFO] 35440      -195.0752      0.2835    274.14
[SPARC][INFO] 35460      -195.1179      0.2871    277.68
[SPARC][INFO] 35480      -195.1602      0.2672    258.39
[SPARC][INFO] 35500      -195.0561      0.1361    131.63
[SPARC][INFO] 35520      -195.2493      0.3012    291.29
[SPARC][INFO] 35540      -195.1958      0.2348    227.08
[SPARC][INFO] 35560      -195.1652      0.2024    195.75
[SPARC][INFO] 35580      -195.2317      0.2756    266.48
[SPARC][INFO] 35600      -195.2636      0.3240    313.29
[SPARC][INFO] 35620      -195.0699      0.1586    153.42
[SPARC][INFO] 35640      -195.0787      0.1993    192.74
[SPARC][INFO] 35660      -195.1394      0.2886    279.12
[SPARC][INFO] 35680      -195.0176      0.1977    191.19
[SPARC][INFO] 35700      -195.0522      0.2698    260.87
[SPARC][INFO] 35720      -194.9143      0.1709    165.28
[SPARC][INFO] 35740      -195.0714      0.3534    341.75
[SPARC][INFO] 35760      -195.0110      0.3051    295.09
[SPARC][INFO] 35780      -195.0391      0.3425    331.19
[SPARC][INFO] 35800      -195.1586      0.4549    439.87
[SPARC][INFO] 35820      -195.1156      0.4085    395.08
[SPARC][INFO] 35840      -195.1129      0.3828    370.19
[SPARC][INFO] 35860      -195.0289      0.2741    265.09
[SPARC][INFO] 35880      -195.0337      0.2623    253.66
[SPARC][INFO] 35900      -195.0188      0.2049    198.11
[SPARC][INFO] 35920      -195.0794      0.2708    261.84
[SPARC][INFO] 35940      -195.0509      0.2261    218.63
[SPARC][INFO] 35960      -195.1403      0.2935    283.81
[SPARC][INFO] 35980      -195.1450      0.2721    263.16
[SPARC][INFO] 36000      -195.1390      0.2431    235.07
[SPARC][INFO] 36020      -195.1738      0.2522    243.85
[SPARC][INFO] 36040      -195.1826      0.2442    236.11
[SPARC][INFO] 36060      -195.0751      0.1191    115.15
[SPARC][INFO] 36080      -195.2303      0.2660    257.19
[SPARC][INFO] 36100      -195.2706      0.2932    283.54
[SPARC][INFO] 36120      -195.2403      0.2780    268.87
[SPARC][INFO] 36140      -195.2072      0.2629    254.25
[SPARC][INFO] 36160      -195.0594      0.1457    140.92
[SPARC][INFO] 36180      -195.0753      0.2100    203.09
[SPARC][INFO] 36200      -195.0769      0.2663    257.48
[SPARC][INFO] 36220      -195.0721      0.3225    311.89
[SPARC][INFO] 36240      -195.0293      0.3234    312.72
[SPARC][INFO] 36260      -195.1131      0.4380    423.52
[SPARC][INFO] 36280      -195.0271      0.3741    361.77
[SPARC][INFO] 36300      -195.1017      0.4640    448.67
[SPARC][INFO] 36320      -195.0569      0.4007    387.47
[SPARC][INFO] 36340      -195.0451      0.3622    350.24
[SPARC][INFO] 36360      -195.0067      0.2765    267.40
[SPARC][INFO] 36380      -195.0311      0.2899    280.39
[SPARC][INFO] 36400      -195.1398      0.3545    342.84
[SPARC][INFO] 36420      -195.0910      0.2593    250.79
[SPARC][INFO] 36440      -195.1396      0.2737    264.72
[SPARC][INFO] 36460      -195.1183      0.2417    233.73
[SPARC][INFO] 36480      -195.0498      0.1753    169.52
[SPARC][INFO] 36500      -195.0876      0.2133    206.29
[SPARC][INFO] 36520      -195.0704      0.2194    212.16
[SPARC][INFO] 36540      -195.0228      0.1891    182.90
[SPARC][INFO] 36560      -195.1937      0.3722    359.90
[SPARC][INFO] 36580      -195.1162      0.3126    302.32
[SPARC][INFO] 36600      -195.0000      0.2086    201.77
[SPARC][INFO] 36620      -195.0322      0.2524    244.07
[SPARC][INFO] 36640      -195.0908      0.3265    315.72
[SPARC][INFO] 36660      -195.0609      0.3080    297.89
[SPARC][INFO] 36680      -195.0478      0.2935    283.81
[SPARC][INFO] 36700      -194.9185      0.1683    162.71
[SPARC][INFO] 36720      -195.0434      0.2980    288.13
[SPARC][INFO] 36740      -195.0513      0.3087    298.56
[SPARC][INFO] 36760      -195.0297      0.3061    296.05
[SPARC][INFO] 36780      -195.1761      0.4662    450.79
[SPARC][INFO] 36800      -195.0539      0.3638    351.85
[SPARC][INFO] 36820      -194.9168      0.2956    285.89
[SPARC][INFO] 36840      -194.9717      0.3793    366.77
[SPARC][INFO] 36860      -195.0622      0.5069    490.19
[SPARC][INFO] 36880      -194.8785      0.3662    354.16
[SPARC][INFO] 36900      -194.9507      0.4457    431.05
[SPARC][INFO] 36920      -194.9187      0.4019    388.70
[SPARC][INFO] 36940      -194.9444      0.3861    373.34
[SPARC][INFO] 36960      -195.0089      0.3794    366.88
[SPARC][INFO] 36980      -194.9555      0.2590    250.45
[SPARC][INFO] 37000      -195.0456      0.2873    277.81
[SPARC][INFO] 37020      -195.0979      0.3001    290.22
[SPARC][INFO] 37040      -195.0955      0.2667    257.87
[SPARC][INFO] 37060      -195.0661      0.2162    209.12
[SPARC][INFO] 37080      -195.0538      0.1895    183.22
[SPARC][INFO] 37100      -195.1887      0.3238    313.15
[SPARC][INFO] 37120      -195.1524      0.3069    296.78
[SPARC][INFO] 37140      -195.0792      0.2516    243.33
[SPARC][INFO] 37160      -195.1613      0.3586    346.75
[SPARC][INFO] 37180      -195.0331      0.2618    253.15
[SPARC][INFO] 37200      -194.8920      0.1651    159.70
[SPARC][INFO] 37220      -195.1308      0.4507    435.82
[SPARC][INFO] 37240      -194.7759      0.1782    172.32
[SPARC][INFO] 37260      -194.9891      0.4507    435.87
[SPARC][INFO] 37280      -195.0007      0.5325    514.99
[SPARC][INFO] 37300      -194.9269      0.4697    454.23
[SPARC][INFO] 37320      -194.8797      0.4129    399.27
[SPARC][INFO] 37340      -194.9843      0.4768    461.12
[SPARC][INFO] 37360      -195.0014      0.4568    441.75
[SPARC][INFO] 37380      -194.8985      0.3156    305.21
[SPARC][INFO] 37400      -194.9789      0.3433    331.95
[SPARC][INFO] 37420      -194.8981      0.2307    223.06
[SPARC][INFO] 37440      -195.0615      0.3702    358.00
[SPARC][INFO] 37460      -195.0092      0.2977    287.93
[SPARC][INFO] 37480      -195.0067      0.2758    266.75
[SPARC][INFO] 37500      -195.1368      0.3781    365.66
[SPARC][INFO] 37520      -195.2184      0.4261    412.03
[SPARC][INFO] 37540      -194.9983      0.1901    183.82
[SPARC][INFO] 37560      -195.2058      0.3760    363.63
[SPARC][INFO] 37580      -195.0871      0.2348    227.06
[SPARC][INFO] 37600      -195.1307      0.2508    242.56
[SPARC][INFO] 37620      -195.2669      0.3625    350.56
[SPARC][INFO] 37640      -195.1609      0.2328    225.14
[SPARC][INFO] 37660      -195.2071      0.2526    244.23
[SPARC][INFO] 37680      -195.1675      0.1775    171.68
[SPARC][INFO] 37700      -195.1783      0.1560    150.85
[SPARC][INFO] 37720      -195.2513      0.1999    193.29
[SPARC][INFO] 37740      -195.2129      0.1907    184.43
[SPARC][INFO] 37760      -195.2001      0.1683    162.72
[SPARC][INFO] 37780      -195.2149      0.1883    182.10
[SPARC][INFO] 37800      -195.1993      0.1932    186.80
[SPARC][INFO] 37820      -195.1460      0.1679    162.40
[SPARC][INFO] 37840      -195.0797      0.1643    158.91
[SPARC][INFO] 37860      -195.0110      0.1550    149.94
[SPARC][INFO] 37880      -195.1180      0.3052    295.12
[SPARC][INFO] 37900      -194.9376      0.1553    150.20
[SPARC][INFO] 37920      -195.0072      0.2482    239.99
[SPARC][INFO] 37940      -194.9997      0.2857    276.31
[SPARC][INFO] 37960      -195.1130      0.4034    390.14
[SPARC][INFO] 37980      -194.9491      0.2544    246.00
[SPARC][INFO] 38000      -195.0780      0.3945    381.45
[SPARC][INFO] 38020      -195.1363      0.4655    450.14
[SPARC][INFO] 38040      -194.9075      0.2557    247.30
[SPARC][INFO] 38060      -194.9542      0.3234    312.77
[SPARC][INFO] 38080      -194.9657      0.3330    322.00
[SPARC][INFO] 38100      -195.1501      0.5496    531.49
[SPARC][INFO] 38120      -195.0274      0.3994    386.24
[SPARC][INFO] 38140      -195.1470      0.4682    452.80
[SPARC][INFO] 38160      -195.0675      0.3142    303.82
[SPARC][INFO] 38180      -195.0173      0.1975    191.03
[SPARC][INFO] 38200      -195.0124      0.1963    189.84
[SPARC][INFO] 38220      -195.1496      0.3213    310.72
[SPARC][INFO] 38240      -195.0515      0.2084    201.48
[SPARC][INFO] 38260      -195.0969      0.2463    238.17
[SPARC][INFO] 38280      -195.1307      0.2735    264.50
[SPARC][INFO] 38300      -195.2203      0.3550    343.32
[SPARC][INFO] 38320      -195.0117      0.1634    158.06
[SPARC][INFO] 38340      -195.0540      0.2121    205.15
[SPARC][INFO] 38360      -195.0151      0.2009    194.31
[SPARC][INFO] 38380      -195.0487      0.2590    250.42
[SPARC][INFO] 38400      -195.0330      0.2999    289.97
[SPARC][INFO] 38420      -195.0317      0.3558    344.06
[SPARC][INFO] 38440      -195.0838      0.4551    440.15
[SPARC][INFO] 38460      -195.1592      0.5935    573.92
[SPARC][INFO] 38480      -195.0076      0.4456    430.95
[SPARC][INFO] 38500      -195.0085      0.5369    519.19
[SPARC][INFO] 38520      -194.7774      0.3214    310.76
[SPARC][INFO] 38540      -194.8360      0.3610    349.10
[SPARC][INFO] 38560      -195.0342      0.5359    518.21
[SPARC][INFO] 38580      -195.1142      0.5782    559.11
[SPARC][INFO] 38600      -194.7919      0.2415    233.55
[SPARC][INFO] 38620      -195.0469      0.4658    450.41
[SPARC][INFO] 38640      -194.9032      0.3696    357.44
[SPARC][INFO] 38660      -194.9737      0.3757    363.27
[SPARC][INFO] 38680      -195.0845      0.4422    427.60
[SPARC][INFO] 38700      -194.9604      0.2692    260.33
[SPARC][INFO] 38720      -194.9235      0.2329    225.20
[SPARC][INFO] 38740      -195.0693      0.3421    330.82
[SPARC][INFO] 38760      -194.9616      0.2043    197.53
[SPARC][INFO] 38780      -195.0053      0.2155    208.41
[SPARC][INFO] 38800      -195.0764      0.2849    275.53
[SPARC][INFO] 38820      -195.2009      0.3884    375.57
[SPARC][INFO] 38840      -195.1060      0.3158    305.38
[SPARC][INFO] 38860      -195.1162      0.3158    305.38
[SPARC][INFO] 38880      -195.0521      0.3005    290.64
[SPARC][INFO] 38900      -195.0343      0.3114    301.12
[SPARC][INFO] 38920      -195.0682      0.3550    343.31
[SPARC][INFO] 38940      -194.9883      0.3288    317.93
[SPARC][INFO] 38960      -195.0107      0.3828    370.21
[SPARC][INFO] 38980      -194.9625      0.3732    360.87
[SPARC][INFO] 39000      -194.7760      0.2172    210.03
[SPARC][INFO] 39020      -194.9263      0.3918    378.89
[SPARC][INFO] 39040      -195.0576      0.5512    533.06
[SPARC][INFO] 39060      -194.7848      0.2681    259.29
[SPARC][INFO] 39080      -195.0470      0.4906    474.45
[SPARC][INFO] 39100      -194.8915      0.3095    299.31
[SPARC][INFO] 39120      -194.9392      0.2861    276.64
[SPARC][INFO] 39140      -195.0894      0.3922    379.24
[SPARC][INFO] 39160      -195.1259      0.3760    363.62
[SPARC][INFO] 39180      -195.0662      0.2794    270.20
[SPARC][INFO] 39200      -195.0449      0.2341    226.43
[SPARC][INFO] 39220      -195.0878      0.2605    251.95
[SPARC][INFO] 39240      -195.1495      0.3048    294.71
[SPARC][INFO] 39260      -195.2072      0.3661    354.03
[SPARC][INFO] 39280      -195.0982      0.2718    262.83
[SPARC][INFO] 39300      -195.0874      0.2656    256.80
[SPARC][INFO] 39320      -195.1364      0.3350    323.92
[SPARC][INFO] 39340      -195.0817      0.3155    305.12
[SPARC][INFO] 39360      -195.0794      0.3321    321.17
[SPARC][INFO] 39380      -194.9925      0.2920    282.34
[SPARC][INFO] 39400      -194.9926      0.3563    344.53
[SPARC][INFO] 39420      -194.9226      0.3631    351.17
[SPARC][INFO] 39440      -194.7278      0.2872    277.78
[SPARC][INFO] 39460      -194.9900      0.6161    595.82
[SPARC][INFO] 39480      -194.8765      0.5153    498.29
[SPARC][INFO] 39500      -194.8868      0.5120    495.09
[SPARC][INFO] 39520      -194.6652      0.2786    269.41
[SPARC][INFO] 39540      -194.8847      0.4230    409.10
[SPARC][INFO] 39560      -194.9613      0.5003    483.78
[SPARC][INFO] 39580      -194.8562      0.3333    322.36
[SPARC][INFO] 39600      -194.8709      0.2803    271.10
[SPARC][INFO] 39620      -194.9349      0.2972    287.40
[SPARC][INFO] 39640      -195.0186      0.3447    333.31
[SPARC][INFO] 39660      -194.9232      0.2287    221.20
[SPARC][INFO] 39680      -194.9811      0.2695    260.58
[SPARC][INFO] 39700      -194.9955      0.2731    264.12
[SPARC][INFO] 39720      -194.9178      0.1907    184.45
[SPARC][INFO] 39740      -195.0896      0.3564    344.69
[SPARC][INFO] 39760      -195.0288      0.3007    290.78
[SPARC][INFO] 39780      -195.0103      0.3004    290.53
[SPARC][INFO] 39800      -195.0409      0.3582    346.43
[SPARC][INFO] 39820      -194.8237      0.1858    179.69
[SPARC][INFO] 39840      -194.9441      0.3660    353.96
[SPARC][INFO] 39860      -194.8599      0.3415    330.25
[SPARC][INFO] 39880      -194.7166      0.2714    262.42
[SPARC][INFO] 39900      -194.8416      0.4372    422.82
[SPARC][INFO] 39920      -194.6605      0.2759    266.83
[SPARC][INFO] 39940      -194.7535      0.3594    347.53
[SPARC][INFO] 39960      -194.7383      0.3247    313.98
[SPARC][INFO] 39980      -194.9348      0.4747    459.09
[SPARC][INFO] 40000      -195.0572      0.5525    534.32
[SPARC][INFO] 40020      -194.7867      0.2909    281.30
[SPARC][INFO] 40040      -194.8297      0.2971    287.32
[SPARC][INFO] 40060      -194.9917      0.4293    415.13
[SPARC][INFO] 40080      -194.9402      0.3638    351.79
[SPARC][INFO] 40100      -194.9046      0.3192    308.64
[SPARC][INFO] 40120      -194.7824      0.1961    189.68
[SPARC][INFO] 40140      -194.7654      0.1733    167.60
[SPARC][INFO] 40160      -194.9939      0.3908    377.94
[SPARC][INFO] 40180      -194.9338      0.3316    320.64
[SPARC][INFO] 40200      -194.8869      0.2849    275.55
[SPARC][INFO] 40220      -194.8888      0.2910    281.43
[SPARC][INFO] 40240      -194.7837      0.1896    183.38
[SPARC][INFO] 40260      -194.9949      0.3967    383.61
[SPARC][INFO] 40280      -195.0554      0.4588    443.64
[SPARC][INFO] 40300      -194.9641      0.3807    368.13
[SPARC][INFO] 40320      -194.9316      0.3665    354.41
[SPARC][INFO] 40340      -194.7117      0.1730    167.32
[SPARC][INFO] 40360      -194.9040      0.3832    370.56
[SPARC][INFO] 40380      -194.9070      0.4119    398.36
[SPARC][INFO] 40400      -194.8149      0.3545    342.83
[SPARC][INFO] 40420      -194.7663      0.3374    326.33
[SPARC][INFO] 40440      -194.6072      0.1955    189.06
[SPARC][INFO] 40460      -194.6145      0.2472    239.05
[SPARC][INFO] 40480      -194.8728      0.4905    474.32
[SPARC][INFO] 40500      -194.8128      0.4015    388.28
[SPARC][INFO] 40520      -194.8884      0.4309    416.68
[SPARC][INFO] 40540      -194.7664      0.2582    249.65
[SPARC][INFO] 40560      -194.7598      0.1899    183.62
[SPARC][INFO] 40580      -195.0319      0.4106    397.07
[SPARC][INFO] 40600      -194.9779      0.3237    313.04
[SPARC][INFO] 40620      -194.9622      0.2879    278.43
[SPARC][INFO] 40640      -194.8941      0.2146    207.55
[SPARC][INFO] 40660      -194.7515      0.0722     69.82
[SPARC][INFO] 40680      -194.9294      0.2504    242.17
[SPARC][INFO] 40700      -194.9659      0.3020    292.03
[SPARC][INFO] 40720      -194.8602      0.2197    212.42
[SPARC][INFO] 40740      -195.0883      0.4718    456.27
[SPARC][INFO] 40760      -194.9424      0.3579    346.15
[SPARC][INFO] 40780      -194.9302      0.3653    353.30
[SPARC][INFO] 40800      -194.9276      0.3822    369.63
[SPARC][INFO] 40820      -194.9706      0.4295    415.35
[SPARC][INFO] 40840      -195.0530      0.4938    477.49
[SPARC][INFO] 40860      -194.9538      0.3571    345.35
[SPARC][INFO] 40880      -195.0089      0.3540    342.31
[SPARC][INFO] 40900      -195.1389      0.4146    400.89
[SPARC][INFO] 40920      -195.0138      0.2800    270.75
[SPARC][INFO] 40940      -195.0448      0.2591    250.52
[SPARC][INFO] 40960      -195.0458      0.2295    221.92
[SPARC][INFO] 40980      -195.0631      0.2217    214.41
[SPARC][INFO] 41000      -195.0714      0.2166    209.45
[SPARC][INFO] 41020      -195.1725      0.3103    300.04
[SPARC][INFO] 41040      -195.1689      0.3064    296.27
[SPARC][INFO] 41060      -195.0498      0.1962    189.77
[SPARC][INFO] 41080      -195.0036      0.1659    160.43
[SPARC][INFO] 41100      -195.1197      0.3056    295.48
[SPARC][INFO] 41120      -195.1210      0.3450    333.65
[SPARC][INFO] 41140      -194.9369      0.2102    203.24
[SPARC][INFO] 41160      -194.8240      0.1553    150.23
[SPARC][INFO] 41180      -194.9389      0.3238    313.10
[SPARC][INFO] 41200      -195.2239      0.6417    620.55
[SPARC][INFO] 41220      -194.9544      0.4123    398.73
[SPARC][INFO] 41240      -194.7377      0.2122    205.25
[SPARC][INFO] 41260      -195.1228      0.5777    558.68
[SPARC][INFO] 41280      -194.8750      0.3308    319.91
[SPARC][INFO] 41300      -194.7114      0.1417    137.00
[SPARC][INFO] 41320      -194.7757      0.1795    173.57
[SPARC][INFO] 41340      -194.9717      0.3314    320.52
[SPARC][INFO] 41360      -195.0047      0.3080    297.85
[SPARC][INFO] 41380      -194.9801      0.2812    271.95
[SPARC][INFO] 41400      -195.0442      0.3164    305.99
[SPARC][INFO] 41420      -194.9855      0.2366    228.80
[SPARC][INFO] 41440      -194.9757      0.2243    216.89
[SPARC][INFO] 41460      -194.9464      0.2024    195.72
[SPARC][INFO] 41480      -195.1096      0.3654    353.39
[SPARC][INFO] 41500      -195.0162      0.2849    275.50
[SPARC][INFO] 41520      -194.9995      0.2800    270.78
[SPARC][INFO] 41540      -194.9158      0.2034    196.65
[SPARC][INFO] 41560      -194.9519      0.2510    242.74
[SPARC][INFO] 41580      -194.9909      0.2929    283.24
[SPARC][INFO] 41600      -195.0011      0.3093    299.08
[SPARC][INFO] 41620      -194.8820      0.1964    189.97
[SPARC][INFO] 41640      -194.8658      0.1779    172.01
[SPARC][INFO] 41660      -194.9233      0.2279    220.42
[SPARC][INFO] 41680      -195.2845      0.5691    550.33
[SPARC][INFO] 41700      -195.0639      0.3395    328.28
[SPARC][INFO] 41720      -195.0037      0.2628    254.13
[SPARC][INFO] 41740      -195.0581      0.3056    295.51
[SPARC][INFO] 41760      -195.1585      0.3790    366.52
[SPARC][INFO] 41780      -195.0410      0.2339    226.22
[SPARC][INFO] 41800      -194.9993      0.1635    158.15
[SPARC][INFO] 41820      -195.0503      0.2176    210.44
[SPARC][INFO] 41840      -195.1257      0.2672    258.40
[SPARC][INFO] 41860      -195.0641      0.1866    180.45
[SPARC][INFO] 41880      -195.1154      0.2255    218.10
[SPARC][INFO] 41900      -195.1556      0.2629    254.25
[SPARC][INFO] 41920      -195.0444      0.1514    146.41
[SPARC][INFO] 41940      -195.0836      0.2068    199.98
[SPARC][INFO] 41960      -195.1974      0.3492    337.69
[SPARC][INFO] 41980      -195.0190      0.2205    213.22
[SPARC][INFO] 42000      -195.0058      0.2703    261.41
[SPARC][INFO] 42020      -195.0371      0.3678    355.69
[SPARC][INFO] 42040      -195.1799      0.5558    537.49
[SPARC][INFO] 42060      -194.9346      0.3396    328.43
[SPARC][INFO] 42080      -194.8921      0.3140    303.67
[SPARC][INFO] 42100      -195.1683      0.5993    579.59
[SPARC][INFO] 42120      -195.0853      0.5067    489.97
[SPARC][INFO] 42140      -195.0191      0.4203    406.42
[SPARC][INFO] 42160      -194.9031      0.2736    264.59
[SPARC][INFO] 42180      -195.0561      0.3862    373.43
[SPARC][INFO] 42200      -195.0216      0.3157    305.31
[SPARC][INFO] 42220      -195.1081      0.3605    348.60
[SPARC][INFO] 42240      -195.0230      0.2378    229.95
[SPARC][INFO] 42260      -195.0508      0.2321    224.46
[SPARC][INFO] 42280      -195.0612      0.2332    225.55
[SPARC][INFO] 42300      -195.1009      0.2548    246.37
[SPARC][INFO] 42320      -195.0838      0.2225    215.18
[SPARC][INFO] 42340      -195.1037      0.2434    235.39
[SPARC][INFO] 42360      -195.0277      0.1822    176.22
[SPARC][INFO] 42380      -195.1562      0.3121    301.80
[SPARC][INFO] 42400      -195.1022      0.3019    291.94
[SPARC][INFO] 42420      -195.0381      0.3333    322.31
[SPARC][INFO] 42440      -194.9668      0.3615    349.59
[SPARC][INFO] 42460      -194.9633      0.4290    414.82
[SPARC][INFO] 42480      -194.9413      0.4465    431.80
[SPARC][INFO] 42500      -194.9233      0.4509    436.02
[SPARC][INFO] 42520      -194.9969      0.5269    509.50
[SPARC][INFO] 42540      -194.8554      0.3636    351.65
[SPARC][INFO] 42560      -195.0109      0.4670    451.59
[SPARC][INFO] 42580      -194.9538      0.3565    344.72
[SPARC][INFO] 42600      -195.0154      0.3713    359.04
[SPARC][INFO] 42620      -195.0191      0.3250    314.32
[SPARC][INFO] 42640      -195.0704      0.3360    324.88
[SPARC][INFO] 42660      -194.9461      0.1806    174.60
[SPARC][INFO] 42680      -195.0262      0.2363    228.48
[SPARC][INFO] 42700      -194.9777      0.1769    171.06
[SPARC][INFO] 42720      -194.9934      0.1866    180.46
[SPARC][INFO] 42740      -195.0492      0.2755    266.39
[SPARC][INFO] 42760      -195.0307      0.2590    250.46
[SPARC][INFO] 42780      -195.1165      0.3514    339.83
[SPARC][INFO] 42800      -195.0784      0.3290    318.17
[SPARC][INFO] 42820      -195.0008      0.2771    267.93
[SPARC][INFO] 42840      -194.9371      0.2765    267.37
[SPARC][INFO] 42860      -195.0519      0.4789    463.09
[SPARC][INFO] 42880      -195.0742      0.5909    571.45
[SPARC][INFO] 42900      -194.7736      0.3515    339.89
[SPARC][INFO] 42920      -194.7310      0.3393    328.08
[SPARC][INFO] 42940      -194.8510      0.4589    443.74
[SPARC][INFO] 42960      -194.8414      0.4300    415.81
[SPARC][INFO] 42980      -194.9270      0.4828    466.89
[SPARC][INFO] 43000      -194.8345      0.3368    325.71
[SPARC][INFO] 43020      -194.8010      0.2400    232.13
[SPARC][INFO] 43040      -194.9140      0.3083    298.18
[SPARC][INFO] 43060      -195.0520      0.4105    396.97
[SPARC][INFO] 43080      -194.9586      0.2924    282.75
[SPARC][INFO] 43100      -194.9165      0.2308    223.15
[SPARC][INFO] 43120      -195.0695      0.3715    359.28
[SPARC][INFO] 43140      -195.0802      0.3785    366.00
[SPARC][INFO] 43160      -195.0241      0.3233    312.60
[SPARC][INFO] 43180      -195.0546      0.3579    346.09
[SPARC][INFO] 43200      -194.9913      0.3420    330.76
[SPARC][INFO] 43220      -195.0823      0.4281    413.98
[SPARC][INFO] 43240      -194.9452      0.2890    279.50
[SPARC][INFO] 43260      -194.9436      0.2901    280.49
[SPARC][INFO] 43280      -195.0434      0.3919    378.95
[SPARC][INFO] 43300      -194.9469      0.2964    286.59
[SPARC][INFO] 43320      -194.8329      0.1721    166.44
[SPARC][INFO] 43340      -195.0624      0.3894    376.61
[SPARC][INFO] 43360      -195.0462      0.3479    336.41
[SPARC][INFO] 43380      -194.9852      0.2529    244.56
[SPARC][INFO] 43400      -194.9545      0.1993    192.71
[SPARC][INFO] 43420      -195.0007      0.2268    219.35
[SPARC][INFO] 43440      -195.0748      0.2872    277.76
[SPARC][INFO] 43460      -194.9782      0.1853    179.22
[SPARC][INFO] 43480      -194.9453      0.1568    151.65
[SPARC][INFO] 43500      -195.1188      0.3282    317.39
[SPARC][INFO] 43520      -194.9891      0.2443    236.21
[SPARC][INFO] 43540      -195.0134      0.2977    287.93
[SPARC][INFO] 43560      -195.0873      0.4133    399.64
[SPARC][INFO] 43580      -194.9553      0.3315    320.57
[SPARC][INFO] 43600      -194.8265      0.2504    242.10
[SPARC][INFO] 43620      -194.9155      0.3754    363.03
[SPARC][INFO] 43640      -195.0034      0.5257    508.39
[SPARC][INFO] 43660      -194.7695      0.3204    309.85
[SPARC][INFO] 43680      -194.7472      0.2928    283.18
[SPARC][INFO] 43700      -194.7681      0.2974    287.63
[SPARC][INFO] 43720      -194.9469      0.4266    412.53
[SPARC][INFO] 43740      -194.9294      0.3280    317.14
[SPARC][INFO] 43760      -194.9323      0.2307    223.06
[SPARC][INFO] 43780      -195.0692      0.2923    282.66
[SPARC][INFO] 43800      -195.0410      0.2308    223.16
[SPARC][INFO] 43820      -195.0187      0.1927    186.39
[SPARC][INFO] 43840      -195.0221      0.1927    186.36
[SPARC][INFO] 43860      -195.0615      0.2322    224.52
[SPARC][INFO] 43880      -195.0859      0.2677    258.88
[SPARC][INFO] 43900      -195.0504      0.2543    245.91
[SPARC][INFO] 43920      -194.8946      0.1327    128.30
[SPARC][INFO] 43940      -195.0165      0.2890    279.43
[SPARC][INFO] 43960      -194.9131      0.2212    213.87
[SPARC][INFO] 43980      -194.8494      0.2007    194.09
[SPARC][INFO] 44000      -195.0344      0.4207    406.83
[SPARC][INFO] 44020      -194.8411      0.2618    253.20
[SPARC][INFO] 44040      -194.9309      0.3741    361.81
[SPARC][INFO] 44060      -194.9071      0.3612    349.32
[SPARC][INFO] 44080      -194.8271      0.2751    266.04
[SPARC][INFO] 44100      -194.9185      0.3951    382.11
[SPARC][INFO] 44120      -194.9936      0.4417    427.14
[SPARC][INFO] 44140      -194.9658      0.3525    340.90
[SPARC][INFO] 44160      -194.9185      0.2091    202.23
[SPARC][INFO] 44180      -195.0345      0.2476    239.40
[SPARC][INFO] 44200      -195.1332      0.2828    273.48
[SPARC][INFO] 44220      -195.0994      0.2365    228.68
[SPARC][INFO] 44240      -195.2178      0.3394    328.20
[SPARC][INFO] 44260      -195.1648      0.2877    278.23
[SPARC][INFO] 44280      -195.0528      0.1786    172.72
[SPARC][INFO] 44300      -195.1150      0.2554    247.03
[SPARC][INFO] 44320      -195.1164      0.2783    269.08
[SPARC][INFO] 44340      -194.9758      0.1661    160.62
[SPARC][INFO] 44360      -195.1109      0.3466    335.14
[SPARC][INFO] 44380      -195.1004      0.3830    370.42
[SPARC][INFO] 44400      -194.9664      0.2912    281.58
[SPARC][INFO] 44420      -194.9906      0.3506    339.06
[SPARC][INFO] 44440      -194.9394      0.3372    326.08
[SPARC][INFO] 44460      -194.9306      0.3591    347.31
[SPARC][INFO] 44480      -194.9183      0.3549    343.16
[SPARC][INFO] 44500      -194.9951      0.4263    412.27
[SPARC][INFO] 44520      -194.9877      0.4082    394.71
[SPARC][INFO] 44540      -194.9417      0.3326    321.68
[SPARC][INFO] 44560      -194.9171      0.3233    312.68
[SPARC][INFO] 44580      -195.0462      0.4201    406.30
[SPARC][INFO] 44600      -194.9675      0.3028    292.79
[SPARC][INFO] 44620      -195.0797      0.3707    358.48
[SPARC][INFO] 44640      -195.0676      0.3431    331.83
[SPARC][INFO] 44660      -194.9762      0.2311    223.46
[SPARC][INFO] 44680      -194.9632      0.2150    207.92
[SPARC][INFO] 44700      -195.0257      0.2761    266.98
[SPARC][INFO] 44720      -194.9142      0.1698    164.18
[SPARC][INFO] 44740      -194.9660      0.2322    224.52
[SPARC][INFO] 44760      -195.0315      0.3108    300.57
[SPARC][INFO] 44780      -195.0514      0.3416    330.37
[SPARC][INFO] 44800      -194.9934      0.2891    279.62
[SPARC][INFO] 44820      -195.0102      0.3240    313.31
[SPARC][INFO] 44840      -195.0921      0.4144    400.71
[SPARC][INFO] 44860      -194.9526      0.2756    266.48
[SPARC][INFO] 44880      -195.1773      0.5118    494.89
[SPARC][INFO] 44900      -195.0826      0.4251    411.10
[SPARC][INFO] 44920      -194.7831      0.1252    121.03
[SPARC][INFO] 44940      -195.0704      0.4119    398.33
[SPARC][INFO] 44960      -195.1105      0.4601    444.91
[SPARC][INFO] 44980      -195.0785      0.4376    423.19
[SPARC][INFO] 45000      -194.8097      0.1781    172.25
[SPARC][INFO] 45020      -195.0876      0.4932    476.94
[SPARC][INFO] 45040      -195.1405      0.5464    528.36
[SPARC][INFO] 45060      -194.9946      0.3904    377.49
[SPARC][INFO] 45080      -194.8371      0.2175    210.33
[SPARC][INFO] 45100      -195.0076      0.3579    346.12
[SPARC][INFO] 45120      -195.0208      0.3301    319.25
[SPARC][INFO] 45140      -195.0633      0.3366    325.47
[SPARC][INFO] 45160      -195.1340      0.3697    357.50
[SPARC][INFO] 45180      -195.0519      0.2516    243.34
[SPARC][INFO] 45200      -195.0149      0.1953    188.85
[SPARC][INFO] 45220      -195.1456      0.3007    290.82
[SPARC][INFO] 45240      -195.2385      0.3783    365.79
[SPARC][INFO] 45260      -195.0271      0.1654    159.97
[SPARC][INFO] 45280      -195.1096      0.2531    244.73
[SPARC][INFO] 45300      -195.1127      0.2657    256.90
[SPARC][INFO] 45320      -195.0730      0.2517    243.42
[SPARC][INFO] 45340      -194.9918      0.2203    213.08
[SPARC][INFO] 45360      -194.8963      0.2012    194.61
[SPARC][INFO] 45380      -194.9188      0.2974    287.63
[SPARC][INFO] 45400      -195.0650      0.4939    477.64
[SPARC][INFO] 45420      -195.1345      0.5919    572.35
[SPARC][INFO] 45440      -194.9543      0.4113    397.73
[SPARC][INFO] 45460      -194.9325      0.4270    412.89
[SPARC][INFO] 45480      -194.9348      0.4068    393.38
[SPARC][INFO] 45500      -194.8434      0.2806    271.40
[SPARC][INFO] 45520      -194.9339      0.3286    317.81
[SPARC][INFO] 45540      -195.0126      0.3677    355.59
[SPARC][INFO] 45560      -194.9918      0.3160    305.63
[SPARC][INFO] 45580      -194.9446      0.2559    247.42
[SPARC][INFO] 45600      -194.8730      0.1788    172.92
[SPARC][INFO] 45620      -194.8979      0.2083    201.40
[SPARC][INFO] 45640      -194.9216      0.2411    233.13
[SPARC][INFO] 45660      -194.9185      0.2600    251.39
[SPARC][INFO] 45680      -194.8939      0.2650    256.23
[SPARC][INFO] 45700      -194.8615      0.2643    255.62
[SPARC][INFO] 45720      -194.8302      0.2590    250.49
[SPARC][INFO] 45740      -194.9569      0.4161    402.41
[SPARC][INFO] 45760      -195.0387      0.4896    473.44
[SPARC][INFO] 45780      -194.7258      0.1862    180.07
[SPARC][INFO] 45800      -194.8418      0.2860    276.60
[SPARC][INFO] 45820      -195.1460      0.5726    553.77
[SPARC][INFO] 45840      -194.9697      0.3834    370.76
[SPARC][INFO] 45860      -194.9642      0.3555    343.80
[SPARC][INFO] 45880      -194.9580      0.3301    319.26
[SPARC][INFO] 45900      -194.9146      0.2613    252.66
[SPARC][INFO] 45920      -195.1104      0.4674    452.02
[SPARC][INFO] 45940      -195.0250      0.3435    332.16
[SPARC][INFO] 45960      -195.0745      0.3670    354.91
[SPARC][INFO] 45980      -195.0160      0.2729    263.90
[SPARC][INFO] 46000      -194.9608      0.1904    184.15
[SPARC][INFO] 46020      -195.0829      0.2754    266.32
[SPARC][INFO] 46040      -194.9887      0.1568    151.63
[SPARC][INFO] 46060      -195.0689      0.2153    208.25
[SPARC][INFO] 46080      -195.0150      0.1409    136.28
[SPARC][INFO] 46100      -195.2126      0.3226    311.95
[SPARC][INFO] 46120      -195.1446      0.2557    247.31
[SPARC][INFO] 46140      -195.0590      0.1736    167.88
[SPARC][INFO] 46160      -195.0936      0.2255    218.06
[SPARC][INFO] 46180      -195.1568      0.3253    314.61
[SPARC][INFO] 46200      -195.0443      0.2729    263.90
[SPARC][INFO] 46220      -195.1122      0.3969    383.86
[SPARC][INFO] 46240      -195.0834      0.4259    411.89
[SPARC][INFO] 46260      -194.9081      0.3165    306.10
[SPARC][INFO] 46280      -194.9751      0.3993    386.17
[SPARC][INFO] 46300      -195.0567      0.4920    475.82
[SPARC][INFO] 46320      -194.8299      0.2963    286.57
[SPARC][INFO] 46340      -194.8978      0.3633    351.33
[SPARC][INFO] 46360      -194.8258      0.2959    286.12
[SPARC][INFO] 46380      -194.8673      0.3432    331.90
[SPARC][INFO] 46400      -194.9340      0.3652    353.15
[SPARC][INFO] 46420      -194.8580      0.2415    233.58
[SPARC][INFO] 46440      -194.8797      0.2049    198.13
[SPARC][INFO] 46460      -195.0155      0.2704    261.52
[SPARC][INFO] 46480      -195.0981      0.2926    282.93
[SPARC][INFO] 46500      -195.1460      0.3145    304.13
[SPARC][INFO] 46520      -195.0910      0.2572    248.70
[SPARC][INFO] 46540      -195.1153      0.2661    257.35
[SPARC][INFO] 46560      -195.1693      0.3235    312.83
[SPARC][INFO] 46580      -195.0456      0.2205    213.28
[SPARC][INFO] 46600      -194.9771      0.1664    160.88
[SPARC][INFO] 46620      -195.0372      0.2376    229.75
[SPARC][INFO] 46640      -195.1469      0.3566    344.83
[SPARC][INFO] 46660      -195.0406      0.2867    277.24
[SPARC][INFO] 46680      -194.9909      0.2646    255.88
[SPARC][INFO] 46700      -195.0293      0.3280    317.21
[SPARC][INFO] 46720      -194.8626      0.1882    182.04
[SPARC][INFO] 46740      -194.9563      0.3066    296.51
[SPARC][INFO] 46760      -194.9786      0.3474    335.91
[SPARC][INFO] 46780      -194.9909      0.3703    358.12
[SPARC][INFO] 46800      -194.9802      0.3619    349.93
[SPARC][INFO] 46820      -195.0148      0.4164    402.72
[SPARC][INFO] 46840      -194.9966      0.3889    376.06
[SPARC][INFO] 46860      -195.0245      0.4173    403.57
[SPARC][INFO] 46880      -194.9292      0.3121    301.80
[SPARC][INFO] 46900      -194.8725      0.2526    244.30
[SPARC][INFO] 46920      -195.0040      0.3670    354.88
[SPARC][INFO] 46940      -194.9691      0.3315    320.61
[SPARC][INFO] 46960      -194.8594      0.2112    204.23
[SPARC][INFO] 46980      -194.9416      0.2759    266.81
[SPARC][INFO] 47000      -194.8696      0.1869    180.77
[SPARC][INFO] 47020      -195.0693      0.3631    351.14
[SPARC][INFO] 47040      -194.9951      0.2695    260.60
[SPARC][INFO] 47060      -195.0068      0.2688    259.97
[SPARC][INFO] 47080      -194.8768      0.1231    119.03
[SPARC][INFO] 47100      -195.0573      0.2757    266.57
[SPARC][INFO] 47120      -195.0321      0.2214    214.14
[SPARC][INFO] 47140      -195.0931      0.2598    251.22
[SPARC][INFO] 47160      -194.9070      0.0569     55.01
[SPARC][INFO] 47180      -195.0216      0.1530    147.99
[SPARC][INFO] 47200      -194.9912      0.1130    109.23
[SPARC][INFO] 47220      -195.1927      0.3062    296.06
[SPARC][INFO] 47240      -195.1155      0.2371    229.28
[SPARC][INFO] 47260      -195.1221      0.2708    261.87
[SPARC][INFO] 47280      -194.9805      0.1926    186.28
[SPARC][INFO] 47300      -195.0751      0.3535    341.87
[SPARC][INFO] 47320      -194.9612      0.3009    290.99
[SPARC][INFO] 47340      -194.9539      0.3416    330.30
[SPARC][INFO] 47360      -194.8775      0.3008    290.87
[SPARC][INFO] 47380      -195.0042      0.4453    430.58
[SPARC][INFO] 47400      -195.0369      0.4882    472.10
[SPARC][INFO] 47420      -194.9968      0.4474    432.65
[SPARC][INFO] 47440      -194.8640      0.3127    302.39
[SPARC][INFO] 47460      -194.9205      0.3583    346.53
[SPARC][INFO] 47480      -194.8894      0.3057    295.58
[SPARC][INFO] 47500      -195.0273      0.4149    401.20
[SPARC][INFO] 47520      -194.9811      0.3258    315.10
[SPARC][INFO] 47540      -194.9995      0.2862    276.81
[SPARC][INFO] 47560      -195.1315      0.3564    344.66
[SPARC][INFO] 47580      -195.2094      0.3707    358.52
[SPARC][INFO] 47600      -195.0807      0.2160    208.93
[SPARC][INFO] 47620      -195.0883      0.1897    183.43
[SPARC][INFO] 47640      -195.0996      0.1920    185.65
[SPARC][INFO] 47660      -195.1568      0.2530    244.62
[SPARC][INFO] 47680      -195.1482      0.2553    246.89
[SPARC][INFO] 47700      -195.1349      0.2554    246.98
[SPARC][INFO] 47720      -195.0306      0.1745    168.75
[SPARC][INFO] 47740      -195.0079      0.1985    191.95
[SPARC][INFO] 47760      -195.1601      0.3696    357.37
[SPARC][INFO] 47780      -195.1490      0.3863    373.55
[SPARC][INFO] 47800      -195.1274      0.3926    379.69
[SPARC][INFO] 47820      -195.0624      0.3519    340.29
[SPARC][INFO] 47840      -195.0619      0.3757    363.36
[SPARC][INFO] 47860      -195.0381      0.3812    368.61
[SPARC][INFO] 47880      -195.0360      0.3947    381.70
[SPARC][INFO] 47900      -194.8475      0.2296    222.07
[SPARC][INFO] 47920      -194.8560      0.2448    236.78
[SPARC][INFO] 47940      -194.9224      0.3058    295.69
[SPARC][INFO] 47960      -194.9169      0.2960    286.27
[SPARC][INFO] 47980      -194.9115      0.2570    248.58
[SPARC][INFO] 48000      -194.9383      0.2462    238.07
[SPARC][INFO] 48020      -194.9842      0.2359    228.12
[SPARC][INFO] 48040      -195.0852      0.2822    272.90
[SPARC][INFO] 48060      -195.0944      0.2467    238.54
[SPARC][INFO] 48080      -195.1234      0.2404    232.46
[SPARC][INFO] 48100      -195.0250      0.1320    127.61
[SPARC][INFO] 48120      -195.0091      0.1138    110.02
[SPARC][INFO] 48140      -195.0126      0.1264    122.27
[SPARC][INFO] 48160      -195.1382      0.2627    254.04
[SPARC][INFO] 48180      -195.0834      0.2388    230.89
[SPARC][INFO] 48200      -194.9841      0.2152    208.07
[SPARC][INFO] 48220      -194.9996      0.2763    267.19
[SPARC][INFO] 48240      -195.0067      0.3283    317.52
[SPARC][INFO] 48260      -194.9158      0.2677    258.83
[SPARC][INFO] 48280      -194.9791      0.3551    343.41
[SPARC][INFO] 48300      -194.8444      0.2466    238.48
[SPARC][INFO] 48320      -194.9305      0.3291    318.27
[SPARC][INFO] 48340      -195.0004      0.3885    375.71
[SPARC][INFO] 48360      -194.9665      0.3436    332.26
[SPARC][INFO] 48380      -194.9822      0.3534    341.76
[SPARC][INFO] 48400      -195.0845      0.4509    436.05
[SPARC][INFO] 48420      -194.9800      0.3454    334.05
[SPARC][INFO] 48440      -195.0029      0.3602    348.32
[SPARC][INFO] 48460      -194.9835      0.3285    317.72
[SPARC][INFO] 48480      -195.0558      0.3821    369.53
[SPARC][INFO] 48500      -195.1079      0.4091    395.58
[SPARC][INFO] 48520      -195.0862      0.3599    348.01
[SPARC][INFO] 48540      -195.0160      0.2591    250.61
[SPARC][INFO] 48560      -195.1151      0.3242    313.52
[SPARC][INFO] 48580      -195.0206      0.2086    201.73
[SPARC][INFO] 48600      -195.0146      0.1859    179.79
[SPARC][INFO] 48620      -194.9264      0.0864     83.53
[SPARC][INFO] 48640      -194.9563      0.1347    130.25
[SPARC][INFO] 48660      -194.9519      0.1316    127.24
[SPARC][INFO] 48680      -195.1216      0.3116    301.31
[SPARC][INFO] 48700      -195.1326      0.3518    340.23
[SPARC][INFO] 48720      -194.9814      0.2630    254.37
[SPARC][INFO] 48740      -194.8592      0.2102    203.29
[SPARC][INFO] 48760      -194.9124      0.3287    317.88
[SPARC][INFO] 48780      -194.8374      0.3097    299.52
[SPARC][INFO] 48800      -194.6553      0.1538    148.78
[SPARC][INFO] 48820      -194.7378      0.2437    235.65
[SPARC][INFO] 48840      -194.9309      0.4216    407.68
[SPARC][INFO] 48860      -195.2150      0.6737    651.45
[SPARC][INFO] 48880      -194.9387      0.3906    377.76
[SPARC][INFO] 48900      -194.8922      0.3188    308.33
[SPARC][INFO] 48920      -194.8412      0.2375    229.72
[SPARC][INFO] 48940      -195.0138      0.3745    362.19
[SPARC][INFO] 48960      -194.8808      0.2130    205.99
[SPARC][INFO] 48980      -194.9042      0.2077    200.90
[SPARC][INFO] 49000      -194.8867      0.1650    159.54
[SPARC][INFO] 49020      -194.9966      0.2468    238.69
[SPARC][INFO] 49040      -195.0294      0.2555    247.10
[SPARC][INFO] 49060      -195.1307      0.3322    321.24
[SPARC][INFO] 49080      -195.0513      0.2300    222.42
[SPARC][INFO] 49100      -195.0609      0.2278    220.34
[SPARC][INFO] 49120      -195.0860      0.2210    213.71
[SPARC][INFO] 49140      -195.1400      0.2307    223.14
[SPARC][INFO] 49160      -195.1658      0.2248    217.37
[SPARC][INFO] 49180      -195.1283      0.1769    171.02
[SPARC][INFO] 49200      -195.1375      0.1788    172.87
[SPARC][INFO] 49220      -195.1941      0.2294    221.87
[SPARC][INFO] 49240      -195.1051      0.1716    165.93
[SPARC][INFO] 49260      -195.0835      0.1851    179.03
[SPARC][INFO] 49280      -195.1200      0.2574    248.93
[SPARC][INFO] 49300      -195.0406      0.2370    229.15
[SPARC][INFO] 49320      -195.0571      0.2986    288.72
[SPARC][INFO] 49340      -194.9422      0.2258    218.35
[SPARC][INFO] 49360      -195.0057      0.3129    302.54
[SPARC][INFO] 49380      -194.9475      0.2697    260.82
[SPARC][INFO] 49400      -194.9684      0.3107    300.50
[SPARC][INFO] 49420      -194.9654      0.3263    315.51
[SPARC][INFO] 49440      -194.8692      0.2476    239.48
[SPARC][INFO] 49460      -195.0370      0.4334    419.12
[SPARC][INFO] 49480      -194.9953      0.3958    382.78
[SPARC][INFO] 49500      -194.9046      0.3052    295.11
[SPARC][INFO] 49520      -195.0157      0.4150    401.37
[SPARC][INFO] 49540      -194.8200      0.2205    213.25
[SPARC][INFO] 49560      -194.8508      0.2560    247.54
[SPARC][INFO] 49580      -195.0217      0.3858    373.07
[SPARC][INFO] 49600      -194.9880      0.3003    290.42
[SPARC][INFO] 49620      -195.0160      0.2727    263.75
[SPARC][INFO] 49640      -195.0718      0.2674    258.58
[SPARC][INFO] 49660      -195.1169      0.2604    251.83
[SPARC][INFO] 49680      -195.0385      0.1665    161.04
[SPARC][INFO] 49700      -195.1856      0.2921    282.47
[SPARC][INFO] 49720      -195.2389      0.3376    326.48
[SPARC][INFO] 49740      -195.0475      0.1619    156.60
[SPARC][INFO] 49760      -195.0758      0.2066    199.78
[SPARC][INFO] 49780      -195.2263      0.3703    358.10
[SPARC][INFO] 49800      -195.1280      0.3099    299.73
[SPARC][INFO] 49820      -194.9439      0.1899    183.68
[SPARC][INFO] 49840      -195.0346      0.3244    313.66
[SPARC][INFO] 49860      -195.0117      0.3533    341.65
[SPARC][INFO] 49880      -194.9235      0.2990    289.15
[SPARC][INFO] 49900      -195.0423      0.4238    409.86
[SPARC][INFO] 49920      -195.0722      0.4491    434.33
[SPARC][INFO] 49940      -194.8626      0.2453    237.18
[SPARC][INFO] 49960      -194.8645      0.2376    229.76
[SPARC][INFO] 49980      -195.0096      0.3647    352.65
[SPARC][INFO] 50000      -194.9703      0.3138    303.47
[SPARC][INFO] PyTorch backend is functional
[SPARC][INFO] Detected DeePMD-kit v3 with PYTORCH backend
[SPARC][INFO] 
[SPARC][INFO] --------------------------------------------------------------------------------
[SPARC][INFO]                         ACTIVE LEARNING CYCLE : DISABLED                        
[SPARC][INFO] --------------------------------------------------------------------------------
[SPARC][INFO] ================================================================================
[SPARC][INFO] 

================================================================================
END CALCULATION - 2026-04-15 16:29:16
Total Runtime: 0:01:20.286192
================================================================================
