# Step   Epot       Ekin       Total      Temp  
0.0      -194.706314 0.310224   -194.396090 300.00
20.0     -194.872631 0.469499   -194.403132 454.03
40.0     -194.859446 0.441881   -194.417565 427.32
60.0     -194.741422 0.299273   -194.442148 289.41
80.0     -194.769103 0.288309   -194.480794 278.81
100.0    -194.756738 0.231491   -194.525247 223.86
120.0    -194.853732 0.278364   -194.575369 269.19
140.0    -194.830311 0.215104   -194.615207 208.02
160.0    -194.865040 0.216120   -194.648920 209.00
180.0    -194.823635 0.152828   -194.670807 147.79
200.0    -194.798853 0.120984   -194.677869 117.00
220.0    -194.876897 0.194180   -194.682718 187.78
240.0    -194.879021 0.201316   -194.677706 194.68
260.0    -194.956982 0.315660   -194.641322 305.26
280.0    -194.860782 0.314081   -194.546701 303.73
300.0    -194.721391 0.285066   -194.436325 275.67
320.0    -194.767275 0.398062   -194.369213 384.94
340.0    -194.704511 0.361378   -194.343133 349.47
360.0    -194.871331 0.525155   -194.346176 507.85
380.0    -194.893898 0.522878   -194.371020 505.65
400.0    -194.730258 0.323119   -194.407138 312.47
420.0    -194.759732 0.307479   -194.452254 297.35
440.0    -194.831460 0.323881   -194.507578 313.21
460.0    -194.863145 0.326613   -194.536532 315.85
480.0    -194.844704 0.282215   -194.562489 272.91
500.0    -194.854893 0.270969   -194.583925 262.04
520.0    -194.864171 0.262998   -194.601173 254.33
540.0    -194.871994 0.267308   -194.604686 258.50
560.0    -194.872071 0.273148   -194.598923 264.15
580.0    -194.770375 0.189245   -194.581130 183.01
600.0    -194.867202 0.309087   -194.558115 298.90
620.0    -194.799052 0.287660   -194.511392 278.18
640.0    -194.739289 0.296744   -194.442545 286.96
660.0    -194.742935 0.379443   -194.363492 366.94
680.0    -194.755993 0.459877   -194.296116 444.72
700.0    -194.748069 0.486837   -194.261231 470.79
720.0    -194.796114 0.526872   -194.269242 509.51
740.0    -194.734342 0.432213   -194.302129 417.97
760.0    -194.759135 0.407713   -194.351422 394.28
780.0    -194.760467 0.357874   -194.402593 346.08
800.0    -194.700382 0.264124   -194.436258 255.42
820.0    -194.751323 0.291626   -194.459697 282.01
840.0    -194.709479 0.237592   -194.471887 229.76
860.0    -194.711831 0.233348   -194.478483 225.66
880.0    -194.698619 0.212215   -194.486404 205.22
900.0    -194.842354 0.342966   -194.499388 331.66
920.0    -194.798445 0.311599   -194.486846 301.33
940.0    -194.837261 0.340677   -194.496584 329.45
960.0    -194.789932 0.292564   -194.497368 282.92
980.0    -194.870148 0.359592   -194.510556 347.74
1000.0   -194.904226 0.384034   -194.520192 371.38
1020.0   -194.867682 0.339323   -194.528360 328.14
1040.0   -194.792924 0.265135   -194.527789 256.40
1060.0   -194.884894 0.349770   -194.535124 338.24
1080.0   -194.804685 0.269300   -194.535385 260.42
1100.0   -194.865986 0.335569   -194.530417 324.51
1120.0   -194.698381 0.194222   -194.504159 187.82
1140.0   -194.767221 0.285422   -194.481799 276.02
1160.0   -194.783877 0.337110   -194.446766 326.00
1180.0   -194.716725 0.315633   -194.401092 305.23
1200.0   -194.689465 0.340917   -194.348548 329.68
1220.0   -194.744282 0.434035   -194.310246 419.73
1240.0   -194.697368 0.404077   -194.293291 390.76
1260.0   -194.819079 0.521150   -194.297929 503.97
1280.0   -194.737010 0.420594   -194.316416 406.73
1300.0   -194.791883 0.419301   -194.372582 405.48
1320.0   -194.827883 0.374601   -194.453281 362.26
1340.0   -194.912737 0.386608   -194.526129 373.87
1360.0   -194.873530 0.305197   -194.568333 295.14
1380.0   -194.891674 0.318523   -194.573151 308.03
1400.0   -194.884060 0.297892   -194.586168 288.07
1420.0   -194.868283 0.280676   -194.587607 271.43
1440.0   -194.823554 0.247791   -194.575762 239.63
1460.0   -194.794029 0.232045   -194.561984 224.40
1480.0   -194.773100 0.224364   -194.548736 216.97
1500.0   -194.821016 0.295142   -194.525874 285.41
1520.0   -194.684486 0.185495   -194.498991 179.38
1540.0   -194.817320 0.340499   -194.476821 329.28
1560.0   -194.746006 0.297345   -194.448661 287.55
1580.0   -194.725564 0.300647   -194.424917 290.74
1600.0   -194.736488 0.336477   -194.400011 325.39
1620.0   -194.612369 0.233658   -194.378712 225.96
1640.0   -194.804000 0.436627   -194.367373 422.24
1660.0   -194.760608 0.411638   -194.348970 398.07
1680.0   -194.772081 0.434053   -194.338028 419.75
1700.0   -194.680103 0.345594   -194.334509 334.20
1720.0   -194.754516 0.398365   -194.356152 385.24
1740.0   -194.791507 0.386650   -194.404857 373.91
1760.0   -194.825658 0.361006   -194.464652 349.11
1780.0   -194.753166 0.238949   -194.514217 231.07
1800.0   -194.868206 0.311059   -194.557147 300.81
1820.0   -194.864370 0.291876   -194.572494 282.26
1840.0   -194.867082 0.279520   -194.587563 270.31
1860.0   -194.787293 0.198892   -194.588402 192.34
1880.0   -194.813353 0.219239   -194.594114 212.01
1900.0   -194.886586 0.296795   -194.589791 287.01
1920.0   -194.795959 0.232058   -194.563901 224.41
1940.0   -194.849146 0.318914   -194.530232 308.40
1960.0   -194.813456 0.323904   -194.489552 313.23
1980.0   -194.800468 0.365459   -194.435009 353.41
2000.0   -194.757944 0.383665   -194.374280 371.02
2020.0   -194.639752 0.302580   -194.337172 292.61
2040.0   -194.792662 0.479163   -194.313499 463.37
2060.0   -194.657484 0.352358   -194.305126 340.75
2080.0   -194.625694 0.317881   -194.307813 307.40
2100.0   -194.756978 0.424726   -194.332252 410.73
2120.0   -194.644166 0.283267   -194.360899 273.93
2140.0   -194.788233 0.395965   -194.392267 382.92
2160.0   -194.716297 0.292149   -194.424149 282.52
2180.0   -194.655889 0.206797   -194.449092 199.98
2200.0   -194.802677 0.332241   -194.470437 321.29
2220.0   -194.696779 0.217115   -194.479663 209.96
2240.0   -194.699138 0.214940   -194.484198 207.86
2260.0   -194.755450 0.268078   -194.487373 259.24
2280.0   -194.676100 0.219491   -194.456609 212.26
2300.0   -194.742024 0.291741   -194.450283 282.13
2320.0   -194.637677 0.193943   -194.443734 187.55
2340.0   -194.756785 0.311886   -194.444899 301.61
2360.0   -194.780009 0.345298   -194.434711 333.92
2380.0   -194.738378 0.314395   -194.423983 304.03
2400.0   -194.819069 0.396630   -194.422439 383.56
2420.0   -194.714794 0.306324   -194.408470 296.23
2440.0   -194.769624 0.372585   -194.397039 360.31
2460.0   -194.689572 0.316716   -194.372856 306.28
2480.0   -194.688066 0.318606   -194.369460 308.11
2500.0   -194.768693 0.413147   -194.355546 399.53
2520.0   -194.661330 0.321507   -194.339823 310.91
2540.0   -194.724856 0.389247   -194.335609 376.42
2560.0   -194.783969 0.449303   -194.334666 434.50
2580.0   -194.705000 0.349966   -194.355034 338.43
2600.0   -194.746721 0.376716   -194.370005 364.30
2620.0   -194.808983 0.405749   -194.403234 392.38
2640.0   -194.735012 0.288548   -194.446464 279.04
2660.0   -194.873292 0.391619   -194.481673 378.71
2680.0   -194.761085 0.249310   -194.511775 241.09
2700.0   -194.817479 0.279412   -194.538068 270.20
2720.0   -194.833547 0.273360   -194.560187 264.35
2740.0   -194.748117 0.198412   -194.549705 191.87
2760.0   -194.807453 0.252790   -194.554663 244.46
2780.0   -194.809664 0.254979   -194.554685 246.58
2800.0   -194.831135 0.290106   -194.541029 280.55
2820.0   -194.771291 0.253169   -194.518122 244.83
2840.0   -194.852310 0.370763   -194.481546 358.54
2860.0   -194.829452 0.421232   -194.408220 407.35
2880.0   -194.779880 0.455798   -194.324082 440.78
2900.0   -194.869675 0.600556   -194.269119 580.76
2920.0   -194.957480 0.664971   -194.292509 643.06
2940.0   -195.227019 0.688374   -194.538645 665.69
2960.0   -195.343337 0.545382   -194.797955 527.41
2980.0   -195.514671 0.596208   -194.918463 576.56
3000.0   -195.446695 0.411962   -195.034732 398.39
3020.0   -195.572601 0.440474   -195.132127 425.96
3040.0   -195.554656 0.347315   -195.207341 335.87
3060.0   -195.686830 0.397435   -195.289395 384.34
3080.0   -195.750851 0.386769   -195.364081 374.02
3100.0   -195.703191 0.296049   -195.407142 286.29
3120.0   -195.663447 0.217863   -195.445584 210.68
3140.0   -195.665267 0.192523   -195.472743 186.18
3160.0   -195.738052 0.242043   -195.496009 234.07
3180.0   -195.654599 0.142975   -195.511624 138.26
3200.0   -195.768065 0.268492   -195.499573 259.64
3220.0   -195.719538 0.223810   -195.495728 216.43
3240.0   -195.750434 0.266717   -195.483717 257.93
3260.0   -195.734507 0.273922   -195.460585 264.89
3280.0   -195.757110 0.323589   -195.433521 312.92
3300.0   -195.683343 0.290268   -195.393075 280.70
3320.0   -195.604721 0.264224   -195.340497 255.52
3340.0   -195.582698 0.282968   -195.299730 273.64
3360.0   -195.598784 0.338462   -195.260322 327.31
3380.0   -195.461525 0.232213   -195.229311 224.56
3400.0   -195.676788 0.465052   -195.211736 449.73
3420.0   -195.587092 0.396771   -195.190322 383.69
3440.0   -195.601470 0.403183   -195.198286 389.90
3460.0   -195.590367 0.379716   -195.210651 367.20
3480.0   -195.574325 0.334150   -195.240175 323.14
3500.0   -195.633453 0.347020   -195.286433 335.58
3520.0   -195.572160 0.233746   -195.338414 226.04
3540.0   -195.639027 0.222359   -195.416668 215.03
3560.0   -195.726436 0.254364   -195.472071 245.98
3580.0   -195.664307 0.161944   -195.502362 156.61
3600.0   -195.624661 0.107811   -195.516850 104.26
3620.0   -195.743758 0.221573   -195.522185 214.27
3640.0   -195.707232 0.206340   -195.500892 199.54
3660.0   -195.749315 0.261164   -195.488151 252.56
3680.0   -195.740702 0.272053   -195.468649 263.09
3700.0   -195.762481 0.314770   -195.447711 304.40
3720.0   -195.683240 0.258665   -195.424574 250.14
3740.0   -195.648808 0.247794   -195.401014 239.63
3760.0   -195.723926 0.349921   -195.374004 338.39
3780.0   -195.676614 0.331742   -195.344872 320.81
3800.0   -195.559353 0.236610   -195.322742 228.81
3820.0   -195.720285 0.415529   -195.304756 401.83
3840.0   -195.718204 0.429014   -195.289189 414.88
3860.0   -195.687652 0.405042   -195.282610 391.69
3880.0   -195.700152 0.422523   -195.277628 408.60
3900.0   -195.623827 0.345834   -195.277993 334.44
3920.0   -195.601118 0.318578   -195.282541 308.08
3940.0   -195.722413 0.435297   -195.287116 420.95
3960.0   -195.613448 0.315547   -195.297901 305.15
3980.0   -195.582676 0.262567   -195.320108 253.91
4000.0   -195.692404 0.357304   -195.335100 345.53
4020.0   -195.728156 0.359626   -195.368530 347.77
4040.0   -195.690334 0.241305   -195.449029 233.35
4060.0   -195.786238 0.265526   -195.520713 256.77
4080.0   -195.846208 0.276849   -195.569359 267.72
4100.0   -195.747918 0.177485   -195.570433 171.64
4120.0   -195.755709 0.180959   -195.574750 174.99
4140.0   -195.772466 0.200591   -195.571875 193.98
4160.0   -195.642245 0.084221   -195.558024 81.45 
4180.0   -195.800501 0.268507   -195.531994 259.66
4200.0   -195.752661 0.262374   -195.490287 253.73
4220.0   -195.673924 0.221800   -195.452124 214.49
4240.0   -195.787800 0.378450   -195.409350 365.98
4260.0   -195.754307 0.389587   -195.364720 376.75
4280.0   -195.551955 0.223125   -195.328830 215.77
4300.0   -195.738861 0.436862   -195.301999 422.46
4320.0   -195.563172 0.283031   -195.280141 273.70
4340.0   -195.452259 0.190010   -195.262249 183.75
4360.0   -195.676243 0.433201   -195.243042 418.92
4380.0   -195.770651 0.539561   -195.231090 521.78
4400.0   -195.442285 0.211583   -195.230702 204.61
4420.0   -195.629094 0.393117   -195.235976 380.16
4440.0   -195.630665 0.384119   -195.246546 371.46
4460.0   -195.665453 0.399788   -195.265666 386.61
4480.0   -195.725430 0.440112   -195.285318 425.61
4500.0   -195.759573 0.441185   -195.318388 426.65
4520.0   -195.678319 0.303201   -195.375118 293.21
4540.0   -195.724109 0.293793   -195.430317 284.11
4560.0   -195.677068 0.228927   -195.448141 221.38
4580.0   -195.643269 0.174364   -195.468905 168.62
4600.0   -195.654364 0.175297   -195.479067 169.52
4620.0   -195.660262 0.182582   -195.477681 176.56
4640.0   -195.678316 0.209534   -195.468782 202.63
4660.0   -195.662545 0.212789   -195.449756 205.78
4680.0   -195.658886 0.234542   -195.424344 226.81
4700.0   -195.586944 0.200944   -195.385999 194.32
4720.0   -195.491809 0.165602   -195.326208 160.14
4740.0   -195.663122 0.398127   -195.264995 385.01
4760.0   -195.684476 0.456846   -195.227629 441.79
4780.0   -195.608526 0.395864   -195.212662 382.82
4800.0   -195.497316 0.292094   -195.205223 282.47
4820.0   -195.716028 0.510675   -195.205353 493.85
4840.0   -195.568776 0.363967   -195.204809 351.97
4860.0   -195.615761 0.399847   -195.215913 386.67
4880.0   -195.535879 0.302021   -195.233857 292.07
4900.0   -195.542964 0.284126   -195.258838 274.76
4920.0   -195.485045 0.195249   -195.289796 188.81
4940.0   -195.695099 0.381510   -195.313589 368.94
4960.0   -195.596536 0.255495   -195.341041 247.07
4980.0   -195.602485 0.229475   -195.373011 221.91
5000.0   -195.688487 0.285808   -195.402679 276.39
5020.0   -195.696866 0.291844   -195.405022 282.23
5040.0   -195.655907 0.228235   -195.427672 220.71
5060.0   -195.704961 0.254620   -195.450342 246.23
5080.0   -195.662047 0.182033   -195.480014 176.03
5100.0   -195.732267 0.217599   -195.514668 210.43
5120.0   -195.698136 0.159346   -195.538790 154.09
5140.0   -195.755757 0.201077   -195.554680 194.45
5160.0   -195.655817 0.096804   -195.559013 93.61 
5180.0   -195.730881 0.166831   -195.564049 161.33
5200.0   -195.775284 0.221166   -195.554118 213.88
5220.0   -195.751716 0.223638   -195.528077 216.27
5240.0   -195.630086 0.158909   -195.471176 153.67
5260.0   -195.594026 0.191944   -195.402082 185.62
5280.0   -195.550127 0.190908   -195.359219 184.62
5300.0   -195.671050 0.341732   -195.329318 330.47
5320.0   -195.566322 0.265480   -195.300841 256.73
5340.0   -195.597933 0.323728   -195.274204 313.06
5360.0   -195.500621 0.261405   -195.239216 252.79
5380.0   -195.760208 0.535098   -195.225110 517.46
5400.0   -195.595420 0.376690   -195.218729 364.28
5420.0   -195.570648 0.353875   -195.216773 342.21
5440.0   -195.541593 0.319535   -195.222058 309.00
5460.0   -195.533682 0.302840   -195.230843 292.86
5480.0   -195.500150 0.231741   -195.268409 224.10
5500.0   -195.713531 0.395064   -195.318467 382.04
5520.0   -195.624276 0.255132   -195.369144 246.72
5540.0   -195.703087 0.287658   -195.415429 278.18
5560.0   -195.656700 0.210495   -195.446204 203.56
5580.0   -195.729100 0.270092   -195.459008 261.19
5600.0   -195.608854 0.151541   -195.457313 146.55
5620.0   -195.680999 0.227945   -195.453054 220.43
5640.0   -195.633955 0.198402   -195.435553 191.86
5660.0   -195.733352 0.315506   -195.417846 305.11
5680.0   -195.617827 0.239805   -195.378022 231.90
5700.0   -195.651942 0.353283   -195.298659 341.64
5720.0   -195.606939 0.409020   -195.197919 395.54
5740.0   -195.662032 0.521323   -195.140710 504.14
5760.0   -195.655069 0.536346   -195.118723 518.67
5780.0   -195.569170 0.438569   -195.130601 424.12
5800.0   -195.429888 0.271647   -195.158241 262.69
5820.0   -195.619299 0.428465   -195.190834 414.34
5840.0   -195.521859 0.290467   -195.231392 280.89
5860.0   -195.571862 0.298877   -195.272985 289.03
5880.0   -195.516901 0.217953   -195.298948 210.77
5900.0   -195.637633 0.314185   -195.323448 303.83
5920.0   -195.695014 0.370024   -195.324990 357.83
5940.0   -195.676957 0.331784   -195.345173 320.85
5960.0   -195.489740 0.128939   -195.360801 124.69
5980.0   -195.574368 0.201322   -195.373046 194.69
6000.0   -195.582431 0.207704   -195.374727 200.86
6020.0   -195.692024 0.319783   -195.372241 309.24
6040.0   -195.598594 0.237984   -195.360609 230.14
6060.0   -195.591567 0.245130   -195.346437 237.05
6080.0   -195.508350 0.203718   -195.304632 197.00
6100.0   -195.655806 0.408641   -195.247164 395.17
6120.0   -195.607235 0.432330   -195.174906 418.08
6140.0   -195.516365 0.407467   -195.108898 394.04
6160.0   -195.452339 0.384750   -195.067588 372.07
6180.0   -195.537091 0.484711   -195.052380 468.74
6200.0   -195.501743 0.431019   -195.070725 416.81
6220.0   -195.639795 0.534165   -195.105631 516.56
6240.0   -195.391314 0.241991   -195.149323 234.02
6260.0   -195.522284 0.337551   -195.184733 326.43
6280.0   -195.564574 0.342173   -195.222401 330.90
6300.0   -195.589758 0.331206   -195.258552 320.29
6320.0   -195.677783 0.398579   -195.279204 385.44
6340.0   -195.599253 0.307720   -195.291533 297.58
6360.0   -195.554353 0.245740   -195.308613 237.64
6380.0   -195.661501 0.373138   -195.288364 360.84
6400.0   -195.604372 0.305744   -195.298627 295.67
6420.0   -195.405775 0.113029   -195.292746 109.30
6440.0   -195.599924 0.313696   -195.286228 303.36
6460.0   -195.762548 0.474268   -195.288281 458.64
6480.0   -195.580595 0.293361   -195.287233 283.69
6500.0   -195.524717 0.241543   -195.283174 233.58
6520.0   -195.610511 0.329472   -195.281039 318.61
6540.0   -195.563353 0.281989   -195.281364 272.70
6560.0   -195.652863 0.355540   -195.297322 343.82
6580.0   -195.604009 0.303599   -195.300411 293.59
6600.0   -195.513498 0.202875   -195.310623 196.19
6620.0   -195.484560 0.157117   -195.327444 151.94
6640.0   -195.675380 0.326960   -195.348420 316.18
6660.0   -195.664097 0.296761   -195.367336 286.98
6680.0   -195.617408 0.219762   -195.397646 212.52
6700.0   -195.599816 0.171681   -195.428135 166.02
6720.0   -195.567878 0.126567   -195.441311 122.40
6740.0   -195.677159 0.227976   -195.449183 220.46
6760.0   -195.709113 0.261062   -195.448051 252.46
6780.0   -195.560535 0.122878   -195.437658 118.83
6800.0   -195.619848 0.222325   -195.397523 215.00
6820.0   -195.706017 0.396017   -195.309999 382.97
6840.0   -195.593353 0.340650   -195.252703 329.42
6860.0   -195.621032 0.418797   -195.202235 405.00
6880.0   -195.628938 0.467128   -195.161809 451.73
6900.0   -195.496096 0.340314   -195.155781 329.10
6920.0   -195.709466 0.542420   -195.167046 524.54
6940.0   -195.579317 0.382624   -195.196693 370.01
6960.0   -195.520054 0.288528   -195.231527 279.02
6980.0   -195.555520 0.294474   -195.261046 284.77
7000.0   -195.634879 0.339477   -195.295402 328.29
7020.0   -195.605836 0.284953   -195.320883 275.56
7040.0   -195.529467 0.196842   -195.332625 190.36
7060.0   -195.587554 0.254335   -195.333219 245.95
7080.0   -195.716263 0.383042   -195.333221 370.42
7100.0   -195.552290 0.221410   -195.330879 214.11
7120.0   -195.625650 0.300434   -195.325216 290.53
7140.0   -195.575267 0.264221   -195.311046 255.51
7160.0   -195.564047 0.258368   -195.305679 249.85
7180.0   -195.628858 0.338594   -195.290264 327.44
7200.0   -195.729731 0.464652   -195.265079 449.34
7220.0   -195.558398 0.335918   -195.222480 324.85
7240.0   -195.597596 0.428194   -195.169403 414.08
7260.0   -195.474469 0.346294   -195.128174 334.88
7280.0   -195.602414 0.522325   -195.080089 505.11
7300.0   -195.541566 0.439703   -195.101864 425.21
7320.0   -195.507133 0.363657   -195.143476 351.67
7340.0   -195.657792 0.424282   -195.233511 410.30
7360.0   -195.632780 0.338217   -195.294563 327.07
7380.0   -195.665971 0.304454   -195.361517 294.42
7400.0   -195.562325 0.169664   -195.392661 164.07
7420.0   -195.668359 0.251467   -195.416892 243.18
7440.0   -195.722280 0.290563   -195.431717 280.99
7460.0   -195.608564 0.176466   -195.432099 170.65
7480.0   -195.634582 0.204261   -195.430321 197.53
7500.0   -195.648063 0.236666   -195.411397 228.87
7520.0   -195.695184 0.322978   -195.372205 312.33
7540.0   -195.647206 0.309991   -195.337215 299.77
7560.0   -195.638978 0.352047   -195.286931 340.44
7580.0   -195.527028 0.295194   -195.231833 285.47
7600.0   -195.540908 0.342760   -195.198148 331.46
7620.0   -195.651807 0.473619   -195.178188 458.01
7640.0   -195.690282 0.508005   -195.182277 491.26
7660.0   -195.494493 0.302714   -195.191780 292.74
7680.0   -195.525677 0.296588   -195.229089 286.81
7700.0   -195.562242 0.296867   -195.265375 287.08
7720.0   -195.643394 0.347538   -195.295856 336.08
7740.0   -195.584782 0.262723   -195.322059 254.06
7760.0   -195.508028 0.161146   -195.346883 155.83
7780.0   -195.486472 0.119768   -195.366704 115.82
7800.0   -195.636713 0.240146   -195.396567 232.23
7820.0   -195.660876 0.236950   -195.423926 229.14
7840.0   -195.686918 0.227058   -195.459860 219.58
7860.0   -195.614448 0.097906   -195.516542 94.68 
7880.0   -195.703768 0.149694   -195.554074 144.76
7900.0   -195.693935 0.129579   -195.564356 125.31
7920.0   -195.738994 0.172563   -195.566431 166.88
7940.0   -195.698616 0.145767   -195.552848 140.96
7960.0   -195.709617 0.172823   -195.536793 167.13
7980.0   -195.649864 0.147452   -195.502412 142.59
8000.0   -195.644982 0.185581   -195.459401 179.46
8020.0   -195.631862 0.211985   -195.419877 205.00
8040.0   -195.655184 0.273639   -195.381545 264.62
8060.0   -195.487664 0.143935   -195.343728 139.19
8080.0   -195.599514 0.286544   -195.312970 277.10
8100.0   -195.506789 0.231926   -195.274862 224.28
8120.0   -195.559503 0.313373   -195.246130 303.05
8140.0   -195.593701 0.377268   -195.216433 364.83
8160.0   -195.522753 0.344322   -195.178431 332.97
8180.0   -195.459087 0.308819   -195.150268 298.64
8200.0   -195.467830 0.382607   -195.085224 370.00
8220.0   -195.393744 0.334928   -195.058816 323.89
8240.0   -195.400920 0.342913   -195.058007 331.61
8260.0   -195.325779 0.259998   -195.065782 251.43
8280.0   -195.507499 0.411203   -195.096296 397.65
8300.0   -195.484107 0.345349   -195.138759 333.97
8320.0   -195.636655 0.440695   -195.195961 426.17
8340.0   -195.583636 0.324629   -195.259007 313.93
8360.0   -195.549591 0.231343   -195.318248 223.72
8380.0   -195.627672 0.267746   -195.359926 258.92
8400.0   -195.622813 0.244728   -195.378085 236.66
8420.0   -195.566955 0.183768   -195.383187 177.71
8440.0   -195.646406 0.268832   -195.377574 259.97
8460.0   -195.702203 0.335400   -195.366803 324.35
8480.0   -195.638512 0.287272   -195.351240 277.80
8500.0   -195.634133 0.300844   -195.333289 290.93
8520.0   -195.692142 0.380681   -195.311461 368.13
8540.0   -195.666676 0.384830   -195.281846 372.15
8560.0   -195.543468 0.293972   -195.249496 284.28
8580.0   -195.541800 0.309536   -195.232264 299.33
8600.0   -195.536060 0.315701   -195.220359 305.30
8620.0   -195.547181 0.334480   -195.212701 323.46
8640.0   -195.550623 0.378412   -195.172211 365.94
8660.0   -195.501098 0.348915   -195.152183 337.42
8680.0   -195.499210 0.353919   -195.145291 342.25
8700.0   -195.628588 0.485323   -195.143265 469.33
8720.0   -195.319779 0.184941   -195.134838 178.85
8740.0   -195.423061 0.283117   -195.139944 273.79
8760.0   -195.368663 0.232860   -195.135802 225.19
8780.0   -195.484005 0.340118   -195.143887 328.91
8800.0   -195.446439 0.285542   -195.160897 276.13
8820.0   -195.471134 0.288468   -195.182666 278.96
8840.0   -195.497274 0.305329   -195.191945 295.27
8860.0   -195.449085 0.255906   -195.193179 247.47
8880.0   -195.486041 0.276874   -195.209167 267.75
8900.0   -195.424655 0.211556   -195.213099 204.58
8920.0   -195.593570 0.367089   -195.226481 354.99
8940.0   -195.568462 0.337154   -195.231308 326.04
8960.0   -195.644503 0.416203   -195.228300 402.49
8980.0   -195.442019 0.223390   -195.218629 216.03
9000.0   -195.431855 0.210308   -195.221547 203.38
9020.0   -195.437687 0.219348   -195.218339 212.12
9040.0   -195.617328 0.397356   -195.219972 384.26
9060.0   -195.485649 0.280359   -195.205290 271.12
9080.0   -195.628426 0.429738   -195.198689 415.58
9100.0   -195.577164 0.415098   -195.162066 401.42
9120.0   -195.415744 0.260269   -195.155475 251.69
9140.0   -195.466361 0.320319   -195.146043 309.76
9160.0   -195.392210 0.257364   -195.134847 248.88
9180.0   -195.501003 0.374884   -195.126119 362.53
9200.0   -195.372589 0.248478   -195.124111 240.29
9220.0   -195.621465 0.482519   -195.138946 466.62
9240.0   -195.507267 0.364460   -195.142807 352.45
9260.0   -195.612775 0.450938   -195.161837 436.08
9280.0   -195.430025 0.240252   -195.189773 232.33
9300.0   -195.589165 0.359255   -195.229910 347.42
9320.0   -195.510578 0.247676   -195.262902 239.51
9340.0   -195.539390 0.249156   -195.290233 240.95
9360.0   -195.461213 0.151151   -195.310062 146.17
9380.0   -195.510299 0.180425   -195.329874 174.48
9400.0   -195.558052 0.211811   -195.346241 204.83
9420.0   -195.524991 0.172437   -195.352554 166.75
9440.0   -195.542591 0.194775   -195.347816 188.36
9460.0   -195.585901 0.256877   -195.329025 248.41
9480.0   -195.665024 0.364840   -195.300185 352.82
9500.0   -195.583541 0.335020   -195.248521 323.98
9520.0   -195.479467 0.305396   -195.174072 295.33
9540.0   -195.524037 0.414664   -195.109373 401.00
9560.0   -195.488132 0.457795   -195.030338 442.71
9580.0   -195.417860 0.408118   -195.009741 394.67
9600.0   -195.409334 0.397199   -195.012135 384.11
9620.0   -195.326738 0.306486   -195.020252 296.39
9640.0   -195.364390 0.325839   -195.038551 315.10
9660.0   -195.369622 0.305138   -195.064484 295.08
9680.0   -195.504961 0.406328   -195.098633 392.94
9700.0   -195.563465 0.422366   -195.141099 408.45
9720.0   -195.380710 0.200821   -195.179889 194.20
9740.0   -195.405261 0.187948   -195.217314 181.75
9760.0   -195.470842 0.227859   -195.242983 220.35
9780.0   -195.513452 0.250888   -195.262563 242.62
9800.0   -195.630514 0.353265   -195.277249 341.62
9820.0   -195.560710 0.273676   -195.287033 264.66
9840.0   -195.543072 0.252562   -195.290510 244.24
9860.0   -195.616792 0.329965   -195.286827 319.09
9880.0   -195.497486 0.232924   -195.264562 225.25
9900.0   -195.502285 0.296451   -195.205834 286.68
9920.0   -195.350903 0.248900   -195.102003 240.70
9940.0   -195.408815 0.399841   -195.008974 386.66
9960.0   -195.334447 0.395760   -194.938687 382.72
9980.0   -195.232374 0.334863   -194.897511 323.83
10000.0  -195.302326 0.426115   -194.876211 412.07
10020.0  -195.447826 0.591689   -194.856138 572.19
10040.0  -195.409192 0.511552   -194.897640 494.69
10060.0  -195.486585 0.522292   -194.964293 505.08
10080.0  -195.375647 0.325278   -195.050369 314.56
10100.0  -195.407757 0.291447   -195.116311 281.84
10120.0  -195.501533 0.336238   -195.165295 325.16
10140.0  -195.399056 0.206848   -195.192208 200.03
10160.0  -195.515982 0.297671   -195.218310 287.86
10180.0  -195.488752 0.253455   -195.235297 245.10
10200.0  -195.562814 0.318797   -195.244018 308.29
10220.0  -195.520225 0.276736   -195.243489 267.62
10240.0  -195.504722 0.267032   -195.237690 258.23
10260.0  -195.490289 0.259599   -195.230690 251.04
10280.0  -195.575931 0.359328   -195.216603 347.49
10300.0  -195.535468 0.338361   -195.197106 327.21
10320.0  -195.523352 0.365146   -195.158206 353.11
10340.0  -195.296300 0.213543   -195.082757 206.51
10360.0  -195.378415 0.369110   -195.009305 356.95
10380.0  -195.546892 0.604078   -194.942814 584.17
10400.0  -195.347405 0.454115   -194.893290 439.15
10420.0  -195.381929 0.517425   -194.864504 500.37
10440.0  -195.246273 0.386370   -194.859903 373.64
10460.0  -195.337670 0.463378   -194.874291 448.11
10480.0  -195.319071 0.374525   -194.944545 362.18
10500.0  -195.367775 0.336478   -195.031297 325.39
10520.0  -195.449186 0.359610   -195.089577 347.76
10540.0  -195.494969 0.375641   -195.119329 363.26
10560.0  -195.390164 0.256902   -195.133263 248.43
10580.0  -195.536799 0.391836   -195.144963 378.92
10600.0  -195.468309 0.306224   -195.162084 296.13
10620.0  -195.498887 0.322042   -195.176845 311.43
10640.0  -195.527150 0.344856   -195.182294 333.49
10660.0  -195.292221 0.109856   -195.182366 106.24
10680.0  -195.486899 0.305057   -195.181842 295.00
10700.0  -195.603042 0.426183   -195.176859 412.14
10720.0  -195.479257 0.312281   -195.166976 301.99
10740.0  -195.386529 0.233253   -195.153276 225.57
10760.0  -195.318898 0.173820   -195.145077 168.09
10780.0  -195.525871 0.388916   -195.136954 376.10
10800.0  -195.617690 0.506832   -195.110858 490.13
10820.0  -195.388908 0.315551   -195.073357 305.15
10840.0  -195.547650 0.510212   -195.037438 493.40
10860.0  -195.393951 0.394014   -194.999937 381.03
10880.0  -195.246259 0.264384   -194.981874 255.67
10900.0  -195.383900 0.416462   -194.967438 402.74
10920.0  -195.334352 0.381367   -194.952986 368.80
10940.0  -195.409389 0.427594   -194.981795 413.50
10960.0  -195.491508 0.449368   -195.042140 434.56
10980.0  -195.436005 0.332661   -195.103344 321.70
11000.0  -195.480485 0.310179   -195.170307 299.96
11020.0  -195.472607 0.261902   -195.210705 253.27
11040.0  -195.500591 0.251786   -195.248805 243.49
11060.0  -195.513988 0.242844   -195.271144 234.84
11080.0  -195.394186 0.114663   -195.279524 110.88
11100.0  -195.594989 0.312318   -195.282670 302.03
11120.0  -195.561846 0.287748   -195.274098 278.26
11140.0  -195.592419 0.326920   -195.265498 316.15
11160.0  -195.560191 0.313165   -195.247026 302.84
11180.0  -195.442813 0.222422   -195.220391 215.09
11200.0  -195.596929 0.412906   -195.184023 399.30
11220.0  -195.456210 0.331284   -195.124926 320.37
11240.0  -195.362427 0.286113   -195.076314 276.68
11260.0  -195.416022 0.401883   -195.014139 388.64
11280.0  -195.298012 0.334176   -194.963837 323.16
11300.0  -195.320345 0.394066   -194.926279 381.08
11320.0  -195.453022 0.542256   -194.910766 524.38
11340.0  -195.312435 0.380095   -194.932340 367.57
11360.0  -195.560997 0.549594   -195.011403 531.48
11380.0  -195.412950 0.276229   -195.136721 267.13
11400.0  -195.483691 0.240966   -195.242725 233.02
11420.0  -195.552325 0.273639   -195.278686 264.62
11440.0  -195.563120 0.269213   -195.293907 260.34
11460.0  -195.625133 0.330633   -195.294500 319.74
11480.0  -195.513606 0.229791   -195.283815 222.22
11500.0  -195.467384 0.198973   -195.268411 192.42
11520.0  -195.502096 0.252604   -195.249492 244.28
11540.0  -195.405703 0.180697   -195.225006 174.74
11560.0  -195.555930 0.366335   -195.189595 354.26
11580.0  -195.461468 0.327107   -195.134361 316.33
11600.0  -195.329795 0.248551   -195.081244 240.36
11620.0  -195.448009 0.412831   -195.035179 399.23
11640.0  -195.500335 0.487720   -195.012616 471.65
11660.0  -195.257708 0.271889   -194.985819 262.93
11680.0  -195.403818 0.416787   -194.987031 403.05
11700.0  -195.448792 0.456398   -194.992394 441.36
11720.0  -195.523357 0.504218   -195.019139 487.60
11740.0  -195.567965 0.513642   -195.054323 496.71
11760.0  -195.350720 0.243160   -195.107560 235.15
11780.0  -195.312746 0.158068   -195.154678 152.86
11800.0  -195.362647 0.158793   -195.203854 153.56
11820.0  -195.489557 0.273945   -195.215612 264.92
11840.0  -195.460675 0.215013   -195.245662 207.93
11860.0  -195.487011 0.223208   -195.263803 215.85
11880.0  -195.534852 0.270288   -195.264564 261.38
11900.0  -195.550469 0.293203   -195.257267 283.54
11920.0  -195.571376 0.321403   -195.249974 310.81
11940.0  -195.526419 0.282605   -195.243813 273.29
11960.0  -195.517308 0.283934   -195.233373 274.58
11980.0  -195.514247 0.297727   -195.216520 287.91
12000.0  -195.475564 0.279748   -195.195815 270.53
12020.0  -195.426039 0.250111   -195.175929 241.87
12040.0  -195.404855 0.227994   -195.176861 220.48
12060.0  -195.517304 0.349797   -195.167507 338.27
12080.0  -195.486348 0.340317   -195.146031 329.10
12100.0  -195.577026 0.445062   -195.131964 430.39
12120.0  -195.428040 0.310570   -195.117470 300.33
12140.0  -195.313989 0.202070   -195.111919 195.41
12160.0  -195.317912 0.220533   -195.097378 213.27
12180.0  -195.541719 0.446999   -195.094720 432.27
12200.0  -195.594182 0.513779   -195.080403 496.85
12220.0  -195.443888 0.401689   -195.042199 388.45
12240.0  -195.301144 0.294175   -195.006969 284.48
12260.0  -195.326331 0.375715   -194.950616 363.33
12280.0  -195.355997 0.504033   -194.851964 487.42
12300.0  -195.225087 0.444760   -194.780326 430.10
12320.0  -195.131598 0.398091   -194.733507 384.97
12340.0  -195.286580 0.541966   -194.744614 524.11
12360.0  -195.237560 0.453510   -194.784049 438.56
12380.0  -195.088927 0.236891   -194.852036 229.08
12400.0  -195.185261 0.245751   -194.939511 237.65
12420.0  -195.285037 0.272131   -195.012907 263.16
12440.0  -195.524582 0.444482   -195.080100 429.83
12460.0  -195.497501 0.374191   -195.123311 361.86
12480.0  -195.292623 0.149350   -195.143273 144.43
12500.0  -195.410688 0.249795   -195.160893 241.56
12520.0  -195.503113 0.329249   -195.173864 318.40
12540.0  -195.503501 0.319609   -195.183892 309.08
12560.0  -195.465666 0.278301   -195.187365 269.13
12580.0  -195.493759 0.307281   -195.186478 297.15
12600.0  -195.553381 0.372153   -195.181228 359.89
12620.0  -195.638564 0.469011   -195.169553 453.55
12640.0  -195.505280 0.360515   -195.144765 348.63
12660.0  -195.410990 0.298974   -195.112017 289.12
12680.0  -195.378051 0.302717   -195.075334 292.74
12700.0  -195.380575 0.374216   -195.006359 361.88
12720.0  -195.313109 0.374943   -194.938166 362.59
12740.0  -195.351131 0.498353   -194.852778 481.93
12760.0  -195.210661 0.390634   -194.820028 377.76
12780.0  -195.392737 0.569960   -194.822777 551.18
12800.0  -195.247978 0.444422   -194.803556 429.78
12820.0  -195.197451 0.343075   -194.854377 331.77
12840.0  -195.460974 0.501615   -194.959360 485.08
12860.0  -195.345194 0.289616   -195.055578 280.07
12880.0  -195.403069 0.278005   -195.125064 268.84
12900.0  -195.532299 0.382023   -195.150276 369.43
12920.0  -195.517901 0.349310   -195.168591 337.80
12940.0  -195.391152 0.210310   -195.180842 203.38
12960.0  -195.428175 0.241513   -195.186662 233.55
12980.0  -195.419650 0.240918   -195.178732 232.98
13000.0  -195.425923 0.254456   -195.171467 246.07
13020.0  -195.386449 0.231410   -195.155039 223.78
13040.0  -195.499710 0.366060   -195.133650 354.00
13060.0  -195.560992 0.447028   -195.113964 432.30
13080.0  -195.478529 0.391515   -195.087014 378.61
13100.0  -195.351799 0.303948   -195.047851 293.93
13120.0  -195.464794 0.460349   -195.004445 445.18
13140.0  -195.322057 0.367727   -194.954330 355.61
13160.0  -195.342916 0.414821   -194.928096 401.15
13180.0  -195.244861 0.348286   -194.896575 336.81
13200.0  -195.194968 0.357201   -194.837768 345.43
13220.0  -195.134590 0.299529   -194.835060 289.66
13240.0  -195.244534 0.372401   -194.872134 360.13
13260.0  -195.350548 0.382254   -194.968294 369.66
13280.0  -195.371327 0.338076   -195.033251 326.93
13300.0  -195.360612 0.259473   -195.101139 250.92
13320.0  -195.462384 0.317371   -195.145013 306.91
13340.0  -195.427566 0.262167   -195.165399 253.53
13360.0  -195.484605 0.299890   -195.184715 290.01
13380.0  -195.383848 0.198245   -195.185604 191.71
13400.0  -195.416122 0.218342   -195.197780 211.15
13420.0  -195.454570 0.257246   -195.197324 248.77
13440.0  -195.400922 0.211462   -195.189460 204.49
13460.0  -195.381179 0.203962   -195.177216 197.24
13480.0  -195.414621 0.276752   -195.137869 267.63
13500.0  -195.438536 0.353203   -195.085333 341.56
13520.0  -195.412627 0.388550   -195.024077 375.75
13540.0  -195.143802 0.174353   -194.969449 168.61
13560.0  -195.233815 0.334919   -194.898896 323.88
13580.0  -195.465964 0.611348   -194.854617 591.20
13600.0  -195.224778 0.394602   -194.830177 381.60
13620.0  -195.140824 0.309288   -194.831536 299.10
13640.0  -195.255591 0.399671   -194.855920 386.50
13660.0  -195.369341 0.408912   -194.960430 395.44
13680.0  -195.357086 0.311137   -195.045949 300.88
13700.0  -195.443868 0.343505   -195.100362 332.18
13720.0  -195.484204 0.340218   -195.143986 329.01
13740.0  -195.428827 0.264816   -195.164011 256.09
13760.0  -195.424778 0.264745   -195.160034 256.02
13780.0  -195.469495 0.322481   -195.147014 311.85
13800.0  -195.451946 0.319935   -195.132011 309.39
13820.0  -195.387130 0.258670   -195.128460 250.14
13840.0  -195.348902 0.236161   -195.112741 228.38
13860.0  -195.425525 0.332088   -195.093437 321.14
13880.0  -195.404355 0.320359   -195.083996 309.80
13900.0  -195.382512 0.299289   -195.083223 289.43
13920.0  -195.461141 0.379491   -195.081650 366.98
13940.0  -195.512304 0.415921   -195.096383 402.21
13960.0  -195.441045 0.329820   -195.111225 318.95
13980.0  -195.473682 0.339077   -195.134605 327.90
14000.0  -195.510864 0.342734   -195.168129 331.44
14020.0  -195.496574 0.302562   -195.194013 292.59
14040.0  -195.449838 0.232945   -195.216893 225.27
14060.0  -195.558276 0.323714   -195.234562 313.05
14080.0  -195.500125 0.251586   -195.248538 243.29
14100.0  -195.467916 0.243827   -195.224089 235.79
14120.0  -195.467662 0.231325   -195.236337 223.70
14140.0  -195.425355 0.192946   -195.232409 186.59
14160.0  -195.343411 0.136435   -195.206976 131.94
14180.0  -195.351391 0.192253   -195.159137 185.92
14200.0  -195.279932 0.171118   -195.108814 165.48
14220.0  -195.372499 0.328924   -195.043575 318.08
14240.0  -195.471128 0.483753   -194.987374 467.81
14260.0  -195.326798 0.372267   -194.954531 360.00
14280.0  -195.248164 0.306910   -194.941254 296.80
14300.0  -195.208336 0.293634   -194.914701 283.96
14320.0  -195.279785 0.348425   -194.931360 336.94
14340.0  -195.298496 0.350436   -194.948060 338.89
14360.0  -195.369875 0.371339   -194.998537 359.10
14380.0  -195.476224 0.442807   -195.033417 428.21
14400.0  -195.481705 0.412122   -195.069582 398.54
14420.0  -195.294721 0.204043   -195.090677 197.32
14440.0  -195.344174 0.212201   -195.131973 205.21
14460.0  -195.380947 0.210007   -195.170941 203.09
14480.0  -195.338308 0.138488   -195.199819 133.92
14500.0  -195.373983 0.153157   -195.220826 148.11
14520.0  -195.443953 0.213333   -195.230621 206.30
14540.0  -195.508055 0.269478   -195.238577 260.60
14560.0  -195.381120 0.180505   -195.200615 174.56
14580.0  -195.312546 0.126136   -195.186410 121.98
14600.0  -195.296576 0.148959   -195.147616 144.05
14620.0  -195.221346 0.118530   -195.102816 114.62
14640.0  -195.282491 0.236361   -195.046129 228.57
14660.0  -195.445374 0.450580   -194.994794 435.73
14680.0  -195.497430 0.564842   -194.932588 546.23
14700.0  -195.465878 0.563311   -194.902567 544.75
14720.0  -195.359353 0.466758   -194.892595 451.38
14740.0  -195.183903 0.307905   -194.875998 297.76
14760.0  -195.185552 0.298951   -194.886601 289.10
14780.0  -195.198497 0.289177   -194.909320 279.65
14800.0  -195.181018 0.234434   -194.946584 226.71
14820.0  -195.267904 0.296441   -194.971463 286.67
14840.0  -195.293024 0.273347   -195.019676 264.34
14860.0  -195.278769 0.232870   -195.045899 225.20
14880.0  -195.354384 0.253182   -195.101202 244.84
14900.0  -195.415784 0.293904   -195.121880 284.22
14920.0  -195.393743 0.234202   -195.159541 226.48
14940.0  -195.340823 0.155592   -195.185231 150.46
14960.0  -195.377074 0.173714   -195.203361 167.99
14980.0  -195.422133 0.211329   -195.210804 204.36
15000.0  -195.401607 0.189466   -195.212141 183.22
15020.0  -195.336210 0.166638   -195.169572 161.15
15040.0  -195.396475 0.270467   -195.126008 261.55
15060.0  -195.279900 0.249366   -195.030534 241.15
15080.0  -195.199184 0.256355   -194.942829 247.91
15100.0  -195.363060 0.495620   -194.867440 479.29
15120.0  -195.194525 0.382951   -194.811574 370.33
15140.0  -195.276147 0.477931   -194.798216 462.18
15160.0  -195.196203 0.387883   -194.808320 375.10
15180.0  -195.229241 0.367621   -194.861620 355.51
15200.0  -195.363069 0.442138   -194.920932 427.57
15220.0  -195.433280 0.468685   -194.964596 453.24
15240.0  -195.292542 0.282707   -195.009836 273.39
15260.0  -195.396902 0.343923   -195.052979 332.59
15280.0  -195.559256 0.454672   -195.104583 439.69
15300.0  -195.443062 0.315713   -195.127350 305.31
15320.0  -195.490286 0.348182   -195.142104 336.71
15340.0  -195.419125 0.269763   -195.149362 260.87
15360.0  -195.442620 0.304706   -195.137914 294.66
15380.0  -195.371608 0.257264   -195.114344 248.79
15400.0  -195.282184 0.175561   -195.106623 169.78
15420.0  -195.457858 0.349627   -195.108231 338.10
15440.0  -195.461175 0.364481   -195.096694 352.47
15460.0  -195.302319 0.281268   -195.021051 272.00
15480.0  -195.433131 0.495606   -194.937526 479.27
15500.0  -195.321480 0.506273   -194.815207 489.59
15520.0  -195.270336 0.552965   -194.717370 534.74
15540.0  -195.060504 0.398257   -194.662248 385.13
15560.0  -195.204344 0.544480   -194.659864 526.54
15580.0  -195.291252 0.561369   -194.729883 542.87
15600.0  -195.063848 0.277655   -194.786193 268.50
15620.0  -195.322278 0.454856   -194.867422 439.87
15640.0  -195.313707 0.387283   -194.926424 374.52
15660.0  -195.219013 0.260016   -194.958997 251.45
15680.0  -195.294472 0.300792   -194.993680 290.88
15700.0  -195.334254 0.306558   -195.027696 296.46
15720.0  -195.490598 0.435143   -195.055455 420.80
15740.0  -195.447982 0.362513   -195.085469 350.57
15760.0  -195.291533 0.189249   -195.102284 183.01
15780.0  -195.360352 0.239662   -195.120690 231.76
15800.0  -195.389839 0.257186   -195.132653 248.71
15820.0  -195.470942 0.322078   -195.148865 311.46
15840.0  -195.471000 0.312841   -195.158159 302.53
15860.0  -195.388343 0.227735   -195.160608 220.23
15880.0  -195.401467 0.251454   -195.150013 243.17
15900.0  -195.392270 0.274777   -195.117494 265.72
15920.0  -195.450010 0.420645   -195.029366 406.78
15940.0  -195.352061 0.385974   -194.966086 373.25
15960.0  -195.297033 0.389741   -194.907292 376.90
15980.0  -195.321436 0.457668   -194.863768 442.59
16000.0  -195.163369 0.357448   -194.805921 345.67
16020.0  -195.278440 0.500760   -194.777680 484.26
16040.0  -195.156822 0.352329   -194.804493 340.72
16060.0  -195.239267 0.396180   -194.843087 383.12
16080.0  -195.405527 0.488248   -194.917279 472.16
16100.0  -195.414242 0.393675   -195.020566 380.70
16120.0  -195.383313 0.289853   -195.093460 280.30
16140.0  -195.412207 0.282356   -195.129851 273.05
16160.0  -195.268406 0.135269   -195.133137 130.81
16180.0  -195.308543 0.173246   -195.135297 167.54
16200.0  -195.435150 0.304729   -195.130421 294.69
16220.0  -195.433099 0.296789   -195.136311 287.01
16240.0  -195.390265 0.267464   -195.122801 258.65
16260.0  -195.376005 0.264218   -195.111787 255.51
16280.0  -195.263641 0.180450   -195.083191 174.50
16300.0  -195.355245 0.299613   -195.055633 289.74
16320.0  -195.295328 0.279363   -195.015965 270.16
16340.0  -195.356414 0.379374   -194.977040 366.87
16360.0  -195.423021 0.486148   -194.936873 470.13
16380.0  -195.219776 0.349291   -194.870485 337.78
16400.0  -195.201492 0.346792   -194.854700 335.36
16420.0  -195.308069 0.464549   -194.843521 449.24
16440.0  -195.291901 0.428185   -194.863716 414.07
16460.0  -195.155956 0.248229   -194.907727 240.05
16480.0  -195.287272 0.301077   -194.986195 291.15
16500.0  -195.274343 0.203679   -195.070663 196.97
16520.0  -195.338999 0.207698   -195.131301 200.85
16540.0  -195.432288 0.272974   -195.159315 263.98
16560.0  -195.346736 0.177409   -195.169327 171.56
16580.0  -195.410518 0.239678   -195.170840 231.78
16600.0  -195.417444 0.255472   -195.161972 247.05
16620.0  -195.404425 0.265727   -195.138697 256.97
16640.0  -195.490874 0.371287   -195.119587 359.05
16660.0  -195.438818 0.345513   -195.093304 334.13
16680.0  -195.295291 0.238785   -195.056506 230.92
16700.0  -195.261777 0.236696   -195.025081 228.90
16720.0  -195.313128 0.342376   -194.970752 331.09
16740.0  -195.293865 0.354228   -194.939638 342.55
16760.0  -195.382726 0.456981   -194.925744 441.92
16780.0  -195.468850 0.550971   -194.917880 532.81
16800.0  -195.284631 0.362317   -194.922314 350.38
16820.0  -195.375234 0.430816   -194.944418 416.62
16840.0  -195.495564 0.477520   -195.018044 461.78
16860.0  -195.376289 0.244073   -195.132216 236.03
16880.0  -195.332038 0.143773   -195.188265 139.03
16900.0  -195.369935 0.152816   -195.217119 147.78
16920.0  -195.353682 0.128883   -195.224799 124.64
16940.0  -195.420237 0.197871   -195.222365 191.35
16960.0  -195.528959 0.318140   -195.210818 307.66
16980.0  -195.483870 0.302249   -195.181621 292.29
17000.0  -195.464932 0.317590   -195.147341 307.12
17020.0  -195.398359 0.291437   -195.106922 281.83
17040.0  -195.234122 0.173990   -195.060132 168.26
17060.0  -195.278635 0.262939   -195.015696 254.27
17080.0  -195.270897 0.292754   -194.978143 283.11
17100.0  -195.269058 0.310563   -194.958495 300.33
17120.0  -195.166456 0.226994   -194.939461 219.51
17140.0  -195.325788 0.389989   -194.935800 377.14
17160.0  -195.370609 0.430077   -194.940532 415.90
17180.0  -195.212230 0.253201   -194.959029 244.86
17200.0  -195.436910 0.451861   -194.985049 436.97
17220.0  -195.396726 0.381958   -195.014769 369.37
17240.0  -195.320932 0.268020   -195.052912 259.19
17260.0  -195.307683 0.214128   -195.093555 207.07
17280.0  -195.343594 0.230048   -195.113546 222.47
17300.0  -195.406776 0.250269   -195.156506 242.02
17320.0  -195.475318 0.260163   -195.215155 251.59
17340.0  -195.464522 0.200375   -195.264147 193.77
17360.0  -195.476640 0.189489   -195.287151 183.24
17380.0  -195.490734 0.195806   -195.294928 189.35
17400.0  -195.490080 0.195155   -195.294925 188.72
17420.0  -195.425945 0.144429   -195.281517 139.67
17440.0  -195.409423 0.149549   -195.259875 144.62
17460.0  -195.430476 0.191103   -195.239373 184.81
17480.0  -195.458333 0.236516   -195.221817 228.72
17500.0  -195.465264 0.250936   -195.214328 242.67
17520.0  -195.449545 0.253454   -195.196091 245.10
17540.0  -195.432294 0.269762   -195.162532 260.87
17560.0  -195.413064 0.294558   -195.118506 284.85
17580.0  -195.313515 0.245298   -195.068216 237.21
17600.0  -195.289202 0.255689   -195.033513 247.26
17620.0  -195.297595 0.306017   -194.991578 295.93
17640.0  -195.372672 0.417578   -194.955094 403.82
17660.0  -195.359360 0.414452   -194.944908 400.79
17680.0  -195.272015 0.336378   -194.935637 325.29
17700.0  -195.409974 0.467224   -194.942750 451.83
17720.0  -195.327588 0.377776   -194.949813 365.33
17740.0  -195.236854 0.293742   -194.943112 284.06
17760.0  -195.256063 0.276431   -194.979632 267.32
17780.0  -195.429786 0.401154   -195.028632 387.93
17800.0  -195.416616 0.327673   -195.088943 316.87
17820.0  -195.331625 0.200018   -195.131607 193.43
17840.0  -195.437762 0.273574   -195.164188 264.56
17860.0  -195.323773 0.139709   -195.184064 135.10
17880.0  -195.433015 0.233456   -195.199559 225.76
17900.0  -195.452211 0.254368   -195.197843 245.99
17920.0  -195.371976 0.180676   -195.191299 174.72
17940.0  -195.325067 0.147614   -195.177453 142.75
17960.0  -195.384954 0.231352   -195.153603 223.73
17980.0  -195.352164 0.233810   -195.118355 226.10
18000.0  -195.345155 0.256083   -195.089072 247.64
18020.0  -195.286667 0.215312   -195.071355 208.22
18040.0  -195.393509 0.332011   -195.061498 321.07
18060.0  -195.384609 0.337629   -195.046980 326.50
18080.0  -195.359781 0.328518   -195.031262 317.69
18100.0  -195.318252 0.304858   -195.013394 294.81
18120.0  -195.328159 0.333767   -194.994392 322.77
18140.0  -195.280768 0.302902   -194.977867 292.92
18160.0  -195.209096 0.244112   -194.964984 236.07
18180.0  -195.108772 0.160383   -194.948389 155.10
18200.0  -195.321924 0.403865   -194.918059 390.56
18220.0  -195.427054 0.527371   -194.899683 509.99
18240.0  -195.198478 0.326146   -194.872332 315.40
18260.0  -195.200167 0.341056   -194.859112 329.82
18280.0  -195.316816 0.445502   -194.871314 430.82
18300.0  -195.254949 0.363848   -194.891102 351.86
18320.0  -195.211923 0.301094   -194.910829 291.17
18340.0  -195.344800 0.384151   -194.960648 371.49
18360.0  -195.295145 0.277636   -195.017510 268.49
18380.0  -195.472126 0.394199   -195.077926 381.21
18400.0  -195.335517 0.209808   -195.125709 202.89
18420.0  -195.368611 0.218247   -195.150363 211.05
18440.0  -195.322912 0.162697   -195.160215 157.34
18460.0  -195.449678 0.282084   -195.167594 272.79
18480.0  -195.452333 0.288874   -195.163459 279.35
18500.0  -195.326158 0.174707   -195.151450 168.95
18520.0  -195.326408 0.197725   -195.128683 191.21
18540.0  -195.437564 0.340264   -195.097300 329.05
18560.0  -195.377482 0.332192   -195.045290 321.24
18580.0  -195.373465 0.373700   -194.999765 361.38
18600.0  -195.257087 0.303829   -194.953258 293.82
18620.0  -195.273388 0.370626   -194.902762 358.41
18640.0  -195.378429 0.522328   -194.856101 505.11
18660.0  -195.214356 0.374691   -194.839665 362.34
18680.0  -195.269426 0.415236   -194.854190 401.55
18700.0  -195.229385 0.358696   -194.870690 346.87
18720.0  -195.310052 0.418945   -194.891106 405.14
18740.0  -195.318744 0.412427   -194.906317 398.84
18760.0  -195.126318 0.205119   -194.921199 198.36
18780.0  -195.227352 0.272587   -194.954765 263.60
18800.0  -195.356851 0.350422   -195.006429 338.87
18820.0  -195.390633 0.354648   -195.035985 342.96
18840.0  -195.273096 0.208981   -195.064115 202.09
18860.0  -195.311562 0.232282   -195.079280 224.63
18880.0  -195.511654 0.407674   -195.103979 394.24
18900.0  -195.398933 0.286695   -195.112237 277.25
18920.0  -195.337757 0.224025   -195.113732 216.64
18940.0  -195.383607 0.260425   -195.123182 251.84
18960.0  -195.341386 0.221005   -195.120380 213.72
18980.0  -195.275330 0.155194   -195.120136 150.08
19000.0  -195.391110 0.279954   -195.111156 270.73
19020.0  -195.383924 0.306593   -195.077331 296.49
19040.0  -195.275893 0.249076   -195.026817 240.87
19060.0  -195.268070 0.297357   -194.970713 287.56
19080.0  -195.204778 0.283678   -194.921101 274.33
19100.0  -195.145965 0.314168   -194.831797 303.81
19120.0  -195.221565 0.431097   -194.790468 416.89
19140.0  -195.241620 0.472361   -194.769259 456.79
19160.0  -195.034832 0.268703   -194.766129 259.85
19180.0  -195.216056 0.427769   -194.788287 413.67
19200.0  -195.297130 0.468977   -194.828153 453.52
19220.0  -195.168975 0.302273   -194.866702 292.31
19240.0  -195.182489 0.252417   -194.930071 244.10
19260.0  -195.371841 0.380644   -194.991197 368.10
19280.0  -195.361460 0.306458   -195.055002 296.36
19300.0  -195.291732 0.220414   -195.071318 213.15
19320.0  -195.439725 0.341721   -195.098004 330.46
19340.0  -195.354628 0.243858   -195.110771 235.82
19360.0  -195.325569 0.213490   -195.112079 206.45
19380.0  -195.316140 0.210836   -195.105304 203.89
19400.0  -195.335072 0.236243   -195.098829 228.46
19420.0  -195.421630 0.332164   -195.089466 321.22
19440.0  -195.353978 0.283351   -195.070628 274.01
19460.0  -195.250095 0.203896   -195.046200 197.18
19480.0  -195.267121 0.241286   -195.025836 233.33
19500.0  -195.254002 0.258189   -194.995813 249.68
19520.0  -195.254010 0.290152   -194.963858 280.59
19540.0  -195.165017 0.220227   -194.944790 212.97
19560.0  -195.236869 0.357465   -194.879403 345.68
19580.0  -195.123226 0.253403   -194.869823 245.05
19600.0  -195.229723 0.361645   -194.868078 349.73
19620.0  -195.255240 0.362174   -194.893066 350.24
19640.0  -195.225963 0.306517   -194.919446 296.42
19660.0  -195.280208 0.346834   -194.933374 335.40
19680.0  -195.275919 0.309807   -194.966111 299.60
19700.0  -195.158025 0.180485   -194.977540 174.54
19720.0  -195.204259 0.218390   -194.985869 211.19
19740.0  -195.277280 0.289359   -194.987922 279.82
19760.0  -195.370589 0.373520   -194.997069 361.21
19780.0  -195.302638 0.316249   -194.986388 305.83
19800.0  -195.325482 0.328397   -194.997085 317.57
19820.0  -195.305120 0.312952   -194.992168 302.64
19840.0  -195.280480 0.294907   -194.985574 285.19
19860.0  -195.305480 0.309690   -194.995790 299.48
19880.0  -195.388596 0.386604   -195.001992 373.86
19900.0  -195.287666 0.283529   -195.004137 274.18
19920.0  -195.364677 0.351291   -195.013387 339.71
19940.0  -195.341356 0.319963   -195.021393 309.42
19960.0  -195.238349 0.202817   -195.035532 196.13
19980.0  -195.377651 0.339655   -195.037996 328.46
20000.0  -195.413594 0.364101   -195.049493 352.10
20020.0  -195.332280 0.300760   -195.031520 290.85
20040.0  -195.184439 0.152924   -195.031515 147.88
20060.0  -195.440031 0.406029   -195.034002 392.65
20080.0  -195.368636 0.342070   -195.026565 330.80
20100.0  -195.242144 0.212324   -195.029821 205.33
20120.0  -195.299475 0.277189   -195.022286 268.05
20140.0  -195.348684 0.342053   -195.006631 330.78
20160.0  -195.216802 0.245849   -194.970953 237.75
20180.0  -195.378263 0.429979   -194.948285 415.81
20200.0  -195.325318 0.432977   -194.892341 418.71
20220.0  -195.265009 0.407088   -194.857921 393.67
20240.0  -195.129467 0.304850   -194.824617 294.80
20260.0  -195.128607 0.330813   -194.797794 319.91
20280.0  -195.164443 0.407029   -194.757414 393.61
20300.0  -195.216724 0.466963   -194.749762 451.57
20320.0  -195.154083 0.389530   -194.764553 376.69
20340.0  -195.183521 0.393369   -194.790152 380.40
20360.0  -195.150074 0.303074   -194.847000 293.09
20380.0  -195.198330 0.264132   -194.934198 255.43
20400.0  -195.362480 0.341838   -195.020642 330.57
20420.0  -195.315004 0.231682   -195.083322 224.05
20440.0  -195.370678 0.258788   -195.111890 250.26
20460.0  -195.295401 0.217914   -195.077488 210.73
20480.0  -195.373405 0.279645   -195.093760 270.43
20500.0  -195.385810 0.290532   -195.095278 280.96
20520.0  -195.310601 0.218248   -195.092353 211.06
20540.0  -195.392575 0.308327   -195.084248 298.17
20560.0  -195.338349 0.282607   -195.055742 273.29
20580.0  -195.284340 0.243803   -195.040537 235.77
20600.0  -195.254746 0.244458   -195.010287 236.40
20620.0  -195.185203 0.214740   -194.970463 207.66
20640.0  -195.253576 0.350992   -194.902584 339.42
20660.0  -195.207208 0.370276   -194.836932 358.07
20680.0  -195.209412 0.416423   -194.792989 402.70
20700.0  -195.047891 0.277099   -194.770792 267.97
20720.0  -195.200528 0.429112   -194.771416 414.97
20740.0  -195.157963 0.367853   -194.790110 355.73
20760.0  -195.194825 0.397208   -194.797617 384.12
20780.0  -195.212248 0.366225   -194.846023 354.16
20800.0  -195.232905 0.355321   -194.877584 343.61
20820.0  -195.197260 0.299374   -194.897887 289.51
20840.0  -195.196614 0.297402   -194.899213 287.60
20860.0  -195.345533 0.413433   -194.932099 399.81
20880.0  -195.480855 0.517751   -194.963104 500.69
20900.0  -195.326149 0.352413   -194.973736 340.80
20920.0  -195.322263 0.366463   -194.955800 354.39
20940.0  -195.228010 0.263477   -194.964533 254.79
20960.0  -195.297006 0.313564   -194.983442 303.23
20980.0  -195.355684 0.337188   -195.018496 326.08
21000.0  -195.263304 0.237328   -195.025976 229.51
21020.0  -195.339398 0.297823   -195.041575 288.01
21040.0  -195.342414 0.292950   -195.049464 283.30
21060.0  -195.429149 0.357573   -195.071576 345.79
21080.0  -195.370749 0.286561   -195.084188 277.12
21100.0  -195.278762 0.169305   -195.109457 163.73
21120.0  -195.304345 0.181110   -195.123236 175.14
21140.0  -195.376335 0.239971   -195.136364 232.06
21160.0  -195.462139 0.316089   -195.146050 305.67
21180.0  -195.549921 0.396194   -195.153726 383.14
21200.0  -195.370518 0.229796   -195.140723 222.22
21220.0  -195.286190 0.169823   -195.116367 164.23
21240.0  -195.358715 0.254041   -195.104674 245.67
21260.0  -195.333180 0.258897   -195.074283 250.36
21280.0  -195.229972 0.199981   -195.029991 193.39
21300.0  -195.290811 0.316596   -194.974215 306.16
21320.0  -195.371829 0.451206   -194.920624 436.34
21340.0  -195.275206 0.392396   -194.882811 379.46
21360.0  -195.305506 0.456350   -194.849156 441.31
21380.0  -195.187576 0.392208   -194.795368 379.28
21400.0  -195.018388 0.220699   -194.797690 213.43
21420.0  -195.148250 0.343022   -194.805228 331.72
21440.0  -195.239329 0.414457   -194.824872 400.80
21460.0  -195.064439 0.198978   -194.865461 192.42
21480.0  -195.234940 0.315108   -194.919832 304.72
21500.0  -195.123638 0.153430   -194.970208 148.37
21520.0  -195.244075 0.226013   -195.018063 218.56
21540.0  -195.243292 0.180402   -195.062891 174.46
21560.0  -195.358982 0.257669   -195.101313 249.18
21580.0  -195.425072 0.301198   -195.123874 291.27
21600.0  -195.400186 0.276605   -195.123581 267.49
21620.0  -195.425071 0.293091   -195.131981 283.43
21640.0  -195.321497 0.197842   -195.123655 191.32
21660.0  -195.344497 0.231237   -195.113259 223.62
21680.0  -195.483679 0.369390   -195.114290 357.22
21700.0  -195.337069 0.244360   -195.092709 236.31
21720.0  -195.254127 0.183303   -195.070825 177.26
21740.0  -195.251685 0.209871   -195.041814 202.95
21760.0  -195.224920 0.223930   -195.000990 216.55
21780.0  -195.271361 0.304146   -194.967215 294.12
21800.0  -195.184439 0.270644   -194.913795 261.72
21820.0  -195.188265 0.339099   -194.849165 327.92
21840.0  -195.072123 0.247110   -194.825013 238.97
21860.0  -195.160324 0.339884   -194.820440 328.68
21880.0  -195.064103 0.255960   -194.808143 247.52
21900.0  -195.180060 0.347056   -194.833004 335.62
21920.0  -195.258806 0.397408   -194.861397 384.31
21940.0  -195.256913 0.348140   -194.908773 336.67
21960.0  -195.233404 0.286598   -194.946806 277.15
21980.0  -195.257687 0.240020   -195.017668 232.11
22000.0  -195.289923 0.209464   -195.080459 202.56
22020.0  -195.353930 0.224188   -195.129742 216.80
22040.0  -195.413377 0.267139   -195.146239 258.33
22060.0  -195.417890 0.260374   -195.157516 251.79
22080.0  -195.268218 0.131649   -195.136569 127.31
22100.0  -195.339730 0.216697   -195.123033 209.56
22120.0  -195.296001 0.188464   -195.107537 182.25
22140.0  -195.317074 0.221519   -195.095555 214.22
22160.0  -195.399040 0.327243   -195.071798 316.46
22180.0  -195.414023 0.367621   -195.046402 355.51
22200.0  -195.291995 0.274695   -195.017300 265.64
22220.0  -195.364712 0.369922   -194.994790 357.73
22240.0  -195.119632 0.164130   -194.955501 158.72
22260.0  -195.226502 0.289867   -194.936635 280.31
22280.0  -195.176706 0.270808   -194.905898 261.88
22300.0  -195.084970 0.196761   -194.888209 190.28
22320.0  -195.202820 0.321510   -194.881310 310.91
22340.0  -195.188897 0.317155   -194.871742 306.70
22360.0  -195.183180 0.306270   -194.876911 296.18
22380.0  -195.163841 0.294696   -194.869144 284.98
22400.0  -195.115122 0.250235   -194.864886 241.99
22420.0  -195.061092 0.168192   -194.892899 162.65
22440.0  -195.367368 0.426659   -194.940709 412.60
22460.0  -195.328047 0.345615   -194.982433 334.22
22480.0  -195.322462 0.270913   -195.051550 261.98
22500.0  -195.269443 0.148085   -195.121358 143.20
22520.0  -195.334709 0.158282   -195.176426 153.07
22540.0  -195.384407 0.184941   -195.199466 178.85
22560.0  -195.404099 0.204431   -195.199668 197.69
22580.0  -195.275007 0.091090   -195.183917 88.09 
22600.0  -195.325406 0.157066   -195.168340 151.89
22620.0  -195.308965 0.169819   -195.139146 164.22
22640.0  -195.315441 0.204891   -195.110550 198.14
22660.0  -195.307946 0.239702   -195.068244 231.80
22680.0  -195.378149 0.342580   -195.035569 331.29
22700.0  -195.164329 0.173899   -194.990430 168.17
22720.0  -195.186955 0.220111   -194.966844 212.86
22740.0  -195.314136 0.425290   -194.888846 411.27
22760.0  -195.250092 0.364645   -194.885447 352.63
22780.0  -195.137002 0.274438   -194.862564 265.39
22800.0  -195.246813 0.370837   -194.875975 358.62
22820.0  -195.253276 0.384998   -194.868278 372.31
22840.0  -195.456043 0.560797   -194.895246 542.32
22860.0  -195.257935 0.352154   -194.905782 340.55
22880.0  -195.185359 0.247452   -194.937907 239.30
22900.0  -195.335430 0.361757   -194.973673 349.83
22920.0  -195.369063 0.351023   -195.018039 339.45
22940.0  -195.265318 0.204909   -195.060409 198.16
22960.0  -195.393053 0.286798   -195.106255 277.35
22980.0  -195.310974 0.179145   -195.131829 173.24
23000.0  -195.296602 0.149969   -195.146633 145.03
23020.0  -195.503669 0.335446   -195.168223 324.39
23040.0  -195.359569 0.195549   -195.164020 189.10
23060.0  -195.364858 0.210688   -195.154170 203.74
23080.0  -195.318012 0.203962   -195.114050 197.24
23100.0  -195.213191 0.178927   -195.034264 173.03
23120.0  -195.266558 0.314727   -194.951832 304.35
23140.0  -195.220772 0.327184   -194.893588 316.40
23160.0  -195.135823 0.286552   -194.849271 277.11
23180.0  -195.206817 0.383838   -194.822979 371.19
23200.0  -195.239810 0.465528   -194.774282 450.19
23220.0  -195.012570 0.264495   -194.748075 255.78
23240.0  -195.112199 0.358929   -194.753271 347.10
23260.0  -194.959594 0.197051   -194.762544 190.56
23280.0  -195.082308 0.288799   -194.793509 279.28
23300.0  -195.339125 0.488910   -194.850214 472.80
23320.0  -195.193143 0.297423   -194.895720 287.62
23340.0  -195.445526 0.477057   -194.968469 461.34
23360.0  -195.216360 0.204503   -195.011857 197.76
23380.0  -195.323197 0.268851   -195.054346 259.99
23400.0  -195.420629 0.317494   -195.103135 307.03
23420.0  -195.500783 0.375719   -195.125064 363.34
23440.0  -195.277221 0.159260   -195.117961 154.01
23460.0  -195.390437 0.263602   -195.126835 254.91
23480.0  -195.406592 0.276831   -195.129761 267.71
23500.0  -195.407934 0.280584   -195.127350 271.34
23520.0  -195.412627 0.309772   -195.102855 299.56
23540.0  -195.345993 0.260494   -195.085498 251.91
23560.0  -195.394190 0.334960   -195.059230 323.92
23580.0  -195.233887 0.240372   -194.993515 232.45
23600.0  -195.357706 0.428403   -194.929303 414.28
23620.0  -195.271603 0.433456   -194.838148 419.17
23640.0  -195.343044 0.636683   -194.706361 615.70
23660.0  -194.856218 0.228730   -194.627488 221.19
23680.0  -194.945080 0.330563   -194.614517 319.67
23700.0  -195.025037 0.374679   -194.650359 362.33
23720.0  -195.366632 0.645015   -194.721618 623.76
23740.0  -195.154455 0.403793   -194.750662 390.48
23760.0  -195.150172 0.356091   -194.794080 344.36
23780.0  -195.364514 0.511125   -194.853389 494.28
23800.0  -195.306167 0.407246   -194.898921 393.82
23820.0  -195.219645 0.290508   -194.929137 280.93
23840.0  -195.082917 0.115602   -194.967315 111.79
23860.0  -195.395019 0.384119   -195.010900 371.46
23880.0  -195.265211 0.229309   -195.035901 221.75
23900.0  -195.305624 0.250130   -195.055494 241.89
23920.0  -195.358136 0.279256   -195.078880 270.05
23940.0  -195.504220 0.402160   -195.102059 388.91
23960.0  -195.365657 0.263674   -195.101983 254.98
23980.0  -195.344299 0.247213   -195.097087 239.07
24000.0  -195.417479 0.313153   -195.104326 302.83
24020.0  -195.297497 0.216941   -195.080556 209.79
24040.0  -195.270846 0.228560   -195.042286 221.03
24060.0  -195.150209 0.162300   -194.987908 156.95
24080.0  -195.354853 0.430006   -194.924846 415.83
24100.0  -195.242695 0.428584   -194.814110 414.46
24120.0  -195.237250 0.493520   -194.743730 477.26
24140.0  -195.106847 0.400268   -194.706578 387.08
24160.0  -195.277966 0.568704   -194.709262 549.96
24180.0  -195.050597 0.337613   -194.712984 326.49
24200.0  -195.096067 0.347007   -194.749059 335.57
24220.0  -195.193381 0.380758   -194.812623 368.21
24240.0  -195.205064 0.329007   -194.876057 318.16
24260.0  -195.318452 0.391970   -194.926482 379.05
24280.0  -195.235757 0.274523   -194.961234 265.48
24300.0  -195.375246 0.377795   -194.997451 365.34
24320.0  -195.312940 0.300672   -195.012267 290.76
24340.0  -195.351703 0.346605   -195.005097 335.18
24360.0  -195.208508 0.196365   -195.012143 189.89
24380.0  -195.359079 0.340760   -195.018319 329.53
24400.0  -195.247783 0.246613   -195.001170 238.49
24420.0  -195.217625 0.224013   -194.993612 216.63
24440.0  -195.257633 0.269460   -194.988173 260.58
24460.0  -195.282932 0.304300   -194.978632 294.27
24480.0  -195.289203 0.325368   -194.963835 314.65
24500.0  -195.245710 0.302378   -194.943332 292.41
24520.0  -195.422503 0.497156   -194.925347 480.77
24540.0  -195.169265 0.295643   -194.873623 285.90
24560.0  -195.166646 0.405393   -194.761253 392.03
24580.0  -195.027138 0.348505   -194.678633 337.02
24600.0  -194.938158 0.349565   -194.588594 338.04
24620.0  -195.213553 0.664073   -194.549480 642.19
24640.0  -195.098965 0.582472   -194.516493 563.28
24660.0  -194.853550 0.323542   -194.530008 312.88
24680.0  -195.069741 0.482843   -194.586898 466.93
24700.0  -195.118659 0.423878   -194.694781 409.91
24720.0  -195.050216 0.254606   -194.795610 246.21
24740.0  -195.296707 0.429706   -194.867000 415.54
24760.0  -195.208240 0.301044   -194.907197 291.12
24780.0  -195.368412 0.436808   -194.931604 422.41
24800.0  -195.404242 0.455181   -194.949061 440.18
24820.0  -195.097559 0.145766   -194.951793 140.96
24840.0  -195.397119 0.425570   -194.971549 411.54
24860.0  -195.320535 0.343848   -194.976688 332.52
24880.0  -195.220061 0.245819   -194.974242 237.72
24900.0  -195.287109 0.310255   -194.976854 300.03
24920.0  -195.239218 0.257824   -194.981394 249.33
24940.0  -195.373766 0.398423   -194.975343 385.29
24960.0  -195.203299 0.244650   -194.958649 236.59
24980.0  -195.062280 0.125199   -194.937080 121.07
25000.0  -195.306811 0.390231   -194.916580 377.37
25020.0  -195.150892 0.299703   -194.851189 289.83
25040.0  -195.053436 0.241488   -194.811948 233.53
25060.0  -195.234557 0.474058   -194.760499 458.44
25080.0  -195.102481 0.398020   -194.704460 384.90
25100.0  -195.090809 0.421679   -194.669130 407.78
25120.0  -195.095835 0.447505   -194.648329 432.76
25140.0  -194.924491 0.281032   -194.643459 271.77
25160.0  -195.173426 0.503326   -194.670100 486.74
25180.0  -195.017512 0.291532   -194.725980 281.92
25200.0  -195.015019 0.205514   -194.809505 198.74
25220.0  -195.318485 0.413155   -194.905330 399.54
25240.0  -195.247291 0.282010   -194.965280 272.72
25260.0  -195.263794 0.267550   -194.996244 258.73
25280.0  -195.271765 0.256391   -195.015374 247.94
25300.0  -195.294046 0.278147   -195.015899 268.98
25320.0  -195.399470 0.383446   -195.016024 370.81
25340.0  -195.163349 0.159541   -195.003808 154.28
25360.0  -195.210739 0.226035   -194.984704 218.59
25380.0  -195.273757 0.314462   -194.959295 304.10
25400.0  -195.139525 0.218910   -194.920615 211.70
25420.0  -195.247272 0.348073   -194.899199 336.60
25440.0  -195.039892 0.188827   -194.851065 182.60
25460.0  -195.162291 0.387689   -194.774601 374.91
25480.0  -195.252835 0.516925   -194.735910 499.89
25500.0  -195.051192 0.355121   -194.696072 343.42
25520.0  -194.822808 0.140202   -194.682606 135.58
25540.0  -194.900189 0.213385   -194.686804 206.35
25560.0  -195.151254 0.479981   -194.671273 464.16
25580.0  -195.156854 0.468167   -194.688687 452.74
25600.0  -194.923049 0.204089   -194.718960 197.36
25620.0  -195.148634 0.342153   -194.806481 330.88
25640.0  -195.334949 0.418949   -194.916000 405.14
25660.0  -195.156737 0.187587   -194.969150 181.41
25680.0  -195.300094 0.306176   -194.993918 296.09
25700.0  -195.250385 0.229911   -195.020473 222.33
25720.0  -195.295654 0.254595   -195.041059 246.20
25740.0  -195.287692 0.242660   -195.045031 234.66
25760.0  -195.394617 0.339180   -195.055438 328.00
25780.0  -195.223667 0.185375   -195.038293 179.27
25800.0  -195.247277 0.222049   -195.025228 214.73
25820.0  -195.325926 0.322947   -195.002979 312.30
25840.0  -195.246100 0.276714   -194.969387 267.59
25860.0  -195.108639 0.186247   -194.922393 180.11
25880.0  -195.149897 0.281876   -194.868021 272.59
25900.0  -195.210248 0.379880   -194.830368 367.36
25920.0  -195.152340 0.408401   -194.743939 394.94
25940.0  -195.163801 0.438318   -194.725483 423.87
25960.0  -195.129096 0.438288   -194.690807 423.84
25980.0  -195.108918 0.366261   -194.742657 354.19
26000.0  -194.932369 0.237525   -194.694843 229.70
26020.0  -195.109701 0.343711   -194.765991 332.38
26040.0  -195.137747 0.353248   -194.784498 341.61
26060.0  -195.329574 0.495572   -194.834002 479.24
26080.0  -195.322530 0.484896   -194.837634 468.92
26100.0  -195.264841 0.383282   -194.881560 370.65
26120.0  -195.087360 0.198457   -194.888903 191.92
26140.0  -195.082878 0.178289   -194.904589 172.41
26160.0  -195.214352 0.300853   -194.913498 290.94
26180.0  -195.252699 0.339712   -194.912987 328.52
26200.0  -195.228685 0.307074   -194.921611 296.95
26220.0  -195.258594 0.338359   -194.920234 327.21
26240.0  -195.227596 0.311696   -194.915899 301.42
26260.0  -195.257811 0.346496   -194.911315 335.08
26280.0  -195.080205 0.187408   -194.892797 181.23
26300.0  -195.061065 0.181366   -194.879699 175.39
26320.0  -195.118484 0.262825   -194.855659 254.16
26340.0  -195.245238 0.410918   -194.834320 397.38
26360.0  -195.314269 0.518279   -194.795990 501.20
26380.0  -194.887324 0.200480   -194.686843 193.87
26400.0  -195.328586 0.705434   -194.623152 682.19
26420.0  -194.837035 0.285994   -194.551042 276.57
26440.0  -195.117110 0.566213   -194.550898 547.55
26460.0  -195.169244 0.605209   -194.564035 585.26
26480.0  -194.995111 0.407067   -194.588045 393.65
26500.0  -195.195142 0.525003   -194.670139 507.70
26520.0  -195.077651 0.335902   -194.741748 324.83
26540.0  -195.183472 0.367752   -194.815721 355.63
26560.0  -195.144278 0.283240   -194.861037 273.91
26580.0  -195.208082 0.316751   -194.891331 306.31
26600.0  -195.100974 0.193954   -194.907020 187.56
26620.0  -195.119004 0.208404   -194.910601 201.54
26640.0  -195.211525 0.297964   -194.913561 288.14
26660.0  -194.985991 0.079547   -194.906445 76.93 
26680.0  -195.192420 0.284120   -194.908300 274.76
26700.0  -195.198877 0.295323   -194.903554 285.59
26720.0  -195.247912 0.355164   -194.892747 343.46
26740.0  -195.244105 0.372456   -194.871648 360.18
26760.0  -195.067472 0.228724   -194.838748 221.19
26780.0  -195.274540 0.467186   -194.807354 451.79
26800.0  -195.056975 0.310221   -194.746755 300.00
26820.0  -195.038042 0.406582   -194.631460 393.18
26840.0  -195.057873 0.491265   -194.566608 475.07
26860.0  -195.058152 0.549777   -194.508376 531.66
26880.0  -195.070859 0.583302   -194.487557 564.08
26900.0  -195.073999 0.590917   -194.483082 571.44
26920.0  -194.889040 0.354186   -194.534855 342.51
26940.0  -195.016535 0.367508   -194.649026 355.40
26960.0  -195.092662 0.332262   -194.760399 321.31
26980.0  -195.148777 0.321383   -194.827394 310.79
27000.0  -195.056214 0.200684   -194.855530 194.07
27020.0  -195.132068 0.253896   -194.878173 245.53
27040.0  -195.193559 0.306995   -194.886564 296.88
27060.0  -195.093577 0.207815   -194.885762 200.97
27080.0  -195.215770 0.328694   -194.887077 317.86
27100.0  -195.278014 0.398024   -194.879990 384.91
27120.0  -195.033616 0.175492   -194.858124 169.71
27140.0  -195.202114 0.358405   -194.843709 346.59
27160.0  -195.142554 0.332749   -194.809805 321.78
27180.0  -194.981389 0.206783   -194.774605 199.97
27200.0  -195.127319 0.381414   -194.745906 368.84
27220.0  -195.111515 0.402709   -194.708806 389.44
27240.0  -194.937879 0.273461   -194.664418 264.45
27260.0  -195.030904 0.396428   -194.634475 383.36
27280.0  -195.103373 0.527446   -194.575927 510.06
27300.0  -195.170875 0.593855   -194.577021 574.28
27320.0  -194.956819 0.364735   -194.592084 352.71
27340.0  -195.035726 0.367967   -194.667759 355.84
27360.0  -195.226986 0.460540   -194.766446 445.36
27380.0  -195.195986 0.343795   -194.852192 332.46
27400.0  -195.124332 0.226202   -194.898130 218.75
27420.0  -195.272005 0.332843   -194.939162 321.87
27440.0  -195.253983 0.301524   -194.952460 291.59
27460.0  -195.215907 0.253447   -194.962460 245.09
27480.0  -195.184588 0.225569   -194.959019 218.14
27500.0  -195.260490 0.294659   -194.965831 284.95
27520.0  -195.364993 0.406859   -194.958134 393.45
27540.0  -195.212290 0.278845   -194.933445 269.66
27560.0  -195.259272 0.338617   -194.920655 327.46
27580.0  -195.144377 0.264489   -194.879888 255.77
27600.0  -195.287878 0.445255   -194.842623 430.58
27620.0  -195.069885 0.292526   -194.777358 282.89
27640.0  -194.942213 0.232234   -194.709979 224.58
27660.0  -195.061426 0.393677   -194.667749 380.70
27680.0  -194.979806 0.341729   -194.638077 330.47
27700.0  -195.163823 0.516802   -194.647022 499.77
27720.0  -195.255630 0.592097   -194.663534 572.58
27740.0  -195.006417 0.347394   -194.659024 335.94
27760.0  -195.004114 0.298147   -194.705967 288.32
27780.0  -195.082817 0.318328   -194.764489 307.84
27800.0  -195.123806 0.309544   -194.814262 299.34
27820.0  -195.069304 0.227079   -194.842226 219.60
27840.0  -195.038283 0.183394   -194.854889 177.35
27860.0  -195.208739 0.336262   -194.872477 325.18
27880.0  -195.271789 0.396045   -194.875744 382.99
27900.0  -195.276590 0.395907   -194.880683 382.86
27920.0  -195.111085 0.235025   -194.876060 227.28
27940.0  -195.147257 0.268951   -194.878307 260.09
27960.0  -195.164615 0.287263   -194.877352 277.80
27980.0  -195.206224 0.326899   -194.879325 316.13
28000.0  -195.270630 0.393646   -194.876985 380.67
28020.0  -195.105390 0.238259   -194.867132 230.41
28040.0  -195.240794 0.373648   -194.867145 361.33
28060.0  -195.336241 0.459522   -194.876720 444.38
28080.0  -195.279903 0.401335   -194.878568 388.11
28100.0  -195.247018 0.355030   -194.891988 343.33
28120.0  -195.054744 0.174817   -194.879927 169.06
28140.0  -195.123219 0.231083   -194.892136 223.47
28160.0  -195.042255 0.145617   -194.896639 140.82
28180.0  -195.200038 0.297536   -194.902502 287.73
28200.0  -195.191413 0.327720   -194.863692 316.92
28220.0  -195.200718 0.338021   -194.862698 326.88
28240.0  -195.091744 0.238453   -194.853291 230.59
28260.0  -195.268156 0.416290   -194.851866 402.57
28280.0  -195.132221 0.283047   -194.849174 273.72
28300.0  -195.285031 0.428549   -194.856482 414.43
28320.0  -195.121923 0.273060   -194.848863 264.06
28340.0  -195.002552 0.153166   -194.849386 148.12
28360.0  -195.045287 0.198106   -194.847181 191.58
28380.0  -195.107628 0.255365   -194.852263 246.95
28400.0  -195.327235 0.454294   -194.872942 439.32
28420.0  -195.204935 0.300415   -194.904520 290.51
28440.0  -195.296266 0.366224   -194.930042 354.15
28460.0  -195.199895 0.230196   -194.969699 222.61
28480.0  -195.271729 0.277536   -194.994193 268.39
28500.0  -195.214769 0.206930   -195.007839 200.11
28520.0  -195.297814 0.277082   -195.020732 267.95
28540.0  -195.231409 0.209853   -195.021556 202.94
28560.0  -195.294633 0.277884   -195.016749 268.73
28580.0  -195.153480 0.157983   -194.995497 152.78
28600.0  -195.164053 0.206617   -194.957435 199.81
28620.0  -195.236649 0.336551   -194.900098 325.46
28640.0  -195.222797 0.440231   -194.782566 425.72
28660.0  -195.077755 0.361884   -194.715871 349.96
28680.0  -195.058051 0.374144   -194.683907 361.81
28700.0  -195.109169 0.447533   -194.661636 432.78
28720.0  -194.933143 0.292327   -194.640815 282.69
28740.0  -195.072468 0.415354   -194.657114 401.67
28760.0  -195.019256 0.344851   -194.674404 333.49
28780.0  -195.217400 0.509254   -194.708146 492.47
28800.0  -195.078445 0.301501   -194.776944 291.56
28820.0  -195.063387 0.250347   -194.813039 242.10
28840.0  -195.153442 0.304216   -194.849226 294.19
28860.0  -195.239152 0.354954   -194.884198 343.26
28880.0  -195.261192 0.353695   -194.907497 342.04
28900.0  -195.222494 0.304757   -194.917736 294.71
28920.0  -195.191763 0.265843   -194.925920 257.08
28940.0  -195.202117 0.271779   -194.930338 262.82
28960.0  -195.306750 0.375488   -194.931262 363.11
28980.0  -195.276303 0.352095   -194.924208 340.49
29000.0  -195.134451 0.228198   -194.906253 220.68
29020.0  -195.248667 0.346144   -194.902523 334.74
29040.0  -195.098772 0.209721   -194.889051 202.81
29060.0  -195.220745 0.343887   -194.876858 332.55
29080.0  -195.110611 0.252635   -194.857976 244.31
29100.0  -195.017861 0.223103   -194.794758 215.75
29120.0  -195.170168 0.406374   -194.763794 392.98
29140.0  -195.024951 0.311291   -194.713661 301.03
29160.0  -194.963429 0.293233   -194.670196 283.57
29180.0  -195.213570 0.546310   -194.667260 528.31
29200.0  -194.897498 0.306168   -194.591330 296.08
29220.0  -195.146103 0.577493   -194.568610 558.46
29240.0  -195.058870 0.536320   -194.522550 518.64
29260.0  -195.051097 0.535464   -194.515634 517.82
29280.0  -195.101266 0.546952   -194.554314 528.93
29300.0  -194.838010 0.238390   -194.599620 230.53
29320.0  -195.164350 0.478773   -194.685577 462.99
29340.0  -195.212924 0.435847   -194.777076 421.48
29360.0  -195.110010 0.283259   -194.826751 273.92
29380.0  -195.134054 0.267532   -194.866522 258.72
29400.0  -195.100959 0.212170   -194.888788 205.18
29420.0  -195.185183 0.269323   -194.915860 260.45
29440.0  -195.110346 0.181130   -194.929216 175.16
29460.0  -195.297554 0.351010   -194.946544 339.44
29480.0  -195.332637 0.381875   -194.950762 369.29
29500.0  -195.118742 0.178261   -194.940481 172.39
29520.0  -195.132051 0.194743   -194.937308 188.33
29540.0  -195.252491 0.320479   -194.932012 309.92
29560.0  -195.073617 0.196205   -194.877412 189.74
29580.0  -195.128421 0.261822   -194.866599 253.19
29600.0  -195.196320 0.347455   -194.848865 336.00
29620.0  -195.109218 0.303790   -194.805428 293.78
29640.0  -195.281550 0.512241   -194.769309 495.36
29660.0  -195.121685 0.420012   -194.701672 406.17
29680.0  -194.951993 0.295929   -194.656064 286.18
29700.0  -195.223431 0.605636   -194.617795 585.68
29720.0  -194.964809 0.375876   -194.588933 363.49
29740.0  -195.036911 0.439581   -194.597330 425.09
29760.0  -195.061307 0.438533   -194.622774 424.08
29780.0  -195.092335 0.425145   -194.667190 411.13
29800.0  -195.204846 0.469091   -194.735756 453.63
29820.0  -195.135583 0.318034   -194.817549 307.55
29840.0  -195.155296 0.283620   -194.871676 274.27
29860.0  -195.129628 0.208878   -194.920750 201.99
29880.0  -195.224537 0.283523   -194.941014 274.18
29900.0  -195.153518 0.198324   -194.955195 191.79
29920.0  -195.320340 0.361319   -194.959021 349.41
29940.0  -195.153224 0.201467   -194.951758 194.83
29960.0  -195.249532 0.306546   -194.942987 296.44
29980.0  -195.160520 0.224598   -194.935922 217.20
30000.0  -195.355676 0.431369   -194.924307 417.15
30020.0  -195.119961 0.245320   -194.874641 237.23
30040.0  -195.145580 0.301903   -194.843677 291.95
30060.0  -195.136777 0.325537   -194.811239 314.81
30080.0  -195.134597 0.358630   -194.775967 346.81
30100.0  -195.037134 0.311116   -194.726017 300.86
30120.0  -195.011762 0.347917   -194.663845 336.45
30140.0  -195.203234 0.602256   -194.600978 582.41
30160.0  -195.100990 0.562840   -194.538149 544.29
30180.0  -194.751221 0.274218   -194.477002 265.18
30200.0  -194.932524 0.476478   -194.456046 460.78
30220.0  -195.080321 0.608107   -194.472214 588.07
30240.0  -194.759391 0.233806   -194.525586 226.10
30260.0  -195.014632 0.366763   -194.647869 354.68
30280.0  -195.132919 0.394710   -194.738210 381.70
30300.0  -195.063893 0.241764   -194.822130 233.80
30320.0  -195.125024 0.247857   -194.877167 239.69
30340.0  -195.251302 0.345171   -194.906131 333.80
30360.0  -195.207108 0.287978   -194.919130 278.49
30380.0  -195.137792 0.206456   -194.931336 199.65
30400.0  -195.174895 0.230753   -194.944142 223.15
30420.0  -195.269807 0.324373   -194.945434 313.68
30440.0  -195.220407 0.277937   -194.942469 268.78
30460.0  -195.030693 0.122636   -194.908057 118.59
30480.0  -195.074564 0.181711   -194.892853 175.72
30500.0  -195.210907 0.342246   -194.868661 330.97
30520.0  -194.972070 0.140407   -194.831663 135.78
30540.0  -195.150160 0.377005   -194.773155 364.58
30560.0  -195.036066 0.314475   -194.721590 304.11
30580.0  -194.908664 0.243794   -194.664870 235.76
30600.0  -195.003950 0.376126   -194.627824 363.73
30620.0  -194.956515 0.343305   -194.613210 331.99
30640.0  -194.878618 0.275894   -194.602724 266.80
30660.0  -195.213643 0.607514   -194.606129 587.49
30680.0  -194.845016 0.231230   -194.613786 223.61
30700.0  -194.966393 0.332814   -194.633580 321.85
30720.0  -195.119331 0.463245   -194.656087 447.98
30740.0  -194.906886 0.218042   -194.688844 210.86
30760.0  -195.130381 0.407514   -194.722867 394.08
30780.0  -195.056869 0.312275   -194.744594 301.98
30800.0  -194.968895 0.200339   -194.768556 193.74
30820.0  -195.173960 0.381147   -194.792813 368.59
30840.0  -195.156183 0.348067   -194.808116 336.60
30860.0  -194.957869 0.138405   -194.819464 133.84
30880.0  -195.201616 0.377493   -194.824124 365.05
30900.0  -195.026163 0.202872   -194.823291 196.19
30920.0  -195.017534 0.241126   -194.776409 233.18
30940.0  -195.102127 0.333535   -194.768592 322.54
30960.0  -195.037927 0.292692   -194.745235 283.05
30980.0  -194.959694 0.320077   -194.639617 309.53
31000.0  -195.052854 0.546215   -194.506639 528.21
31020.0  -194.614361 0.230630   -194.383730 223.03
31040.0  -194.939601 0.600449   -194.339152 580.66
31060.0  -194.649514 0.332606   -194.316908 321.64
31080.0  -194.635927 0.320325   -194.315602 309.77
31100.0  -194.717260 0.410296   -194.306964 396.77
31120.0  -194.717201 0.397265   -194.319935 384.17
31140.0  -194.674081 0.336976   -194.337105 325.87
31160.0  -194.833140 0.455310   -194.377829 440.31
31180.0  -195.046525 0.601218   -194.445307 581.40
31200.0  -194.711769 0.178896   -194.532873 173.00
31220.0  -195.096671 0.447999   -194.648672 433.23
31240.0  -195.148061 0.415627   -194.732434 401.93
31260.0  -195.066820 0.279983   -194.786837 270.76
31280.0  -195.142850 0.314876   -194.827974 304.50
31300.0  -195.239041 0.380951   -194.858090 368.40
31320.0  -195.286186 0.404978   -194.881208 391.63
31340.0  -195.092296 0.190228   -194.902068 183.96
31360.0  -195.196270 0.284734   -194.911536 275.35
31380.0  -195.263390 0.354739   -194.908651 343.05
31400.0  -195.194443 0.278515   -194.915928 269.34
31420.0  -195.198623 0.277845   -194.920779 268.69
31440.0  -195.258840 0.347429   -194.911411 335.98
31460.0  -195.246712 0.338877   -194.907835 327.71
31480.0  -195.045095 0.144788   -194.900307 140.02
31500.0  -195.126033 0.244294   -194.881739 236.24
31520.0  -195.191435 0.350469   -194.840966 338.92
31540.0  -195.213394 0.421595   -194.791799 407.70
31560.0  -194.935968 0.208231   -194.727737 201.37
31580.0  -194.924290 0.258668   -194.665622 250.14
31600.0  -195.206262 0.580768   -194.625494 561.63
31620.0  -195.062376 0.467848   -194.594528 452.43
31640.0  -194.969526 0.395650   -194.573876 382.61
31660.0  -195.031025 0.448240   -194.582784 433.47
31680.0  -194.956202 0.343099   -194.613104 331.79
31700.0  -194.941875 0.284756   -194.657119 275.37
31720.0  -195.114920 0.393493   -194.721426 380.53
31740.0  -195.079930 0.295898   -194.784032 286.15
31760.0  -195.101740 0.249966   -194.851773 241.73
31780.0  -195.169180 0.279087   -194.890093 269.89
31800.0  -195.159467 0.250723   -194.908744 242.46
31820.0  -195.130516 0.256017   -194.874498 247.58
31840.0  -195.070301 0.199719   -194.870582 193.14
31860.0  -195.095891 0.231273   -194.864617 223.65
31880.0  -195.159242 0.309552   -194.849690 299.35
31900.0  -195.222215 0.381811   -194.840405 369.23
31920.0  -195.157974 0.339424   -194.818550 328.24
31940.0  -195.211070 0.413242   -194.797828 399.62
31960.0  -195.129581 0.341504   -194.788077 330.25
31980.0  -195.095689 0.325447   -194.770241 314.72
32000.0  -195.056524 0.278710   -194.777813 269.52
32020.0  -195.172914 0.413079   -194.759835 399.47
32040.0  -195.046219 0.306178   -194.740040 296.09
32060.0  -195.258023 0.501660   -194.756363 485.13
32080.0  -195.154348 0.376561   -194.777787 364.15
32100.0  -195.051297 0.249416   -194.801881 241.20
32120.0  -195.213650 0.376520   -194.837129 364.11
32140.0  -195.151084 0.267764   -194.883320 258.94
32160.0  -195.073713 0.146030   -194.927683 141.22
32180.0  -195.171168 0.218566   -194.952601 211.36
32200.0  -195.220115 0.240261   -194.979854 232.34
32220.0  -195.224794 0.227960   -194.996834 220.45
32240.0  -195.309009 0.304983   -195.004026 294.93
32260.0  -195.198001 0.197704   -195.000296 191.19
32280.0  -195.194965 0.228386   -194.966580 220.86
32300.0  -195.103673 0.159926   -194.943747 154.66
32320.0  -195.188671 0.294144   -194.894527 284.45
32340.0  -195.054839 0.233392   -194.821447 225.70
32360.0  -195.098584 0.346187   -194.752397 334.78
32380.0  -195.020036 0.319775   -194.700261 309.24
32400.0  -195.015363 0.336260   -194.679103 325.18
32420.0  -195.175678 0.494951   -194.680727 478.64
32440.0  -195.113083 0.426517   -194.686566 412.46
32460.0  -195.029909 0.328962   -194.700948 318.12
32480.0  -195.143678 0.428889   -194.714789 414.75
32500.0  -195.159354 0.425167   -194.734187 411.16
32520.0  -195.074679 0.307341   -194.767337 297.21
32540.0  -194.962520 0.167570   -194.794950 162.05
32560.0  -195.115004 0.294294   -194.820710 284.59
32580.0  -195.140281 0.296500   -194.843781 286.73
32600.0  -195.090853 0.221829   -194.869025 214.52
32620.0  -195.163347 0.260349   -194.902997 251.77
32640.0  -195.178901 0.243872   -194.935029 235.83
32660.0  -195.163577 0.202028   -194.961549 195.37
32680.0  -195.209272 0.222481   -194.986791 215.15
32700.0  -195.239192 0.217771   -195.021421 210.59
32720.0  -195.192899 0.145695   -195.047204 140.89
32740.0  -195.244920 0.199573   -195.045346 193.00
32760.0  -195.261240 0.200113   -195.061127 193.52
32780.0  -195.286800 0.214895   -195.071905 207.81
32800.0  -195.274508 0.201526   -195.072982 194.88
32820.0  -195.285339 0.225498   -195.059841 218.07
32840.0  -195.266977 0.237004   -195.029973 229.19
32860.0  -195.221488 0.257121   -194.964367 248.65
32880.0  -195.086333 0.183597   -194.902736 177.55
32900.0  -195.152777 0.298390   -194.854387 288.56
32920.0  -195.168358 0.352649   -194.815709 341.03
32940.0  -195.035564 0.250415   -194.785149 242.16
32960.0  -195.012297 0.255159   -194.757138 246.75
32980.0  -195.067609 0.341757   -194.725853 330.49
33000.0  -195.124026 0.426175   -194.697851 412.13
33020.0  -195.105975 0.436670   -194.669305 422.28
33040.0  -195.032394 0.379854   -194.652539 367.34
33060.0  -195.138547 0.477301   -194.661246 461.57
33080.0  -195.006013 0.339827   -194.666186 328.63
33100.0  -195.028299 0.347632   -194.680667 336.18
33120.0  -195.166853 0.467464   -194.699389 452.06
33140.0  -195.211852 0.472348   -194.739504 456.78
33160.0  -194.995976 0.200394   -194.795581 193.79
33180.0  -195.006291 0.157929   -194.848362 152.72
33200.0  -195.132866 0.277683   -194.855184 268.53
33220.0  -195.192161 0.296631   -194.895530 286.86
33240.0  -195.221024 0.287223   -194.933800 277.76
33260.0  -195.196846 0.233502   -194.963344 225.81
33280.0  -195.154366 0.188335   -194.966031 182.13
33300.0  -195.206638 0.246732   -194.959906 238.60
33320.0  -195.233168 0.282549   -194.950619 273.24
33340.0  -195.218643 0.277171   -194.941471 268.04
33360.0  -195.134860 0.217136   -194.917723 209.98
33380.0  -195.226758 0.331925   -194.894833 320.99
33400.0  -195.183506 0.307950   -194.875556 297.80
33420.0  -195.115362 0.260000   -194.855362 251.43
33440.0  -195.197008 0.353515   -194.843492 341.86
33460.0  -195.021176 0.190836   -194.830340 184.55
33480.0  -195.131397 0.312411   -194.818986 302.12
33500.0  -195.133412 0.322363   -194.811050 311.74
33520.0  -195.187824 0.389374   -194.798449 376.54
33540.0  -195.182359 0.384580   -194.797779 371.91
33560.0  -195.058659 0.263991   -194.794668 255.29
33580.0  -195.036475 0.247216   -194.789259 239.07
33600.0  -195.006183 0.228140   -194.778044 220.62
33620.0  -195.242233 0.461481   -194.780752 446.27
33640.0  -195.072752 0.336878   -194.735874 325.78
33660.0  -195.111329 0.353863   -194.757467 342.20
33680.0  -195.167546 0.393813   -194.773733 380.83
33700.0  -195.029904 0.236227   -194.793677 228.44
33720.0  -195.087704 0.264965   -194.822739 256.23
33740.0  -195.216643 0.356721   -194.859922 344.97
33760.0  -195.070177 0.163167   -194.907011 157.79
33780.0  -195.198221 0.221346   -194.976875 214.05
33800.0  -195.197224 0.163664   -195.033560 158.27
33820.0  -195.272478 0.218214   -195.054265 211.02
33840.0  -195.306110 0.239938   -195.066172 232.03
33860.0  -195.258882 0.196631   -195.062252 190.15
33880.0  -195.231375 0.178017   -195.053358 172.15
33900.0  -195.256912 0.219236   -195.037676 212.01
33920.0  -195.250099 0.247032   -195.003068 238.89
33940.0  -195.148689 0.183127   -194.965562 177.09
33960.0  -195.152712 0.223362   -194.929350 216.00
33980.0  -195.206115 0.313579   -194.892535 303.24
34000.0  -195.102699 0.242353   -194.860346 234.37
34020.0  -195.219363 0.381705   -194.837658 369.12
34040.0  -195.061938 0.240627   -194.821311 232.70
34060.0  -195.114440 0.304470   -194.809970 294.44
34080.0  -195.156119 0.353445   -194.802674 341.80
34100.0  -195.091309 0.336348   -194.754961 325.26
34120.0  -195.003830 0.245006   -194.758824 236.93
34140.0  -195.160198 0.391077   -194.769121 378.19
34160.0  -195.097032 0.323525   -194.773507 312.86
34180.0  -195.062297 0.290982   -194.771314 281.39
34200.0  -195.156593 0.379948   -194.776645 367.43
34220.0  -195.083005 0.288609   -194.794396 279.10
34240.0  -195.099178 0.286597   -194.812581 277.15
34260.0  -195.063992 0.239332   -194.824661 231.44
34280.0  -195.172744 0.327613   -194.845131 316.82
34300.0  -195.092373 0.226153   -194.866220 218.70
34320.0  -195.112172 0.233682   -194.878490 225.98
34340.0  -195.180864 0.292021   -194.888843 282.40
34360.0  -195.208169 0.320055   -194.888115 309.51
34380.0  -195.134763 0.245172   -194.889591 237.09
34400.0  -195.066015 0.182870   -194.883145 176.84
34420.0  -195.105215 0.227535   -194.877680 220.04
34440.0  -195.133927 0.284077   -194.849850 274.72
34460.0  -195.154130 0.332016   -194.822114 321.07
34480.0  -195.042764 0.279414   -194.763349 270.21
34500.0  -194.996683 0.270176   -194.726507 261.27
34520.0  -195.069829 0.391128   -194.678701 378.24
34540.0  -194.961121 0.325201   -194.635920 314.48
34560.0  -194.920059 0.336293   -194.583766 325.21
34580.0  -194.910501 0.356851   -194.553650 345.09
34600.0  -194.945091 0.415833   -194.529258 402.13
34620.0  -195.067332 0.475598   -194.591734 459.92
34640.0  -195.109102 0.490596   -194.618505 474.43
34660.0  -194.835908 0.163454   -194.672454 158.07
34680.0  -195.096971 0.376110   -194.720861 363.71
34700.0  -195.090688 0.321434   -194.769254 310.84
34720.0  -195.175993 0.352397   -194.823596 340.78
34740.0  -195.046191 0.213997   -194.832194 206.94
34760.0  -195.110347 0.279752   -194.830595 270.53
34780.0  -195.231712 0.394621   -194.837091 381.62
34800.0  -195.022155 0.193922   -194.828233 187.53
34820.0  -195.145187 0.312100   -194.833087 301.81
34840.0  -195.166791 0.341379   -194.825411 330.13
34860.0  -195.042052 0.229114   -194.812938 221.56
34880.0  -195.003323 0.208054   -194.795269 201.20
34900.0  -195.168170 0.399634   -194.768536 386.46
34920.0  -195.040706 0.305694   -194.735012 295.62
34940.0  -194.977860 0.276079   -194.701781 266.98
34960.0  -195.065697 0.406259   -194.659438 392.87
34980.0  -195.044837 0.433310   -194.611527 419.03
35000.0  -195.016893 0.452435   -194.564459 437.52
35020.0  -194.942637 0.442232   -194.500405 427.66
35040.0  -195.085855 0.575753   -194.510102 556.78
35060.0  -195.148206 0.561471   -194.586734 542.97
35080.0  -194.902596 0.205784   -194.696812 199.00
35100.0  -195.145553 0.350640   -194.794913 339.08
35120.0  -195.107584 0.252446   -194.855138 244.13
35140.0  -195.175102 0.291619   -194.883483 282.01
35160.0  -195.085889 0.185121   -194.900767 179.02
35180.0  -195.144186 0.260357   -194.883829 251.78
35200.0  -195.066411 0.191234   -194.875177 184.93
35220.0  -195.185090 0.311461   -194.873629 301.20
35240.0  -195.120761 0.277510   -194.843251 268.36
35260.0  -195.121499 0.299019   -194.822480 289.16
35280.0  -195.026944 0.244593   -194.782351 236.53
35300.0  -195.097206 0.362537   -194.734669 350.59
35320.0  -195.173485 0.471178   -194.702307 455.65
35340.0  -194.996025 0.306884   -194.689141 296.77
35360.0  -195.111068 0.431782   -194.679286 417.55
35380.0  -195.082397 0.398361   -194.684035 385.23
35400.0  -195.127756 0.421064   -194.706692 407.19
35420.0  -194.967155 0.220731   -194.746424 213.46
35440.0  -195.075194 0.283482   -194.791712 274.14
35460.0  -195.117925 0.287146   -194.830779 277.68
35480.0  -195.160196 0.267199   -194.892997 258.39
35500.0  -195.056111 0.136117   -194.919994 131.63
35520.0  -195.249345 0.301213   -194.948132 291.29
35540.0  -195.195763 0.234819   -194.960944 227.08
35560.0  -195.165242 0.202417   -194.962824 195.75
35580.0  -195.231738 0.275561   -194.956178 266.48
35600.0  -195.263565 0.323969   -194.939595 313.29
35620.0  -195.069942 0.158647   -194.911295 153.42
35640.0  -195.078666 0.199312   -194.879354 192.74
35660.0  -195.139394 0.288637   -194.850758 279.12
35680.0  -195.017646 0.197710   -194.819936 191.19
35700.0  -195.052155 0.269759   -194.782396 260.87
35720.0  -194.914314 0.170910   -194.743404 165.28
35740.0  -195.071439 0.353395   -194.718044 341.75
35760.0  -195.010977 0.305142   -194.705835 295.09
35780.0  -195.039104 0.342477   -194.696627 331.19
35800.0  -195.158647 0.454857   -194.703791 439.87
35820.0  -195.115645 0.408546   -194.707100 395.08
35840.0  -195.112941 0.382809   -194.730132 370.19
35860.0  -195.028934 0.274122   -194.754812 265.09
35880.0  -195.033666 0.262306   -194.771360 253.66
35900.0  -195.018847 0.204866   -194.813982 198.11
35920.0  -195.079424 0.270760   -194.808664 261.84
35940.0  -195.050878 0.226083   -194.824794 218.63
35960.0  -195.140308 0.293483   -194.846825 283.81
35980.0  -195.144998 0.272130   -194.872868 263.16
36000.0  -195.139040 0.243083   -194.895958 235.07
36020.0  -195.173788 0.252156   -194.921632 243.85
36040.0  -195.182596 0.244153   -194.938443 236.11
36060.0  -195.075061 0.119074   -194.955987 115.15
36080.0  -195.230318 0.265951   -194.964367 257.19
36100.0  -195.270564 0.293207   -194.977357 283.54
36120.0  -195.240297 0.278028   -194.962269 268.87
36140.0  -195.207151 0.262915   -194.944236 254.25
36160.0  -195.059420 0.145720   -194.913701 140.92
36180.0  -195.075323 0.210013   -194.865310 203.09
36200.0  -195.076865 0.266257   -194.810608 257.48
36220.0  -195.072130 0.322519   -194.749611 311.89
36240.0  -195.029305 0.323373   -194.705932 312.72
36260.0  -195.113081 0.437952   -194.675128 423.52
36280.0  -195.027073 0.374094   -194.652978 361.77
36300.0  -195.101693 0.463964   -194.637729 448.67
36320.0  -195.056894 0.400680   -194.656214 387.47
36340.0  -195.045126 0.362177   -194.682949 350.24
36360.0  -195.006744 0.276513   -194.730230 267.40
36380.0  -195.031076 0.289945   -194.741131 280.39
36400.0  -195.139840 0.354527   -194.785314 342.84
36420.0  -195.091021 0.259337   -194.831684 250.79
36440.0  -195.139626 0.273740   -194.865886 264.72
36460.0  -195.118298 0.241695   -194.876602 233.73
36480.0  -195.049846 0.175294   -194.874553 169.52
36500.0  -195.087634 0.213322   -194.874311 206.29
36520.0  -195.070381 0.219388   -194.850993 212.16
36540.0  -195.022783 0.189133   -194.833651 182.90
36560.0  -195.193679 0.372161   -194.821517 359.90
36580.0  -195.116186 0.312622   -194.803564 302.32
36600.0  -194.999999 0.208643   -194.791355 201.77
36620.0  -195.032194 0.252386   -194.779808 244.07
36640.0  -195.090772 0.326481   -194.764291 315.72
36660.0  -195.060913 0.308040   -194.752873 297.89
36680.0  -195.047826 0.293483   -194.754343 283.81
36700.0  -194.918511 0.168252   -194.750259 162.71
36720.0  -195.043381 0.297951   -194.745429 288.13
36740.0  -195.051272 0.308732   -194.742541 298.56
36760.0  -195.029672 0.306139   -194.723533 296.05
36780.0  -195.176064 0.466150   -194.709914 450.79
36800.0  -195.053886 0.363836   -194.690050 351.85
36820.0  -194.916841 0.295637   -194.621204 285.89
36840.0  -194.971678 0.379264   -194.592414 366.77
36860.0  -195.062162 0.506893   -194.555270 490.19
36880.0  -194.878453 0.366224   -194.512228 354.16
36900.0  -194.950699 0.445745   -194.504954 431.05
36920.0  -194.918663 0.401947   -194.516716 388.70
36940.0  -194.944428 0.386068   -194.558360 373.34
36960.0  -195.008949 0.379381   -194.629569 366.88
36980.0  -194.955470 0.258980   -194.696489 250.45
37000.0  -195.045578 0.287273   -194.758305 277.81
37020.0  -195.097947 0.300109   -194.797838 290.22
37040.0  -195.095507 0.266656   -194.828851 257.87
37060.0  -195.066105 0.216245   -194.849861 209.12
37080.0  -195.053845 0.189467   -194.864377 183.22
37100.0  -195.188700 0.323820   -194.864880 313.15
37120.0  -195.152445 0.306894   -194.845551 296.78
37140.0  -195.079161 0.251621   -194.827540 243.33
37160.0  -195.161290 0.358564   -194.802726 346.75
37180.0  -195.033122 0.261775   -194.771346 253.15
37200.0  -194.892010 0.165141   -194.726869 159.70
37220.0  -195.130807 0.450668   -194.680140 435.82
37240.0  -194.775860 0.178191   -194.597669 172.32
37260.0  -194.989150 0.450728   -194.538422 435.87
37280.0  -195.000725 0.532544   -194.468181 514.99
37300.0  -194.926944 0.469708   -194.457237 454.23
37320.0  -194.879700 0.412880   -194.466820 399.27
37340.0  -194.984293 0.476830   -194.507463 461.12
37360.0  -195.001433 0.456804   -194.544629 441.75
37380.0  -194.898464 0.315606   -194.582857 305.21
37400.0  -194.978875 0.343264   -194.635611 331.95
37420.0  -194.898111 0.230666   -194.667445 223.06
37440.0  -195.061505 0.370204   -194.691301 358.00
37460.0  -195.009202 0.297745   -194.711457 287.93
37480.0  -195.006682 0.275839   -194.730843 266.75
37500.0  -195.136805 0.378121   -194.758684 365.66
37520.0  -195.218446 0.426077   -194.792369 412.03
37540.0  -194.998280 0.190087   -194.808193 183.82
37560.0  -195.205757 0.376019   -194.829738 363.63
37580.0  -195.087129 0.234797   -194.852331 227.06
37600.0  -195.130686 0.250828   -194.879858 242.56
37620.0  -195.266861 0.362510   -194.904351 350.56
37640.0  -195.160948 0.232808   -194.928140 225.14
37660.0  -195.207147 0.252556   -194.954591 244.23
37680.0  -195.167493 0.177526   -194.989966 171.68
37700.0  -195.178332 0.155995   -195.022337 150.85
37720.0  -195.251335 0.199882   -195.051453 193.29
37740.0  -195.212936 0.190720   -195.022216 184.43
37760.0  -195.200080 0.168266   -195.031813 162.72
37780.0  -195.214874 0.188307   -195.026568 182.10
37800.0  -195.199333 0.193166   -195.006167 186.80
37820.0  -195.146042 0.167934   -194.978107 162.40
37840.0  -195.079720 0.164325   -194.915396 158.91
37860.0  -195.011047 0.155049   -194.855998 149.94
37880.0  -195.118014 0.305177   -194.812838 295.12
37900.0  -194.937635 0.155316   -194.782320 150.20
37920.0  -195.007190 0.248173   -194.759017 239.99
37940.0  -194.999733 0.285728   -194.714005 276.31
37960.0  -195.112957 0.403431   -194.709526 390.14
37980.0  -194.949142 0.254380   -194.694762 246.00
38000.0  -195.078001 0.394452   -194.683549 381.45
38020.0  -195.136301 0.465480   -194.670821 450.14
38040.0  -194.907508 0.255724   -194.651784 247.30
38060.0  -194.954198 0.323430   -194.630768 312.77
38080.0  -194.965738 0.332975   -194.632763 322.00
38100.0  -195.150052 0.549602   -194.600450 531.49
38120.0  -195.027352 0.399407   -194.627946 386.24
38140.0  -195.146965 0.468232   -194.678733 452.80
38160.0  -195.067476 0.314176   -194.753300 303.82
38180.0  -195.017270 0.197544   -194.819725 191.03
38200.0  -195.012418 0.196309   -194.816109 189.84
38220.0  -195.149638 0.321312   -194.828325 310.72
38240.0  -195.051514 0.208351   -194.843163 201.48
38260.0  -195.096889 0.246290   -194.850598 238.17
38280.0  -195.130706 0.273514   -194.857191 264.50
38300.0  -195.220336 0.355018   -194.865318 343.32
38320.0  -195.011708 0.163445   -194.848263 158.06
38340.0  -195.053952 0.212142   -194.841810 205.15
38360.0  -195.015055 0.200931   -194.814125 194.31
38380.0  -195.048722 0.258954   -194.789769 250.42
38400.0  -195.033023 0.299854   -194.733168 289.97
38420.0  -195.031737 0.355788   -194.675949 344.06
38440.0  -195.083751 0.455147   -194.628604 440.15
38460.0  -195.159177 0.593478   -194.565699 573.92
38480.0  -195.007622 0.445632   -194.561990 430.95
38500.0  -195.008523 0.536886   -194.471636 519.19
38520.0  -194.777370 0.321355   -194.456015 310.76
38540.0  -194.835958 0.360992   -194.474966 349.10
38560.0  -195.034232 0.535866   -194.498366 518.21
38580.0  -195.114196 0.578163   -194.536033 559.11
38600.0  -194.791851 0.241506   -194.550344 233.55
38620.0  -195.046884 0.465757   -194.581126 450.41
38640.0  -194.903179 0.369623   -194.533557 357.44
38660.0  -194.973748 0.375651   -194.598097 363.27
38680.0  -195.084480 0.442176   -194.642304 427.60
38700.0  -194.960425 0.269201   -194.691224 260.33
38720.0  -194.923486 0.232877   -194.690608 225.20
38740.0  -195.069309 0.342096   -194.727214 330.82
38760.0  -194.961603 0.204260   -194.757343 197.53
38780.0  -195.005337 0.215515   -194.789822 208.41
38800.0  -195.076380 0.284916   -194.791464 275.53
38820.0  -195.200869 0.388374   -194.812495 375.57
38840.0  -195.106023 0.315786   -194.790237 305.38
38860.0  -195.116224 0.315792   -194.800432 305.38
38880.0  -195.052106 0.300547   -194.751559 290.64
38900.0  -195.034271 0.311381   -194.722890 301.12
38920.0  -195.068176 0.355008   -194.713167 343.31
38940.0  -194.988288 0.328765   -194.659523 317.93
38960.0  -195.010722 0.382826   -194.627896 370.21
38980.0  -194.962487 0.373169   -194.589318 360.87
39000.0  -194.776011 0.217191   -194.558820 210.03
39020.0  -194.926273 0.391802   -194.534471 378.89
39040.0  -195.057557 0.551223   -194.506334 533.06
39060.0  -194.784804 0.268128   -194.516676 259.29
39080.0  -195.046992 0.490619   -194.556373 474.45
39100.0  -194.891525 0.309510   -194.582014 299.31
39120.0  -194.939197 0.286064   -194.653133 276.64
39140.0  -195.089438 0.392169   -194.697269 379.24
39160.0  -195.125874 0.376013   -194.749861 363.62
39180.0  -195.066183 0.279406   -194.786777 270.20
39200.0  -195.044873 0.234144   -194.810729 226.43
39220.0  -195.087816 0.260541   -194.827275 251.95
39240.0  -195.149500 0.304757   -194.844743 294.71
39260.0  -195.207188 0.366092   -194.841096 354.03
39280.0  -195.098181 0.271784   -194.826397 262.83
39300.0  -195.087368 0.265555   -194.821813 256.80
39320.0  -195.136382 0.334954   -194.801428 323.92
39340.0  -195.081738 0.315517   -194.766221 305.12
39360.0  -195.079395 0.332111   -194.747284 321.17
39380.0  -194.992516 0.291965   -194.700552 282.34
39400.0  -194.992589 0.356273   -194.636317 344.53
39420.0  -194.922629 0.363139   -194.559490 351.17
39440.0  -194.727836 0.287242   -194.440594 277.78
39460.0  -194.990030 0.616124   -194.373906 595.82
39480.0  -194.876525 0.515274   -194.361251 498.29
39500.0  -194.886756 0.511958   -194.374797 495.09
39520.0  -194.665228 0.278591   -194.386637 269.41
39540.0  -194.884742 0.423046   -194.461696 409.10
39560.0  -194.961345 0.500263   -194.461082 483.78
39580.0  -194.856179 0.333342   -194.522837 322.36
39600.0  -194.870938 0.280343   -194.590595 271.10
39620.0  -194.934882 0.297195   -194.637687 287.40
39640.0  -195.018598 0.344672   -194.673926 333.31
39660.0  -194.923210 0.228733   -194.694477 221.20
39680.0  -194.981073 0.269464   -194.711609 260.58
39700.0  -194.995452 0.273123   -194.722328 264.12
39720.0  -194.917785 0.190732   -194.727053 184.45
39740.0  -195.089617 0.356436   -194.733181 344.69
39760.0  -195.028842 0.300686   -194.728156 290.78
39780.0  -195.010305 0.300426   -194.709879 290.53
39800.0  -195.040934 0.358235   -194.682699 346.43
39820.0  -194.823712 0.185818   -194.637894 179.69
39840.0  -194.944096 0.366019   -194.578077 353.96
39860.0  -194.859877 0.341501   -194.518376 330.25
39880.0  -194.716571 0.271366   -194.445206 262.42
39900.0  -194.841627 0.437225   -194.404402 422.82
39920.0  -194.660451 0.275918   -194.384533 266.83
39940.0  -194.753528 0.359377   -194.394152 347.53
39960.0  -194.738257 0.324679   -194.413579 313.98
39980.0  -194.934799 0.474741   -194.460058 459.09
40000.0  -195.057230 0.552528   -194.504702 534.32
40020.0  -194.786679 0.290886   -194.495793 281.30
40040.0  -194.829708 0.297112   -194.532596 287.32
40060.0  -194.991723 0.429277   -194.562446 415.13
40080.0  -194.940169 0.363778   -194.576391 351.79
40100.0  -194.904565 0.319154   -194.585411 308.64
40120.0  -194.782363 0.196142   -194.586221 189.68
40140.0  -194.765369 0.173308   -194.592062 167.60
40160.0  -194.993867 0.390815   -194.603052 377.94
40180.0  -194.933836 0.331569   -194.602266 320.64
40200.0  -194.886921 0.284944   -194.601978 275.55
40220.0  -194.888785 0.291020   -194.597765 281.43
40240.0  -194.783658 0.189631   -194.594027 183.38
40260.0  -194.994902 0.396687   -194.598214 383.61
40280.0  -195.055446 0.458754   -194.596692 443.64
40300.0  -194.964148 0.380681   -194.583467 368.13
40320.0  -194.931551 0.366492   -194.565059 354.41
40340.0  -194.711713 0.173018   -194.538695 167.32
40360.0  -194.904038 0.383184   -194.520854 370.56
40380.0  -194.906958 0.411941   -194.495018 398.36
40400.0  -194.814906 0.354509   -194.460398 342.83
40420.0  -194.766313 0.337447   -194.428866 326.33
40440.0  -194.607151 0.195502   -194.411649 189.06
40460.0  -194.614511 0.247201   -194.367311 239.05
40480.0  -194.872759 0.490490   -194.382269 474.32
40500.0  -194.812794 0.401507   -194.411287 388.28
40520.0  -194.888420 0.430877   -194.457543 416.68
40540.0  -194.766448 0.258160   -194.508288 249.65
40560.0  -194.759762 0.189883   -194.569879 183.62
40580.0  -195.031939 0.410604   -194.621334 397.07
40600.0  -194.977867 0.323711   -194.654157 313.04
40620.0  -194.962232 0.287915   -194.674317 278.43
40640.0  -194.894075 0.214626   -194.679449 207.55
40660.0  -194.751528 0.072200   -194.679328 69.82 
40680.0  -194.929404 0.250421   -194.678983 242.17
40700.0  -194.965876 0.301984   -194.663892 292.03
40720.0  -194.860192 0.219656   -194.640536 212.42
40740.0  -195.088275 0.471822   -194.616453 456.27
40760.0  -194.942434 0.357943   -194.584491 346.15
40780.0  -194.930235 0.365339   -194.564896 353.30
40800.0  -194.927645 0.382232   -194.545414 369.63
40820.0  -194.970586 0.429502   -194.541084 415.35
40840.0  -195.053037 0.493760   -194.559277 477.49
40860.0  -194.953835 0.357124   -194.596711 345.35
40880.0  -195.008930 0.353972   -194.654959 342.31
40900.0  -195.138893 0.414555   -194.724338 400.89
40920.0  -195.013808 0.279980   -194.733827 270.75
40940.0  -195.044761 0.259055   -194.785706 250.52
40960.0  -195.045755 0.229478   -194.816277 221.92
40980.0  -195.063057 0.221714   -194.841343 214.41
41000.0  -195.071429 0.216583   -194.854846 209.45
41020.0  -195.172461 0.310266   -194.862195 300.04
41040.0  -195.168940 0.306368   -194.862573 296.27
41060.0  -195.049824 0.196236   -194.853589 189.77
41080.0  -195.003636 0.165902   -194.837734 160.43
41100.0  -195.119656 0.305551   -194.814105 295.48
41120.0  -195.121044 0.345019   -194.776025 333.65
41140.0  -194.936946 0.210170   -194.726776 203.24
41160.0  -194.823954 0.155348   -194.668605 150.23
41180.0  -194.938912 0.323770   -194.615142 313.10
41200.0  -195.223899 0.641703   -194.582195 620.55
41220.0  -194.954360 0.412318   -194.542041 398.73
41240.0  -194.737668 0.212248   -194.525421 205.25
41260.0  -195.122847 0.577719   -194.545128 558.68
41280.0  -194.874997 0.330815   -194.544182 319.91
41300.0  -194.711429 0.141670   -194.569759 137.00
41320.0  -194.775700 0.179487   -194.596213 173.57
41340.0  -194.971703 0.331445   -194.640258 320.52
41360.0  -195.004690 0.308003   -194.696687 297.85
41380.0  -194.980148 0.281214   -194.698934 271.95
41400.0  -195.044229 0.316416   -194.727814 305.99
41420.0  -194.985539 0.236594   -194.748945 228.80
41440.0  -194.975677 0.224280   -194.751397 216.89
41460.0  -194.946414 0.202392   -194.744022 195.72
41480.0  -195.109601 0.365438   -194.744163 353.39
41500.0  -195.016159 0.284885   -194.731274 275.50
41520.0  -194.999488 0.280005   -194.719482 270.78
41540.0  -194.915788 0.203353   -194.712435 196.65
41560.0  -194.951914 0.251009   -194.700905 242.74
41580.0  -194.990925 0.292897   -194.698029 283.24
41600.0  -195.001118 0.309277   -194.691841 299.08
41620.0  -194.881974 0.196448   -194.685525 189.97
41640.0  -194.865753 0.177870   -194.687882 172.01
41660.0  -194.923251 0.227931   -194.695319 220.42
41680.0  -195.284513 0.569087   -194.715427 550.33
41700.0  -195.063899 0.339470   -194.724429 328.28
41720.0  -195.003675 0.262789   -194.740886 254.13
41740.0  -195.058112 0.305585   -194.752527 295.51
41760.0  -195.158451 0.379010   -194.779442 366.52
41780.0  -195.041040 0.233927   -194.807113 226.22
41800.0  -194.999281 0.163539   -194.835742 158.15
41820.0  -195.050345 0.217616   -194.832730 210.44
41840.0  -195.125723 0.267209   -194.858514 258.40
41860.0  -195.064073 0.186601   -194.877471 180.45
41880.0  -195.115361 0.225532   -194.889829 218.10
41900.0  -195.155559 0.262919   -194.892640 254.25
41920.0  -195.044412 0.151399   -194.893012 146.41
41940.0  -195.083606 0.206799   -194.876808 199.98
41960.0  -195.197394 0.349203   -194.848191 337.69
41980.0  -195.019019 0.220485   -194.798535 213.22
42000.0  -195.005804 0.270318   -194.735486 261.41
42020.0  -195.037086 0.367817   -194.669270 355.69
42040.0  -195.179924 0.555810   -194.624114 537.49
42060.0  -194.934564 0.339627   -194.594937 328.43
42080.0  -194.892107 0.314018   -194.578089 303.67
42100.0  -195.168256 0.599343   -194.568913 579.59
42120.0  -195.085349 0.506673   -194.578676 489.97
42140.0  -195.019109 0.420266   -194.598844 406.42
42160.0  -194.903059 0.273610   -194.629449 264.59
42180.0  -195.056117 0.386158   -194.669959 373.43
42200.0  -195.021592 0.315710   -194.705882 305.31
42220.0  -195.108133 0.360483   -194.747651 348.60
42240.0  -195.022975 0.237784   -194.785192 229.95
42260.0  -195.050798 0.232110   -194.818688 224.46
42280.0  -195.061215 0.233236   -194.827979 225.55
42300.0  -195.100916 0.254769   -194.846147 246.37
42320.0  -195.083790 0.222517   -194.861273 215.18
42340.0  -195.103650 0.243415   -194.860236 235.39
42360.0  -195.027710 0.182229   -194.845480 176.22
42380.0  -195.156158 0.312087   -194.844071 301.80
42400.0  -195.102204 0.301888   -194.800316 291.94
42420.0  -195.038117 0.333299   -194.704819 322.31
42440.0  -194.966767 0.361502   -194.605265 349.59
42460.0  -194.963292 0.428954   -194.534338 414.82
42480.0  -194.941264 0.446518   -194.494746 431.80
42500.0  -194.923338 0.450879   -194.472459 436.02
42520.0  -194.996943 0.526862   -194.470080 509.50
42540.0  -194.855361 0.363638   -194.491724 351.65
42560.0  -195.010927 0.466980   -194.543948 451.59
42580.0  -194.953834 0.356466   -194.597368 344.72
42600.0  -195.015407 0.371277   -194.644130 359.04
42620.0  -195.019058 0.325027   -194.694031 314.32
42640.0  -195.070408 0.335957   -194.734451 324.88
42660.0  -194.946092 0.180555   -194.765537 174.60
42680.0  -195.026156 0.236266   -194.789890 228.48
42700.0  -194.977668 0.176887   -194.800781 171.06
42720.0  -194.993351 0.186610   -194.806741 180.46
42740.0  -195.049212 0.275470   -194.773742 266.39
42760.0  -195.030665 0.258995   -194.771670 250.46
42780.0  -195.116541 0.351415   -194.765126 339.83
42800.0  -195.078446 0.329010   -194.749436 318.17
42820.0  -195.000837 0.277059   -194.723778 267.93
42840.0  -194.937102 0.276486   -194.660617 267.37
42860.0  -195.051938 0.478870   -194.573068 463.09
42880.0  -195.074199 0.590922   -194.483276 571.45
42900.0  -194.773556 0.351468   -194.422087 339.89
42920.0  -194.730997 0.339263   -194.391734 328.08
42940.0  -194.850975 0.458860   -194.392115 443.74
42960.0  -194.841394 0.429981   -194.411413 415.81
42980.0  -194.927006 0.482803   -194.444203 466.89
43000.0  -194.834518 0.336815   -194.497704 325.71
43020.0  -194.801027 0.240041   -194.560986 232.13
43040.0  -194.914029 0.308345   -194.605683 298.18
43060.0  -195.051986 0.410502   -194.641483 396.97
43080.0  -194.958633 0.292385   -194.666248 282.75
43100.0  -194.916506 0.230753   -194.685753 223.15
43120.0  -195.069516 0.371519   -194.697996 359.28
43140.0  -195.080247 0.378477   -194.701770 366.00
43160.0  -195.024110 0.323257   -194.700853 312.60
43180.0  -195.054628 0.357888   -194.696740 346.09
43200.0  -194.991251 0.342037   -194.649214 330.76
43220.0  -195.082252 0.428086   -194.654166 413.98
43240.0  -194.945228 0.289023   -194.656206 279.50
43260.0  -194.943553 0.290051   -194.653502 280.49
43280.0  -195.043353 0.391867   -194.651486 378.95
43300.0  -194.946941 0.296356   -194.650584 286.59
43320.0  -194.832876 0.172108   -194.660768 166.44
43340.0  -195.062400 0.389442   -194.672958 376.61
43360.0  -195.046164 0.347879   -194.698284 336.41
43380.0  -194.985175 0.252892   -194.732283 244.56
43400.0  -194.954461 0.199275   -194.755186 192.71
43420.0  -195.000705 0.226824   -194.773881 219.35
43440.0  -195.074818 0.287222   -194.787596 277.76
43460.0  -194.978164 0.185323   -194.792841 179.22
43480.0  -194.945319 0.156813   -194.788506 151.65
43500.0  -195.118755 0.328202   -194.790552 317.39
43520.0  -194.989055 0.244262   -194.744793 236.21
43540.0  -195.013437 0.297742   -194.715695 287.93
43560.0  -195.087283 0.413263   -194.674020 399.64
43580.0  -194.955322 0.331494   -194.623827 320.57
43600.0  -194.826475 0.250350   -194.576125 242.10
43620.0  -194.915533 0.375407   -194.540127 363.03
43640.0  -195.003373 0.525718   -194.477656 508.39
43660.0  -194.769546 0.320409   -194.449137 309.85
43680.0  -194.747234 0.292826   -194.454408 283.18
43700.0  -194.768104 0.297433   -194.470671 287.63
43720.0  -194.946922 0.426584   -194.520338 412.53
43740.0  -194.929383 0.327953   -194.601430 317.14
43760.0  -194.932291 0.230662   -194.701629 223.06
43780.0  -195.069218 0.292297   -194.776921 282.66
43800.0  -195.040997 0.230770   -194.810228 223.16
43820.0  -195.018687 0.192745   -194.825942 186.39
43840.0  -195.022116 0.192710   -194.829406 186.36
43860.0  -195.061494 0.232173   -194.829322 224.52
43880.0  -195.085923 0.267706   -194.818217 258.88
43900.0  -195.050432 0.254287   -194.796145 245.91
43920.0  -194.894635 0.132675   -194.761960 128.30
43940.0  -195.016472 0.288952   -194.727520 279.43
43960.0  -194.913053 0.221158   -194.691895 213.87
43980.0  -194.849408 0.200709   -194.648699 194.09
44000.0  -195.034410 0.420699   -194.613710 406.83
44020.0  -194.841117 0.261825   -194.579292 253.20
44040.0  -194.930923 0.374136   -194.556787 361.81
44060.0  -194.907125 0.361225   -194.545900 349.32
44080.0  -194.827066 0.275104   -194.551961 266.04
44100.0  -194.918477 0.395128   -194.523350 382.11
44120.0  -194.993596 0.441695   -194.551901 427.14
44140.0  -194.965759 0.352516   -194.613243 340.90
44160.0  -194.918507 0.209121   -194.709385 202.23
44180.0  -195.034506 0.247557   -194.786949 239.40
44200.0  -195.133161 0.282797   -194.850364 273.48
44220.0  -195.099428 0.236473   -194.862955 228.68
44240.0  -195.217835 0.339383   -194.878452 328.20
44260.0  -195.164806 0.287717   -194.877089 278.23
44280.0  -195.052758 0.178607   -194.874150 172.72
44300.0  -195.115025 0.255444   -194.859580 247.03
44320.0  -195.116426 0.278255   -194.838171 269.08
44340.0  -194.975795 0.166095   -194.809700 160.62
44360.0  -195.110903 0.346562   -194.764341 335.14
44380.0  -195.100435 0.383045   -194.717389 370.42
44400.0  -194.966401 0.291173   -194.675228 281.58
44420.0  -194.990649 0.350616   -194.640034 339.06
44440.0  -194.939369 0.337195   -194.602174 326.08
44460.0  -194.930634 0.359144   -194.571489 347.31
44480.0  -194.918306 0.354854   -194.563451 343.16
44500.0  -194.995143 0.426324   -194.568818 412.27
44520.0  -194.987707 0.408159   -194.579548 394.71
44540.0  -194.941707 0.332647   -194.609060 321.68
44560.0  -194.917149 0.323331   -194.593818 312.68
44580.0  -195.046193 0.420149   -194.626044 406.30
44600.0  -194.967519 0.302763   -194.664756 292.79
44620.0  -195.079673 0.370702   -194.708972 358.48
44640.0  -195.067647 0.343142   -194.724505 331.83
44660.0  -194.976217 0.231073   -194.745144 223.46
44680.0  -194.963219 0.215001   -194.748218 207.92
44700.0  -195.025671 0.276083   -194.749588 266.98
44720.0  -194.914201 0.169779   -194.744423 164.18
44740.0  -194.966015 0.232170   -194.733845 224.52
44760.0  -195.031542 0.310810   -194.720731 300.57
44780.0  -195.051426 0.341627   -194.709799 330.37
44800.0  -194.993401 0.289146   -194.704255 279.62
44820.0  -195.010171 0.323984   -194.686187 313.31
44840.0  -195.092145 0.414371   -194.677774 400.71
44860.0  -194.952587 0.275561   -194.677027 266.48
44880.0  -195.177342 0.511751   -194.665591 494.89
44900.0  -195.082607 0.425106   -194.657500 411.10
44920.0  -194.783120 0.125158   -194.657962 121.03
44940.0  -195.070403 0.411903   -194.658500 398.33
44960.0  -195.110492 0.460069   -194.650423 444.91
44980.0  -195.078536 0.437609   -194.640927 423.19
45000.0  -194.809701 0.178117   -194.631584 172.25
45020.0  -195.087585 0.493198   -194.594387 476.94
45040.0  -195.140525 0.546366   -194.594159 528.36
45060.0  -194.994583 0.390351   -194.604231 377.49
45080.0  -194.837123 0.217500   -194.619623 210.33
45100.0  -195.007573 0.357917   -194.649656 346.12
45120.0  -195.020777 0.330132   -194.690645 319.25
45140.0  -195.063255 0.336559   -194.726696 325.47
45160.0  -195.133982 0.369681   -194.764301 357.50
45180.0  -195.051903 0.251630   -194.800273 243.34
45200.0  -195.014880 0.195286   -194.819594 188.85
45220.0  -195.145595 0.300727   -194.844868 290.82
45240.0  -195.238469 0.378252   -194.860217 365.79
45260.0  -195.027076 0.165421   -194.861655 159.97
45280.0  -195.109605 0.253067   -194.856539 244.73
45300.0  -195.112737 0.265651   -194.847086 256.90
45320.0  -195.073038 0.251721   -194.821317 243.42
45340.0  -194.991801 0.220342   -194.771458 213.08
45360.0  -194.896252 0.201242   -194.695010 194.61
45380.0  -194.918812 0.297435   -194.621376 287.63
45400.0  -195.065047 0.493915   -194.571132 477.64
45420.0  -195.134462 0.591851   -194.542611 572.35
45440.0  -194.954267 0.411283   -194.542984 397.73
45460.0  -194.932472 0.426957   -194.505515 412.89
45480.0  -194.934792 0.406790   -194.528002 393.38
45500.0  -194.843445 0.280647   -194.562798 271.40
45520.0  -194.933877 0.328645   -194.605233 317.81
45540.0  -195.012646 0.367711   -194.644935 355.59
45560.0  -194.991765 0.316044   -194.675720 305.63
45580.0  -194.944581 0.255855   -194.688726 247.42
45600.0  -194.872958 0.178814   -194.694145 172.92
45620.0  -194.897866 0.208268   -194.689597 201.40
45640.0  -194.921602 0.241077   -194.680526 233.13
45660.0  -194.918508 0.259961   -194.658547 251.39
45680.0  -194.893869 0.264958   -194.628911 256.23
45700.0  -194.861479 0.264330   -194.597149 255.62
45720.0  -194.830225 0.259030   -194.571195 250.49
45740.0  -194.956850 0.416127   -194.540723 402.41
45760.0  -195.038676 0.489577   -194.549099 473.44
45780.0  -194.725839 0.186203   -194.539636 180.07
45800.0  -194.841806 0.286026   -194.555780 276.60
45820.0  -195.146021 0.572647   -194.573374 553.77
45840.0  -194.969712 0.383394   -194.586317 370.76
45860.0  -194.964249 0.355517   -194.608732 343.80
45880.0  -194.957958 0.330144   -194.627814 319.26
45900.0  -194.914557 0.261266   -194.653292 252.66
45920.0  -195.110373 0.467425   -194.642948 452.02
45940.0  -195.024956 0.343477   -194.681480 332.16
45960.0  -195.074527 0.367009   -194.707518 354.91
45980.0  -195.015993 0.272889   -194.743104 263.90
46000.0  -194.960844 0.190422   -194.770423 184.15
46020.0  -195.082859 0.275395   -194.807464 266.32
46040.0  -194.988703 0.156802   -194.831900 151.63
46060.0  -195.068933 0.215345   -194.853589 208.25
46080.0  -195.015013 0.140925   -194.874088 136.28
46100.0  -195.212642 0.322577   -194.890065 311.95
46120.0  -195.144578 0.255740   -194.888838 247.31
46140.0  -195.058951 0.173601   -194.885351 167.88
46160.0  -195.093633 0.225488   -194.868145 218.06
46180.0  -195.156765 0.325332   -194.831433 314.61
46200.0  -195.044261 0.272898   -194.771363 263.90
46220.0  -195.112166 0.396941   -194.715226 383.86
46240.0  -195.083385 0.425929   -194.657456 411.89
46260.0  -194.908111 0.316532   -194.591579 306.10
46280.0  -194.975139 0.399330   -194.575809 386.17
46300.0  -195.056737 0.492039   -194.564698 475.82
46320.0  -194.829866 0.296340   -194.533526 286.57
46340.0  -194.897753 0.363300   -194.534453 351.33
46360.0  -194.825811 0.295873   -194.529938 286.12
46380.0  -194.867286 0.343216   -194.524071 331.90
46400.0  -194.933962 0.365190   -194.568772 353.15
46420.0  -194.858048 0.241545   -194.616502 233.58
46440.0  -194.879655 0.204881   -194.674774 198.13
46460.0  -195.015457 0.270432   -194.745025 261.52
46480.0  -195.098103 0.292577   -194.805527 282.93
46500.0  -195.146036 0.314490   -194.831546 304.13
46520.0  -195.090980 0.257173   -194.833807 248.70
46540.0  -195.115304 0.266124   -194.849179 257.35
46560.0  -195.169288 0.323495   -194.845793 312.83
46580.0  -195.045650 0.220549   -194.825101 213.28
46600.0  -194.977091 0.166361   -194.810729 160.88
46620.0  -195.037199 0.237579   -194.799620 229.75
46640.0  -195.146935 0.356580   -194.790355 344.83
46660.0  -195.040587 0.286690   -194.753898 277.24
46680.0  -194.990894 0.264598   -194.726296 255.88
46700.0  -195.029273 0.328024   -194.701249 317.21
46720.0  -194.862611 0.188245   -194.674367 182.04
46740.0  -194.956311 0.306611   -194.649700 296.51
46760.0  -194.978570 0.347359   -194.631211 335.91
46780.0  -194.990894 0.370329   -194.620565 358.12
46800.0  -194.980230 0.361852   -194.618378 349.93
46820.0  -195.014763 0.416445   -194.598318 402.72
46840.0  -194.996622 0.388880   -194.607742 376.06
46860.0  -195.024492 0.417318   -194.607173 403.57
46880.0  -194.929238 0.312084   -194.617154 301.80
46900.0  -194.872469 0.252629   -194.619840 244.30
46920.0  -195.003968 0.366972   -194.636996 354.88
46940.0  -194.969145 0.331533   -194.637612 320.61
46960.0  -194.859410 0.211187   -194.648224 204.23
46980.0  -194.941650 0.275906   -194.665744 266.81
47000.0  -194.869585 0.186932   -194.682653 180.77
47020.0  -195.069312 0.363102   -194.706210 351.14
47040.0  -194.995052 0.269485   -194.725567 260.60
47060.0  -195.006771 0.268828   -194.737942 259.97
47080.0  -194.876847 0.123087   -194.753760 119.03
47100.0  -195.057264 0.275652   -194.781613 266.57
47120.0  -195.032075 0.221439   -194.810636 214.14
47140.0  -195.093150 0.259785   -194.833365 251.22
47160.0  -194.907003 0.056880   -194.850123 55.01 
47180.0  -195.021636 0.153038   -194.868597 147.99
47200.0  -194.991167 0.112955   -194.878213 109.23
47220.0  -195.192664 0.306152   -194.886512 296.06
47240.0  -195.115538 0.237097   -194.878440 229.28
47260.0  -195.122133 0.270800   -194.851333 261.87
47280.0  -194.980461 0.192629   -194.787832 186.28
47300.0  -195.075065 0.353517   -194.721549 341.87
47320.0  -194.961208 0.300904   -194.660304 290.99
47340.0  -194.953924 0.341557   -194.612368 330.30
47360.0  -194.877488 0.300781   -194.576707 290.87
47380.0  -195.004172 0.445256   -194.558916 430.58
47400.0  -195.036914 0.488185   -194.548729 472.10
47420.0  -194.996783 0.447394   -194.549388 432.65
47440.0  -194.864019 0.312692   -194.551327 302.39
47460.0  -194.920538 0.358341   -194.562197 346.53
47480.0  -194.889416 0.305654   -194.583762 295.58
47500.0  -195.027267 0.414869   -194.612397 401.20
47520.0  -194.981052 0.325840   -194.655212 315.10
47540.0  -194.999500 0.286241   -194.713258 276.81
47560.0  -195.131516 0.356405   -194.775111 344.66
47580.0  -195.209408 0.370737   -194.838671 358.52
47600.0  -195.080671 0.216047   -194.864624 208.93
47620.0  -195.088303 0.189678   -194.898625 183.43
47640.0  -195.099569 0.191980   -194.907589 185.65
47660.0  -195.156807 0.252952   -194.903855 244.62
47680.0  -195.148158 0.255307   -194.892851 246.89
47700.0  -195.134936 0.255395   -194.879541 246.98
47720.0  -195.030610 0.174505   -194.856106 168.75
47740.0  -195.007934 0.198494   -194.809440 191.95
47760.0  -195.160077 0.369550   -194.790527 357.37
47780.0  -195.148965 0.386280   -194.762685 373.55
47800.0  -195.127390 0.392627   -194.734762 379.69
47820.0  -195.062367 0.351882   -194.710485 340.29
47840.0  -195.061914 0.375745   -194.686169 363.36
47860.0  -195.038064 0.381177   -194.656886 368.61
47880.0  -195.036019 0.394710   -194.641309 381.70
47900.0  -194.847456 0.229641   -194.617815 222.07
47920.0  -194.855971 0.244845   -194.611127 236.78
47940.0  -194.922360 0.305770   -194.616590 295.69
47960.0  -194.916924 0.296026   -194.620897 286.27
47980.0  -194.911514 0.257050   -194.654464 248.58
48000.0  -194.938257 0.246180   -194.692077 238.07
48020.0  -194.984243 0.235895   -194.748349 228.12
48040.0  -195.085180 0.282203   -194.802977 272.90
48060.0  -195.094449 0.246674   -194.847775 238.54
48080.0  -195.123396 0.240378   -194.883018 232.46
48100.0  -195.025037 0.131959   -194.893078 127.61
48120.0  -195.009090 0.113772   -194.895318 110.02
48140.0  -195.012610 0.126439   -194.886171 122.27
48160.0  -195.138197 0.262701   -194.875496 254.04
48180.0  -195.083362 0.238760   -194.844602 230.89
48200.0  -194.984077 0.215158   -194.768920 208.07
48220.0  -194.999560 0.276295   -194.723265 267.19
48240.0  -195.006677 0.328343   -194.678334 317.52
48260.0  -194.915797 0.267655   -194.648142 258.83
48280.0  -194.979112 0.355117   -194.623995 343.41
48300.0  -194.844436 0.246607   -194.597829 238.48
48320.0  -194.930535 0.329114   -194.601421 318.27
48340.0  -195.000436 0.388510   -194.611926 375.71
48360.0  -194.966482 0.343581   -194.622901 332.26
48380.0  -194.982187 0.353412   -194.628775 341.76
48400.0  -195.084502 0.450910   -194.633591 436.05
48420.0  -194.979951 0.345431   -194.634521 334.05
48440.0  -195.002947 0.360191   -194.642755 348.32
48460.0  -194.983479 0.328548   -194.654930 317.72
48480.0  -195.055825 0.382120   -194.673705 369.53
48500.0  -195.107872 0.409057   -194.698815 395.58
48520.0  -195.086221 0.359869   -194.726352 348.01
48540.0  -195.015990 0.259149   -194.756841 250.61
48560.0  -195.115059 0.324203   -194.790856 313.52
48580.0  -195.020610 0.208606   -194.812003 201.73
48600.0  -195.014568 0.185919   -194.828649 179.79
48620.0  -194.926371 0.086375   -194.839996 83.53 
48640.0  -194.956312 0.134684   -194.821628 130.25
48660.0  -194.951856 0.131578   -194.820278 127.24
48680.0  -195.121573 0.311575   -194.809998 301.31
48700.0  -195.132634 0.351825   -194.780809 340.23
48720.0  -194.981446 0.263035   -194.718411 254.37
48740.0  -194.859223 0.210214   -194.649009 203.29
48760.0  -194.912435 0.328713   -194.583721 317.88
48780.0  -194.837408 0.309731   -194.527677 299.52
48800.0  -194.655285 0.153847   -194.501438 148.78
48820.0  -194.737834 0.243683   -194.494151 235.65
48840.0  -194.930929 0.421578   -194.509350 407.68
48860.0  -195.214985 0.673652   -194.541332 651.45
48880.0  -194.938747 0.390630   -194.548117 377.76
48900.0  -194.892166 0.318838   -194.573328 308.33
48920.0  -194.841160 0.237547   -194.603612 229.72
48940.0  -195.013813 0.374529   -194.639284 362.19
48960.0  -194.880829 0.213012   -194.667817 205.99
48980.0  -194.904161 0.207747   -194.696414 200.90
49000.0  -194.886726 0.164974   -194.721751 159.54
49020.0  -194.996604 0.246823   -194.749782 238.69
49040.0  -195.029370 0.255525   -194.773846 247.10
49060.0  -195.130735 0.332190   -194.798544 321.24
49080.0  -195.051343 0.229999   -194.821344 222.42
49100.0  -195.060932 0.227846   -194.833086 220.34
49120.0  -195.086035 0.220994   -194.865041 213.71
49140.0  -195.140049 0.230743   -194.909306 223.14
49160.0  -195.165785 0.224779   -194.941005 217.37
49180.0  -195.128341 0.176853   -194.951489 171.02
49200.0  -195.137494 0.178758   -194.958736 172.87
49220.0  -195.194131 0.229434   -194.964697 221.87
49240.0  -195.105129 0.171581   -194.933548 165.93
49260.0  -195.083491 0.185134   -194.898357 179.03
49280.0  -195.119954 0.257411   -194.862543 248.93
49300.0  -195.040565 0.236956   -194.803609 229.15
49320.0  -195.057120 0.298563   -194.758557 288.72
49340.0  -194.942223 0.225790   -194.716432 218.35
49360.0  -195.005692 0.312852   -194.692840 302.54
49380.0  -194.947484 0.269713   -194.677771 260.82
49400.0  -194.968365 0.310745   -194.657620 300.50
49420.0  -194.965424 0.326259   -194.639165 315.51
49440.0  -194.869163 0.247646   -194.621517 239.48
49460.0  -195.036970 0.433407   -194.603562 419.12
49480.0  -194.995340 0.395828   -194.599513 382.78
49500.0  -194.904620 0.305170   -194.599450 295.11
49520.0  -195.015740 0.415046   -194.600694 401.37
49540.0  -194.820020 0.220513   -194.599507 213.25
49560.0  -194.850848 0.255980   -194.594868 247.54
49580.0  -195.021747 0.385781   -194.635965 373.07
49600.0  -194.987984 0.300320   -194.687665 290.42
49620.0  -195.016042 0.272739   -194.743303 263.75
49640.0  -195.071792 0.267397   -194.804395 258.58
49660.0  -195.116921 0.260414   -194.856507 251.83
49680.0  -195.038521 0.166524   -194.871996 161.04
49700.0  -195.185551 0.292101   -194.893450 282.47
49720.0  -195.238918 0.337610   -194.901308 326.48
49740.0  -195.047508 0.161933   -194.885575 156.60
49760.0  -195.075797 0.206584   -194.869213 199.78
49780.0  -195.226343 0.370302   -194.856041 358.10
49800.0  -195.128011 0.309943   -194.818067 299.73
49820.0  -194.943906 0.189938   -194.753969 183.68
49840.0  -195.034646 0.324351   -194.710295 313.66
49860.0  -195.011706 0.353296   -194.658410 341.65
49880.0  -194.923479 0.299008   -194.624471 289.15
49900.0  -195.042348 0.423823   -194.618525 409.86
49920.0  -195.072155 0.449136   -194.623018 434.33
49940.0  -194.862612 0.245262   -194.617350 237.18
49960.0  -194.864496 0.237588   -194.626908 229.76
49980.0  -195.009644 0.364666   -194.644978 352.65
50000.0  -194.970318 0.313807   -194.656511 303.47
