
         ######  ########     ###    ########   ######  
        ##    ## ##     ##   ## ##   ##     ## ##    ## 
        ##       ##     ##  ##   ##  ##     ## ##       
         ######  ########  ##     ## ########  ##       
              ## ##        ######### ##   ##   ##       
        ##    ## ##        ##     ## ##    ##  ##    ## 
         ######  ##        ##     ## ##     ##  ###### 
         --v0.2.0

[SPARC][INFO] SPARC: Smart Potential with Atomistic Rare Events & Continuous Learning
[SPARC][INFO] Version: 0.2.0

[SPARC][INFO] ================================================================================
[SPARC][INFO] Working directory: /home/rverma7/My_Program/0.3_sparc/examples/CP2K/workflow
[SPARC][INFO] Configuration file: input.yaml
[SPARC][INFO] 
[SPARC][INFO] ================================================================================
[SPARC][INFO]                     YAML configuration loaded successfully!                     
[SPARC][INFO] ================================================================================
[SPARC][INFO] Using structure file: AmmoniaBorate.xyz
[SPARC][INFO] WORKFLOW PARAMETERS :
[SPARC][INFO] ---------------------
[SPARC][INFO] Structure FileName/s           AmmoniaBorate.xyz
[SPARC][INFO] Number of Atoms                8
[SPARC][INFO] Chemical Formula               H6BN
[SPARC][INFO] 
[SPARC][INFO] DFT Engine                     CP2K
[SPARC][INFO] DFT Tempelate File             cp2k_template.inp
[SPARC][INFO] DFT Executable                 mpirun -np 2 /home/prg/Softwares/cp2k_gcc/exe/local/cp2k_shell.psmp
[SPARC][INFO] 
[SPARC][INFO] MLIP Training                  Enabled
[SPARC][INFO] MLIP Training Filename         input.json
[SPARC][INFO] MLIP Training Data             DeePMD_training/00.data
[SPARC][INFO] Number of MLIP Models          3
[SPARC][INFO] 
[SPARC][INFO] Active Learning                Enabled
[SPARC][INFO] AL Iterations                  4
[SPARC][INFO] Force deviation range          [0.10, 0.35] eV/Å
[SPARC][INFO] Restarting AL Iterations       Disabled
[SPARC][INFO] 
[SPARC][INFO] Distance Constraints           3
[SPARC][INFO] ================================================================================
[SPARC][INFO] 
[SPARC][INFO] Creating Directories for Iteration: 000000
[SPARC][INFO] ================================================================================
[SPARC][INFO] ├── iter_000000
[SPARC][INFO] │   ├── 00.dft
[SPARC][INFO] │   ├── 01.train
[SPARC][INFO] │   └── 02.dpmd
[SPARC][INFO] 
[SPARC][INFO] Setting up CP2K calculator...
[SPARC][INFO] --------------------------------------------------
[SPARC][INFO]                  CP2K PARAMETERS                  
[SPARC][INFO] --------------------------------------------------
[SPARC][INFO]   Xc                           PADE
[SPARC][INFO]   Max_scf                      500
[SPARC][INFO]   Basis_set_file               BASIS_MOLOPT
[SPARC][INFO]   Potential_file               GTH_POTENTIALS
[SPARC][INFO]   Label                        cp2k/job
[SPARC][INFO]   Template_file                cp2k_template.inp
[SPARC][INFO] --------------------------------------------------
[SPARC][INFO]                CP2K TEMPLATE INPUT                
[SPARC][INFO] --------------------------------------------------
[SPARC][INFO]   &GLOBAL
[SPARC][INFO]   ECHO_INPUT
[SPARC][INFO]   &END GLOBAL
[SPARC][INFO]   &FORCE_EVAL
[SPARC][INFO]   &DFT
[SPARC][INFO]   CHARGE 0
[SPARC][INFO]   MULTIPLICITY 1
[SPARC][INFO]   &MGRID
[SPARC][INFO]   CUTOFF 400
[SPARC][INFO]   REL_CUTOFF 50
[SPARC][INFO]   NGRIDS 3
[SPARC][INFO]   &END MGRID
[SPARC][INFO]   &QS
[SPARC][INFO]   METHOD GPW #GAPW
[SPARC][INFO]   EPS_DEFAULT 1.0E-10
[SPARC][INFO]   EPS_PGF_ORB 1.0E-12
[SPARC][INFO]   EXTRAPOLATION ASPC
[SPARC][INFO]   EXTRAPOLATION_ORDER 3
[SPARC][INFO]   &END QS
[SPARC][INFO]   &SCF
[SPARC][INFO]   EPS_SCF 1.0E-4
[SPARC][INFO]   &OT
[SPARC][INFO]   PRECONDITIONER FULL_ALL
[SPARC][INFO]   &END
[SPARC][INFO]   &OUTER_SCF
[SPARC][INFO]   EPS_SCF 1.0E-4
[SPARC][INFO]   MAX_SCF 3
[SPARC][INFO]   &END
[SPARC][INFO]   SCF_GUESS RESTART
[SPARC][INFO]   &END SCF
[SPARC][INFO]   &END DFT
[SPARC][INFO]   &SUBSYS
[SPARC][INFO]   &KIND B
[SPARC][INFO]   ELEMENT B
[SPARC][INFO]   POTENTIAL GTH-PADE
[SPARC][INFO]   BASIS_SET SZV-MOLOPT-SR-GTH
[SPARC][INFO]   &END KIND
[SPARC][INFO]   &KIND N
[SPARC][INFO]   ELEMENT N
[SPARC][INFO]   POTENTIAL GTH-PADE
[SPARC][INFO]   BASIS_SET SZV-MOLOPT-SR-GTH
[SPARC][INFO]   &END KIND
[SPARC][INFO]   &KIND H
[SPARC][INFO]   ELEMENT H
[SPARC][INFO]   POTENTIAL GTH-PADE
[SPARC][INFO]   BASIS_SET SZV-MOLOPT-SR-GTH
[SPARC][INFO]   &END KIND
[SPARC][INFO]   &END SUBSYS
[SPARC][INFO]   &END FORCE_EVAL
[SPARC][INFO] --------------------------------------------------
[SPARC][INFO] CP2K calculator setup successfully
[SPARC][INFO] ================================================================================
[SPARC][INFO]                     Ab-initio MD using NVT-Langevin at 300K                     
[SPARC][INFO] MD Ensemble                    NVT
[SPARC][INFO] Temperature                    300.0 K
[SPARC][INFO] MD Thermostat                  Langevin
[SPARC][INFO] Timestep                       1.00 fs
[SPARC][INFO] AIMD Steps                     500
[SPARC][INFO] Output Trajectory              AseMD.traj
[SPARC][INFO] Output Logfile                 AseMD.log
[SPARC][INFO] 
[SPARC][INFO] 
[SPARC][INFO] --------------------------------------------------------------------------------
[SPARC][INFO] Step     Epot (eV)    Ekin (eV)    Temp (K)   P (GPa)    V (Ang.^3)
[SPARC][INFO] --------------------------------------------------------------------------------
[SPARC][INFO] 0          -439.6867      0.3102    300.00    0.3078   1728.00
[SPARC][INFO] 2          -439.9528      0.4793    463.48    0.2542   1728.00
[SPARC][INFO] 4          -440.2267      0.7936    767.49    0.1517   1728.00
[SPARC][INFO] 6          -440.2845      0.6961    673.20    0.1236   1728.00
[SPARC][INFO] 8          -440.3999      0.8040    777.53    0.1036   1728.00
[SPARC][INFO] 10         -440.3291      0.4591    443.98   -0.0441   1728.00
[SPARC][INFO] 12         -440.2473      0.3874    374.64   -0.2717   1728.00
[SPARC][INFO] 14         -440.3672      0.3814    368.79   -0.2508   1728.00
[SPARC][INFO] 16         -440.4714      0.4899    473.71   -0.0549   1728.00
[SPARC][INFO] 18         -440.4239      0.4233    409.40    0.0793   1728.00
[SPARC][INFO] 20         -440.2594      0.2509    242.64    0.0721   1728.00
[SPARC][INFO] 22         -440.3887      0.3219    311.27   -0.1785   1728.00
[SPARC][INFO] 24         -440.2779      0.2064    199.62   -0.2633   1728.00
[SPARC][INFO] 26         -440.3631      0.3075    297.41   -0.1104   1728.00
[SPARC][INFO] 28         -440.4223      0.4793    463.50    0.0157   1728.00
[SPARC][INFO] 30         -440.3462      0.3138    303.44    0.0553   1728.00
[SPARC][INFO] 32         -440.4364      0.4082    394.76   -0.0291   1728.00
[SPARC][INFO] 34         -440.3499      0.2897    280.14   -0.0549   1728.00
[SPARC][INFO] 36         -440.2676      0.4209    407.07   -0.0105   1728.00
[SPARC][INFO] 38         -440.3300      0.5489    530.77    0.0179   1728.00
[SPARC][INFO] 40         -440.2629      0.4584    443.29   -0.0041   1728.00
[SPARC][INFO] 42         -440.1657      0.3232    312.59    0.0167   1728.00
[SPARC][INFO] 44         -440.2803      0.5746    555.67    0.1086   1728.00
[SPARC][INFO] 46         -440.4398      0.7114    687.93    0.0569   1728.00
[SPARC][INFO] 48         -440.3668      0.5196    502.45   -0.0927   1728.00
[SPARC][INFO] 50         -440.3550      0.4103    396.77   -0.0923   1728.00
[SPARC][INFO] 52         -440.3128      0.3332    322.22   -0.0513   1728.00
[SPARC][INFO] 54         -440.3430      0.3123    302.00    0.0344   1728.00
[SPARC][INFO] 56         -440.4705      0.4781    462.32   -0.0295   1728.00
[SPARC][INFO] 58         -440.4895      0.4817    465.86   -0.0980   1728.00
[SPARC][INFO] 60         -440.4550      0.4512    436.37   -0.0405   1728.00
[SPARC][INFO] 62         -440.4000      0.4382    423.71    0.0097   1728.00
[SPARC][INFO] 64         -440.1520      0.2510    242.68    0.0139   1728.00
[SPARC][INFO] 66         -440.2741      0.3339    322.90   -0.0173   1728.00
[SPARC][INFO] 68         -440.4623      0.4293    415.16   -0.0348   1728.00
[SPARC][INFO] 70         -440.3928      0.4351    420.72    0.0222   1728.00
[SPARC][INFO] 72         -440.4678      0.5649    546.27   -0.0209   1728.00
[SPARC][INFO] 74         -440.2214      0.4416    427.04   -0.0367   1728.00
[SPARC][INFO] 76         -440.0683      0.2028    196.08   -0.0178   1728.00
[SPARC][INFO] 78         -440.2160      0.4458    431.13    0.0581   1728.00
[SPARC][INFO] 80         -440.3689      0.4118    398.22    0.1242   1728.00
[SPARC][INFO] 82         -440.3728      0.3535    341.84    0.1977   1728.00
[SPARC][INFO] 84         -440.4147      0.3735    361.21    0.0802   1728.00
[SPARC][INFO] 86         -440.2727      0.2886    279.06   -0.1033   1728.00
[SPARC][INFO] 88         -440.2684      0.2110    204.00   -0.1253   1728.00
[SPARC][INFO] 90         -440.4343      0.3738    361.46    0.0483   1728.00
[SPARC][INFO] 92         -440.4742      0.3571    345.37    0.1923   1728.00
[SPARC][INFO] 94         -440.3371      0.2704    261.50    0.1107   1728.00
[SPARC][INFO] 96         -440.4331      0.3817    369.14   -0.0660   1728.00
[SPARC][INFO] 98         -440.4314      0.2930    283.32   -0.1144   1728.00
[SPARC][INFO] 100        -440.3065      0.3062    296.06   -0.0388   1728.00
[SPARC][INFO] 102        -440.3665      0.3000    290.12   -0.0230   1728.00
[SPARC][INFO] 104        -440.2864      0.3010    291.11    0.0307   1728.00
[SPARC][INFO] 106        -440.4112      0.4485    433.71    0.0059   1728.00
[SPARC][INFO] 108        -440.2510      0.3767    364.26   -0.0619   1728.00
[SPARC][INFO] 110        -440.4723      0.5192    502.10   -0.1051   1728.00
[SPARC][INFO] 112        -440.3199      0.5949    575.25   -0.0151   1728.00
[SPARC][INFO] 114        -440.2285      0.3474    335.93    0.0247   1728.00
[SPARC][INFO] 116        -440.3350      0.3988    385.69   -0.0287   1728.00
[SPARC][INFO] 118        -440.2451      0.3160    305.63    0.0360   1728.00
[SPARC][INFO] 120        -440.3943      0.4237    409.73    0.0376   1728.00
[SPARC][INFO] 122        -440.3424      0.3322    321.25   -0.0311   1728.00
[SPARC][INFO] 124        -440.3732      0.3370    325.86   -0.0490   1728.00
[SPARC][INFO] 126        -440.4568      0.2822    272.90   -0.0095   1728.00
[SPARC][INFO] 128        -440.4557      0.3291    318.28    0.0883   1728.00
[SPARC][INFO] 130        -440.4428      0.4134    399.79    0.1512   1728.00
[SPARC][INFO] 132        -440.4297      0.2790    269.84    0.1538   1728.00
[SPARC][INFO] 134        -440.4363      0.1919    185.59    0.0311   1728.00
[SPARC][INFO] 136        -440.4241      0.2674    258.57   -0.0687   1728.00
[SPARC][INFO] 138        -440.4220      0.3130    302.68   -0.0356   1728.00
[SPARC][INFO] 140        -440.4894      0.3314    320.46    0.0313   1728.00
[SPARC][INFO] 142        -440.4492      0.1948    188.37    0.0388   1728.00
[SPARC][INFO] 144        -440.5628      0.3719    359.65   -0.0429   1728.00
[SPARC][INFO] 146        -440.4875      0.4162    402.49   -0.1474   1728.00
[SPARC][INFO] 148        -440.4497      0.3262    315.48   -0.0992   1728.00
[SPARC][INFO] 150        -440.3697      0.3301    319.19    0.0222   1728.00
[SPARC][INFO] 152        -440.3734      0.2688    259.89    0.0413   1728.00
[SPARC][INFO] 154        -440.4646      0.3547    343.00   -0.0452   1728.00
[SPARC][INFO] 156        -440.4158      0.3555    343.83   -0.1487   1728.00
[SPARC][INFO] 158        -440.5353      0.4925    476.27   -0.0660   1728.00
[SPARC][INFO] 160        -440.4039      0.4555    440.46    0.0488   1728.00
[SPARC][INFO] 162        -440.4034      0.4499    435.09   -0.0061   1728.00
[SPARC][INFO] 164        -440.3297      0.3473    335.86   -0.0485   1728.00
[SPARC][INFO] 166        -440.3269      0.4752    459.55    0.0018   1728.00
[SPARC][INFO] 168        -440.2603      0.2749    265.86   -0.0143   1728.00
[SPARC][INFO] 170        -440.2665      0.2510    242.75   -0.1122   1728.00
[SPARC][INFO] 172        -440.2700      0.3454    333.99   -0.1233   1728.00
[SPARC][INFO] 174        -440.3806      0.3322    321.27   -0.0655   1728.00
[SPARC][INFO] 176        -440.5095      0.3424    331.14    0.0782   1728.00
[SPARC][INFO] 178        -440.3848      0.2145    207.46    0.1373   1728.00
[SPARC][INFO] 180        -440.5666      0.3270    316.19    0.0168   1728.00
[SPARC][INFO] 182        -440.4794      0.2365    228.67   -0.0220   1728.00
[SPARC][INFO] 184        -440.4523      0.2135    206.46   -0.0947   1728.00
[SPARC][INFO] 186        -440.4984      0.3980    384.85   -0.0967   1728.00
[SPARC][INFO] 188        -440.3588      0.2590    250.43   -0.0834   1728.00
[SPARC][INFO] 190        -440.4192      0.4148    401.12   -0.1305   1728.00
[SPARC][INFO] 192        -440.4354      0.4764    460.70   -0.1302   1728.00
[SPARC][INFO] 194        -440.3121      0.3382    327.10   -0.0462   1728.00
[SPARC][INFO] 196        -440.3788      0.5924    572.85   -0.0864   1728.00
[SPARC][INFO] 198        -440.2989      0.4709    455.37   -0.1248   1728.00
[SPARC][INFO] 200        -440.0082      0.3203    309.71   -0.1045   1728.00
[SPARC][INFO] 202        -440.2961      0.4236    409.68   -0.0155   1728.00
[SPARC][INFO] 204        -440.2933      0.3961    383.02    0.0838   1728.00
[SPARC][INFO] 206        -440.2131      0.2265    219.03    0.0504   1728.00
[SPARC][INFO] 208        -440.3485      0.3888    375.96   -0.0659   1728.00
[SPARC][INFO] 210        -440.3829      0.6058    585.79    0.0301   1728.00
[SPARC][INFO] 212        -440.2554      0.4745    458.90    0.1655   1728.00
[SPARC][INFO] 214        -440.2671      0.3175    307.04    0.0668   1728.00
[SPARC][INFO] 216        -440.3839      0.3659    353.80   -0.1125   1728.00
[SPARC][INFO] 218        -440.5053      0.2981    288.32   -0.1070   1728.00
[SPARC][INFO] 220        -440.6029      0.3953    382.22    0.0572   1728.00
[SPARC][INFO] 222        -440.5579      0.2772    268.09    0.1606   1728.00
[SPARC][INFO] 224        -440.4717      0.2188    211.61    0.1030   1728.00
[SPARC][INFO] 226        -440.4761      0.3222    311.58   -0.0445   1728.00
[SPARC][INFO] 228        -440.4432      0.2357    227.94   -0.1010   1728.00
[SPARC][INFO] 230        -440.4860      0.2895    279.97    0.0589   1728.00
[SPARC][INFO] 232        -440.4799      0.3370    325.85    0.2071   1728.00
[SPARC][INFO] 234        -440.4958      0.3559    344.17    0.1365   1728.00
[SPARC][INFO] 236        -440.5066      0.3789    366.39   -0.1050   1728.00
[SPARC][INFO] 238        -440.2853      0.2135    206.45   -0.1195   1728.00
[SPARC][INFO] 240        -440.3129      0.2580    249.49    0.0038   1728.00
[SPARC][INFO] 242        -440.5101      0.4292    415.04    0.1148   1728.00
[SPARC][INFO] 244        -440.5159      0.2659    257.12    0.1540   1728.00
[SPARC][INFO] 246        -440.4978      0.3066    296.49   -0.0256   1728.00
[SPARC][INFO] 248        -440.5099      0.2950    285.24   -0.1291   1728.00
[SPARC][INFO] 250        -440.5553      0.3272    316.45   -0.0284   1728.00
[SPARC][INFO] 252        -440.4909      0.2738    264.74    0.0978   1728.00
[SPARC][INFO] 254        -440.6100      0.2794    270.23   -0.0015   1728.00
[SPARC][INFO] 256        -440.5401      0.2162    209.09   -0.1305   1728.00
[SPARC][INFO] 258        -440.5094      0.2238    216.46   -0.2260   1728.00
[SPARC][INFO] 260        -440.5054      0.2254    217.94   -0.1502   1728.00
[SPARC][INFO] 262        -440.5021      0.2499    241.65    0.0516   1728.00
[SPARC][INFO] 264        -440.6349      0.3751    362.76    0.0779   1728.00
[SPARC][INFO] 266        -440.5344      0.2060    199.23    0.0053   1728.00
[SPARC][INFO] 268        -440.5146      0.2005    193.85   -0.0446   1728.00
[SPARC][INFO] 270        -440.5361      0.2976    287.74   -0.0151   1728.00
[SPARC][INFO] 272        -440.4124      0.2600    251.39    0.0707   1728.00
[SPARC][INFO] 274        -440.5952      0.3748    362.46   -0.0636   1728.00
[SPARC][INFO] 276        -440.5768      0.3812    368.60   -0.0598   1728.00
[SPARC][INFO] 278        -440.4402      0.2848    275.42   -0.0289   1728.00
[SPARC][INFO] 280        -440.5745      0.3554    343.70   -0.0056   1728.00
[SPARC][INFO] 282        -440.5333      0.2619    253.27    0.0086   1728.00
[SPARC][INFO] 284        -440.5570      0.2343    226.58    0.0007   1728.00
[SPARC][INFO] 286        -440.5333      0.2777    268.51   -0.0113   1728.00
[SPARC][INFO] 288        -440.4759      0.1459    141.09   -0.0794   1728.00
[SPARC][INFO] 290        -440.4848      0.1926    186.24   -0.1179   1728.00
[SPARC][INFO] 292        -440.3939      0.2048    198.02   -0.0040   1728.00
[SPARC][INFO] 294        -440.5396      0.3936    380.65   -0.0052   1728.00
[SPARC][INFO] 296        -440.4785      0.2760    266.92   -0.0733   1728.00
[SPARC][INFO] 298        -440.4548      0.2222    214.84   -0.1942   1728.00
[SPARC][INFO] 300        -440.4286      0.2474    239.26   -0.1059   1728.00
[SPARC][INFO] 302        -440.4669      0.4450    430.38    0.0420   1728.00
[SPARC][INFO] 304        -440.5153      0.4339    419.62    0.0317   1728.00
[SPARC][INFO] 306        -440.5341      0.5240    506.75   -0.0608   1728.00
[SPARC][INFO] 308        -440.6053      0.7207    696.94   -0.1048   1728.00
[SPARC][INFO] 310        -440.4055      0.4417    427.15    0.0472   1728.00
[SPARC][INFO] 312        -440.3880      0.3097    299.53    0.0393   1728.00
[SPARC][INFO] 314        -440.3759      0.2542    245.85    0.0298   1728.00
[SPARC][INFO] 316        -440.4012      0.2327    225.00    0.0488   1728.00
[SPARC][INFO] 318        -440.4365      0.3111    300.82    0.0872   1728.00
[SPARC][INFO] 320        -440.3914      0.3635    351.56    0.0601   1728.00
[SPARC][INFO] 322        -440.4237      0.2986    288.74   -0.0973   1728.00
[SPARC][INFO] 324        -440.4406      0.2940    284.31   -0.1686   1728.00
[SPARC][INFO] 326        -440.5004      0.3460    334.62   -0.1047   1728.00
[SPARC][INFO] 328        -440.5733      0.3483    336.79    0.0326   1728.00
[SPARC][INFO] 330        -440.4576      0.2546    246.19   -0.0143   1728.00
[SPARC][INFO] 332        -440.4794      0.2617    253.06   -0.1143   1728.00
[SPARC][INFO] 334        -440.5221      0.2630    254.33   -0.0864   1728.00
[SPARC][INFO] 336        -440.4357      0.3167    306.22   -0.0518   1728.00
[SPARC][INFO] 338        -440.3564      0.2578    249.29   -0.0069   1728.00
[SPARC][INFO] 340        -440.4031      0.2934    283.73   -0.0372   1728.00
[SPARC][INFO] 342        -440.4555      0.3148    304.47   -0.1156   1728.00
[SPARC][INFO] 344        -440.5070      0.3740    361.67   -0.0496   1728.00
[SPARC][INFO] 346        -440.5434      0.3724    360.17    0.0701   1728.00
[SPARC][INFO] 348        -440.5240      0.2396    231.70    0.1595   1728.00
[SPARC][INFO] 350        -440.4832      0.2189    211.68    0.1074   1728.00
[SPARC][INFO] 352        -440.4784      0.2708    261.90   -0.0879   1728.00
[SPARC][INFO] 354        -440.3774      0.1733    167.60   -0.1402   1728.00
[SPARC][INFO] 356        -440.4983      0.2859    276.44   -0.0187   1728.00
[SPARC][INFO] 358        -440.4954      0.3247    313.99    0.0918   1728.00
[SPARC][INFO] 360        -440.5435      0.3120    301.76    0.0724   1728.00
[SPARC][INFO] 362        -440.4737      0.2599    251.29   -0.0527   1728.00
[SPARC][INFO] 364        -440.4261      0.2861    276.68   -0.0622   1728.00
[SPARC][INFO] 366        -440.4492      0.4005    387.29    0.0516   1728.00
[SPARC][INFO] 368        -440.2411      0.4573    442.27    0.1809   1728.00
[SPARC][INFO] 370        -440.4176      0.4832    467.31    0.0203   1728.00
[SPARC][INFO] 372        -440.3781      0.2708    261.88   -0.1171   1728.00
[SPARC][INFO] 374        -440.3660      0.4823    466.45   -0.0414   1728.00
[SPARC][INFO] 376        -440.4969      0.4814    465.49    0.0133   1728.00
[SPARC][INFO] 378        -440.3032      0.2938    284.13   -0.0323   1728.00
[SPARC][INFO] 380        -440.3582      0.2503    242.03   -0.1200   1728.00
[SPARC][INFO] 382        -440.4316      0.4016    388.32   -0.1135   1728.00
[SPARC][INFO] 384        -440.3308      0.3387    327.53    0.0402   1728.00
[SPARC][INFO] 386        -440.3890      0.5204    503.26    0.0743   1728.00
[SPARC][INFO] 388        -440.3846      0.3088    298.61   -0.0561   1728.00
[SPARC][INFO] 390        -440.5349      0.3319    320.92   -0.1084   1728.00
[SPARC][INFO] 392        -440.3973      0.1166    112.78   -0.0121   1728.00
[SPARC][INFO] 394        -440.5495      0.3335    322.55   -0.0149   1728.00
[SPARC][INFO] 396        -440.3917      0.1694    163.82    0.0062   1728.00
[SPARC][INFO] 398        -440.4207      0.3615    349.56    0.0147   1728.00
[SPARC][INFO] 400        -440.4505      0.3148    304.41    0.0335   1728.00
[SPARC][INFO] 402        -440.4638      0.3875    374.73    0.0287   1728.00
[SPARC][INFO] 404        -440.3839      0.3588    346.95   -0.0307   1728.00
[SPARC][INFO] 406        -440.4777      0.4055    392.14   -0.0224   1728.00
[SPARC][INFO] 408        -440.4740      0.4763    460.60    0.0253   1728.00
[SPARC][INFO] 410        -440.3526      0.2481    239.90    0.0482   1728.00
[SPARC][INFO] 412        -440.4435      0.3108    300.56   -0.0085   1728.00
[SPARC][INFO] 414        -440.3843      0.1871    180.96   -0.0096   1728.00
[SPARC][INFO] 416        -440.4512      0.3147    304.32    0.0346   1728.00
[SPARC][INFO] 418        -440.2158      0.3043    294.26    0.0635   1728.00
[SPARC][INFO] 420        -440.3695      0.3678    355.65   -0.1082   1728.00
[SPARC][INFO] 422        -440.4617      0.4490    434.25   -0.1472   1728.00
[SPARC][INFO] 424        -440.5734      0.4291    414.96   -0.0377   1728.00
[SPARC][INFO] 426        -440.5265      0.3432    331.87    0.0489   1728.00
[SPARC][INFO] 428        -440.3576      0.2848    275.40   -0.0120   1728.00
[SPARC][INFO] 430        -440.3094      0.1984    191.84   -0.0939   1728.00
[SPARC][INFO] 432        -440.4860      0.3956    382.61   -0.1327   1728.00
[SPARC][INFO] 434        -440.4876      0.2806    271.35    0.0037   1728.00
[SPARC][INFO] 436        -440.4377      0.3088    298.62    0.0560   1728.00
[SPARC][INFO] 438        -440.5897      0.4455    430.82    0.0526   1728.00
[SPARC][INFO] 440        -440.5035      0.3266    315.79    0.1102   1728.00
[SPARC][INFO] 442        -440.4263      0.2724    263.38    0.0570   1728.00
[SPARC][INFO] 444        -440.4911      0.3281    317.26   -0.0247   1728.00
[SPARC][INFO] 446        -440.4429      0.2808    271.56   -0.0390   1728.00
[SPARC][INFO] 448        -440.4567      0.3063    296.18    0.0058   1728.00
[SPARC][INFO] 450        -440.4793      0.4502    435.40    0.1118   1728.00
[SPARC][INFO] 452        -440.3269      0.3208    310.25    0.2056   1728.00
[SPARC][INFO] 454        -440.4673      0.5056    488.95    0.0249   1728.00
[SPARC][INFO] 456        -440.3071      0.2178    210.59   -0.0931   1728.00
[SPARC][INFO] 458        -440.3743      0.2585    250.02   -0.0038   1728.00
[SPARC][INFO] 460        -440.5371      0.6473    625.97    0.1613   1728.00
[SPARC][INFO] 462        -440.4255      0.3406    329.35    0.0999   1728.00
[SPARC][INFO] 464        -440.4538      0.4234    409.47   -0.1077   1728.00
[SPARC][INFO] 466        -440.3737      0.2523    243.97   -0.0507   1728.00
[SPARC][INFO] 468        -440.3611      0.3360    324.90    0.1251   1728.00
[SPARC][INFO] 470        -440.2147      0.1750    169.27    0.1248   1728.00
[SPARC][INFO] 472        -440.3791      0.3513    339.76   -0.0379   1728.00
[SPARC][INFO] 474        -440.2667      0.3064    296.29   -0.0149   1728.00
[SPARC][INFO] 476        -440.4424      0.3675    355.42    0.0043   1728.00
[SPARC][INFO] 478        -440.4044      0.4441    429.48    0.0817   1728.00
[SPARC][INFO] 480        -440.3968      0.5015    484.94   -0.0078   1728.00
[SPARC][INFO] 482        -440.3040      0.2979    288.11   -0.1427   1728.00
[SPARC][INFO] 484        -440.4974      0.3985    385.32   -0.2001   1728.00
[SPARC][INFO] 486        -440.3521      0.4053    391.92   -0.0333   1728.00
[SPARC][INFO] 488        -440.4720      0.5423    524.38    0.0789   1728.00
[SPARC][INFO] 490        -440.4674      0.4686    453.19    0.0357   1728.00
[SPARC][INFO] 492        -440.2197      0.2929    283.23   -0.1339   1728.00
[SPARC][INFO] 494        -440.4186      0.5112    494.38   -0.2027   1728.00
[SPARC][INFO] 496        -440.2391      0.3696    357.46    0.0546   1728.00
[SPARC][INFO] 498        -440.4321      0.5137    496.81    0.0458   1728.00
[SPARC][INFO] 500        -440.5361      0.4067    393.27   -0.1250   1728.00
[SPARC][INFO] ================================================================================
[SPARC][INFO] Processing AIMD Trajectory for MLIP Training
[SPARC][INFO] Training ensemble of 3 models
[SPARC][INFO] Backend: DeePMD-kit
[SPARC][INFO] ================================================================================
[SPARC][INFO] 
[SPARC][INFO] Loaded 251 frames
[SPARC][INFO] 
[SPARC][INFO] DATA PROCESSING
[SPARC][INFO] -----------------
[SPARC][INFO] Trajectory file                iter_000000/00.dft/AseMD.traj
[SPARC][INFO] Total frames                   251
[SPARC][INFO] Frames used                    241
[SPARC][INFO] Training frames                192 (80%)
[SPARC][INFO] Validation frames              49 (20%)
[SPARC][INFO] 
[SPARC][INFO] Original directory: /home/rverma7/My_Program/0.3_sparc/examples/CP2K/workflow
2026-04-17 16:48:33,037 - WARNING - To get the best performance, it is recommended to adjust the number of threads by setting the environment variables OMP_NUM_THREADS, DP_INTRA_OP_PARALLELISM_THREADS, and DP_INTER_OP_PARALLELISM_THREADS. See https://deepmd.rtfd.io/parallelism/ for more information.
/home/rverma7/anaconda3/envs/sparcGNN/lib/python3.10/site-packages/e3nn/o3/_wigner.py:10: UserWarning: Environment variable TORCH_FORCE_NO_WEIGHTS_ONLY_LOAD detected, since the`weights_only` argument was not explicitly passed to `torch.load`, forcing weights_only=False.
  _Jd, _W3j_flat, _W3j_indices = torch.load(os.path.join(os.path.dirname(__file__), 'constants.pt'))
/home/rverma7/anaconda3/envs/sparcGNN/lib/python3.10/site-packages/nequip/__init__.py:20: UserWarning: !! PyTorch version 2.6.0 found. Upstream issues in PyTorch versions 1.13.* and 2.* have been seen to cause unusual performance degredations on some CUDA systems that become worse over time; see https://github.com/mir-group/nequip/discussions/311. The best tested PyTorch version to use with CUDA devices is 1.11; while using other versions if you observe this problem, an unexpected lack of this problem, or other strange behavior, please post in the linked GitHub issue.
  warnings.warn(
[SPARC][INFO] PyTorch backend is functional
[SPARC][INFO] Detected DeePMD-kit v3 with PYTORCH backend
[SPARC][INFO] ================================================================================
[SPARC][INFO]  DeePMD-kit v3 Training
[SPARC][INFO]  Backend: PYTORCH
[SPARC][INFO] ================================================================================
[SPARC][INFO] ================================================================================
[SPARC][INFO]  Training Model 1/3
[SPARC][INFO]  Directory: iter_000000/01.train/training_1
[SPARC][INFO] ================================================================================
2026-04-17 16:48:34,392 - sparc.src.deepmd - INFO - Training directory: iter_000000/01.train/training_1
2026-04-17 16:48:34,392 - INFO - Training directory: iter_000000/01.train/training_1
[SPARC][INFO]  Training Model 1/3
[SPARC][INFO] Directory                      iter_000000/01.train/training_1
[SPARC][INFO] Running command: dp --pt train input.json
To get the best performance, it is recommended to adjust the number of threads by setting the environment variables OMP_NUM_THREADS, DP_INTRA_OP_PARALLELISM_THREADS, and DP_INTER_OP_PARALLELISM_THREADS. See https://deepmd.rtfd.io/parallelism/ for more information.
/home/rverma7/anaconda3/envs/sparcGNN/lib/python3.10/site-packages/e3nn/o3/_wigner.py:10: UserWarning: Environment variable TORCH_FORCE_NO_WEIGHTS_ONLY_LOAD detected, since the`weights_only` argument was not explicitly passed to `torch.load`, forcing weights_only=False.
  _Jd, _W3j_flat, _W3j_indices = torch.load(os.path.join(os.path.dirname(__file__), 'constants.pt'))
/home/rverma7/anaconda3/envs/sparcGNN/lib/python3.10/site-packages/nequip/__init__.py:20: UserWarning: !! PyTorch version 2.6.0 found. Upstream issues in PyTorch versions 1.13.* and 2.* have been seen to cause unusual performance degredations on some CUDA systems that become worse over time; see https://github.com/mir-group/nequip/discussions/311. The best tested PyTorch version to use with CUDA devices is 1.11; while using other versions if you observe this problem, an unexpected lack of this problem, or other strange behavior, please post in the linked GitHub issue.
  warnings.warn(
[2026-04-17 16:48:37,136] DEEPMD INFO    DeePMD version: 3.1.1
[2026-04-17 16:48:37,137] DEEPMD INFO    Configuration path: input.json
[2026-04-17 16:48:37,154] DEEPMD INFO     _____               _____   __  __  _____           _     _  _   
[2026-04-17 16:48:37,154] DEEPMD INFO    |  __ \             |  __ \ |  \/  ||  __ \         | |   (_)| |  
[2026-04-17 16:48:37,154] DEEPMD INFO    | |  | |  ___   ___ | |__) || \  / || |  | | ______ | | __ _ | |_ 
[2026-04-17 16:48:37,154] DEEPMD INFO    | |  | | / _ \ / _ \|  ___/ | |\/| || |  | ||______|| |/ /| || __|
[2026-04-17 16:48:37,154] DEEPMD INFO    | |__| ||  __/|  __/| |     | |  | || |__| |        |   < | || |_ 
[2026-04-17 16:48:37,154] DEEPMD INFO    |_____/  \___| \___||_|     |_|  |_||_____/         |_|\_\|_| \__|
[2026-04-17 16:48:37,154] DEEPMD INFO    Please read and cite:
[2026-04-17 16:48:37,154] DEEPMD INFO    Wang, Zhang, Han and E, Comput.Phys.Comm. 228, 178-184 (2018)
[2026-04-17 16:48:37,154] DEEPMD INFO    Zeng et al, J. Chem. Phys., 159, 054801 (2023)
[2026-04-17 16:48:37,154] DEEPMD INFO    Zeng et al, J. Chem. Theory Comput., 21, 4375-4385 (2025)
[2026-04-17 16:48:37,154] DEEPMD INFO    See https://deepmd.rtfd.io/credits/ for details.
[2026-04-17 16:48:37,154] DEEPMD INFO    ------------------------------------------------------------------------------------------------------------------------------
[2026-04-17 16:48:37,154] DEEPMD INFO    installed to:          /home/rverma7/anaconda3/envs/sparcGNN/lib/python3.10/site-packages/deepmd
[2026-04-17 16:48:37,154] DEEPMD INFO    source:                
[2026-04-17 16:48:37,154] DEEPMD INFO    source branch:         HEAD
[2026-04-17 16:48:37,154] DEEPMD INFO    source commit:         9b566bf
[2026-04-17 16:48:37,154] DEEPMD INFO    source commit at:      2025-10-01 20:34:25 +0200
[2026-04-17 16:48:37,154] DEEPMD INFO    use float prec:        double
[2026-04-17 16:48:37,154] DEEPMD INFO    build variant:         cuda
[2026-04-17 16:48:37,154] DEEPMD INFO    Backend:               PyTorch
[2026-04-17 16:48:37,154] DEEPMD INFO    PT ver:                v2.6.0-gUnknown
[2026-04-17 16:48:37,154] DEEPMD INFO    Enable custom OP:      True
[2026-04-17 16:48:37,154] DEEPMD INFO    build with PT ver:     2.6.0
[2026-04-17 16:48:37,155] DEEPMD INFO    build with PT inc:     /home/rverma7/anaconda3/envs/sparcGNN/lib/python3.10/site-packages/torch/include
[2026-04-17 16:48:37,155] DEEPMD INFO                           /home/rverma7/anaconda3/envs/sparcGNN/lib/python3.10/site-packages/torch/include/torch/csrc/api/include
[2026-04-17 16:48:37,155] DEEPMD INFO    build with PT lib:     /home/rverma7/anaconda3/envs/sparcGNN/lib/python3.10/site-packages/torch/lib
[2026-04-17 16:48:37,155] DEEPMD INFO    running on:            cbe-dt-319.che.ncsu.edu
[2026-04-17 16:48:37,155] DEEPMD INFO    computing device:      cuda:0
[2026-04-17 16:48:37,155] DEEPMD INFO    CUDA_VISIBLE_DEVICES:  unset
[2026-04-17 16:48:37,155] DEEPMD INFO    Count of visible GPUs: 2
[2026-04-17 16:48:37,155] DEEPMD INFO    num_intra_threads:     0
[2026-04-17 16:48:37,155] DEEPMD INFO    num_inter_threads:     0
[2026-04-17 16:48:37,155] DEEPMD INFO    ------------------------------------------------------------------------------------------------------------------------------
[2026-04-17 16:48:37,191] DEEPMD INFO    Calculate neighbor statistics... (add --skip-neighbor-stat to skip this step)
[2026-04-17 16:48:37,481] DEEPMD INFO    Adjust batch size from 1024 to 2048
[2026-04-17 16:48:37,513] DEEPMD INFO    Neighbor statistics: training data with minimal neighbor distance: 0.956954
[2026-04-17 16:48:37,513] DEEPMD INFO    Neighbor statistics: training data with maximum neighbor size: [1 6 1] (cutoff radius: 6.000000)
[2026-04-17 16:48:37,514] DEEPMD INFO    Constructing DataLoaders from 1 systems
[2026-04-17 16:48:37,520] DEEPMD INFO    Constructing DataLoaders from 1 systems
[2026-04-17 16:48:37,579] DEEPMD INFO    Packing data for statistics from 1 systems
[2026-04-17 16:48:37,791] DEEPMD INFO    RMSE of energy per atom after linear regression is: 0.01073317617543754 in the unit of energy.
[2026-04-17 16:48:37,793] DEEPMD INFO    ---Summary of DataSystem: training     -----------------------------------------------
[2026-04-17 16:48:37,793] DEEPMD INFO    found 1 system(s):
[2026-04-17 16:48:37,793] DEEPMD INFO                                        system  natoms  bch_sz   n_bch       prob  pbc
[2026-04-17 16:48:37,793] DEEPMD INFO    -- w/DeePMD_training/00.data/training_data       8       4      48  1.000e+00    T
[2026-04-17 16:48:37,793] DEEPMD INFO    --------------------------------------------------------------------------------------
[2026-04-17 16:48:37,794] DEEPMD INFO    ---Summary of DataSystem: validation   -----------------------------------------------
[2026-04-17 16:48:37,794] DEEPMD INFO    found 1 system(s):
[2026-04-17 16:48:37,794] DEEPMD INFO                                        system  natoms  bch_sz   n_bch       prob  pbc
[2026-04-17 16:48:37,794] DEEPMD INFO    -- DeePMD_training/00.data/validation_data       8       4      12  1.000e+00    T
[2026-04-17 16:48:37,794] DEEPMD INFO    --------------------------------------------------------------------------------------
[2026-04-17 16:48:37,795] DEEPMD INFO    Start to train 100000 steps.
[2026-04-17 16:48:38,448] DEEPMD INFO    batch       1: trn: rmse = 3.20e+01, rmse_e = 6.36e-01, rmse_f = 1.01e+00, lr = 1.00e-03
[2026-04-17 16:48:38,448] DEEPMD INFO    batch       1: val: rmse = 5.07e+01, rmse_e = 1.12e+00, rmse_f = 1.60e+00
[2026-04-17 16:48:38,449] DEEPMD INFO    batch       1: total wall time = 0.65 s, eta = 18:09:16
[2026-04-17 16:49:33,508] DEEPMD INFO    batch    1000: trn: rmse = 7.65e+00, rmse_e = 1.31e-01, rmse_f = 2.42e-01, lr = 1.00e-03
[2026-04-17 16:49:33,508] DEEPMD INFO    batch    1000: val: rmse = 4.83e+00, rmse_e = 1.58e-01, rmse_f = 1.53e-01
[2026-04-17 16:49:33,509] DEEPMD INFO    batch    1000: total wall time = 55.06 s, eta = 1:30:50
[2026-04-17 16:50:27,300] DEEPMD INFO    batch    2000: trn: rmse = 3.28e+00, rmse_e = 5.49e-02, rmse_f = 1.04e-01, lr = 1.00e-03
[2026-04-17 16:50:27,300] DEEPMD INFO    batch    2000: val: rmse = 3.31e+00, rmse_e = 3.26e-02, rmse_f = 1.05e-01
[2026-04-17 16:50:27,300] DEEPMD INFO    batch    2000: total wall time = 53.79 s, eta = 1:27:51
[2026-04-17 16:51:21,194] DEEPMD INFO    batch    3000: trn: rmse = 2.90e+00, rmse_e = 5.50e-03, rmse_f = 9.16e-02, lr = 1.00e-03
[2026-04-17 16:51:21,194] DEEPMD INFO    batch    3000: val: rmse = 3.98e+00, rmse_e = 4.62e-03, rmse_f = 1.26e-01
[2026-04-17 16:51:21,194] DEEPMD INFO    batch    3000: total wall time = 53.89 s, eta = 1:27:07
[2026-04-17 16:52:15,970] DEEPMD INFO    batch    4000: trn: rmse = 3.05e+00, rmse_e = 2.17e-02, rmse_f = 9.64e-02, lr = 1.00e-03
[2026-04-17 16:52:15,970] DEEPMD INFO    batch    4000: val: rmse = 2.96e+00, rmse_e = 2.00e-02, rmse_f = 9.37e-02
[2026-04-17 16:52:15,971] DEEPMD INFO    batch    4000: total wall time = 54.78 s, eta = 1:27:38
[2026-04-17 16:53:11,504] DEEPMD INFO    batch    5000: trn: rmse = 2.98e+00, rmse_e = 1.48e-02, rmse_f = 9.42e-02, lr = 1.00e-03
[2026-04-17 16:53:11,504] DEEPMD INFO    batch    5000: val: rmse = 3.02e+00, rmse_e = 4.04e-03, rmse_f = 9.56e-02
[2026-04-17 16:53:11,505] DEEPMD INFO    batch    5000: total wall time = 55.53 s, eta = 1:27:55
[2026-04-17 16:54:07,013] DEEPMD INFO    batch    6000: trn: rmse = 1.95e+00, rmse_e = 3.74e-03, rmse_f = 7.98e-02, lr = 5.99e-04
[2026-04-17 16:54:07,014] DEEPMD INFO    batch    6000: val: rmse = 1.65e+00, rmse_e = 6.08e-03, rmse_f = 6.74e-02
[2026-04-17 16:54:07,014] DEEPMD INFO    batch    6000: total wall time = 55.51 s, eta = 1:26:57
[2026-04-17 16:55:01,831] DEEPMD INFO    batch    7000: trn: rmse = 1.42e+00, rmse_e = 2.82e-02, rmse_f = 5.81e-02, lr = 5.99e-04
[2026-04-17 16:55:01,832] DEEPMD INFO    batch    7000: val: rmse = 1.86e+00, rmse_e = 3.19e-02, rmse_f = 7.61e-02
[2026-04-17 16:55:01,832] DEEPMD INFO    batch    7000: total wall time = 54.82 s, eta = 1:24:58
[2026-04-17 16:55:56,370] DEEPMD INFO    batch    8000: trn: rmse = 1.71e+00, rmse_e = 2.06e-02, rmse_f = 7.00e-02, lr = 5.99e-04
[2026-04-17 16:55:56,370] DEEPMD INFO    batch    8000: val: rmse = 1.91e+00, rmse_e = 2.57e-02, rmse_f = 7.79e-02
[2026-04-17 16:55:56,370] DEEPMD INFO    batch    8000: total wall time = 54.54 s, eta = 1:23:37
[2026-04-17 16:56:50,768] DEEPMD INFO    batch    9000: trn: rmse = 1.45e+00, rmse_e = 2.21e-02, rmse_f = 5.94e-02, lr = 5.99e-04
[2026-04-17 16:56:50,769] DEEPMD INFO    batch    9000: val: rmse = 1.71e+00, rmse_e = 2.55e-02, rmse_f = 7.00e-02
[2026-04-17 16:56:50,769] DEEPMD INFO    batch    9000: total wall time = 54.40 s, eta = 1:22:30
[2026-04-17 16:57:47,504] DEEPMD INFO    batch   10000: trn: rmse = 1.65e+00, rmse_e = 5.38e-03, rmse_f = 6.73e-02, lr = 5.99e-04
[2026-04-17 16:57:47,505] DEEPMD INFO    batch   10000: val: rmse = 1.59e+00, rmse_e = 8.39e-03, rmse_f = 6.51e-02
[2026-04-17 16:57:47,505] DEEPMD INFO    batch   10000: total wall time = 56.74 s, eta = 1:25:06
[2026-04-17 16:57:47,533] DEEPMD INFO    Saved model to model.ckpt-10000.pt
[2026-04-17 16:58:42,873] DEEPMD INFO    batch   11000: trn: rmse = 1.51e+00, rmse_e = 1.08e-02, rmse_f = 7.97e-02, lr = 3.59e-04
[2026-04-17 16:58:42,873] DEEPMD INFO    batch   11000: val: rmse = 8.55e-01, rmse_e = 1.73e-02, rmse_f = 4.51e-02
[2026-04-17 16:58:42,873] DEEPMD INFO    batch   11000: total wall time = 55.37 s, eta = 1:22:07
[2026-04-17 16:59:37,965] DEEPMD INFO    batch   12000: trn: rmse = 9.32e-01, rmse_e = 1.50e-02, rmse_f = 4.91e-02, lr = 3.59e-04
[2026-04-17 16:59:37,965] DEEPMD INFO    batch   12000: val: rmse = 7.33e-01, rmse_e = 1.85e-02, rmse_f = 3.86e-02
[2026-04-17 16:59:37,966] DEEPMD INFO    batch   12000: total wall time = 55.09 s, eta = 1:20:48
[2026-04-17 17:00:32,284] DEEPMD INFO    batch   13000: trn: rmse = 1.16e+00, rmse_e = 6.80e-03, rmse_f = 6.12e-02, lr = 3.59e-04
[2026-04-17 17:00:32,284] DEEPMD INFO    batch   13000: val: rmse = 9.27e-01, rmse_e = 1.35e-02, rmse_f = 4.89e-02
[2026-04-17 17:00:32,284] DEEPMD INFO    batch   13000: total wall time = 54.32 s, eta = 1:18:45
[2026-04-17 17:01:26,269] DEEPMD INFO    batch   14000: trn: rmse = 1.10e+00, rmse_e = 1.12e-02, rmse_f = 5.79e-02, lr = 3.59e-04
[2026-04-17 17:01:26,269] DEEPMD INFO    batch   14000: val: rmse = 8.59e-01, rmse_e = 6.15e-03, rmse_f = 4.53e-02
[2026-04-17 17:01:26,270] DEEPMD INFO    batch   14000: total wall time = 53.99 s, eta = 1:17:22
[2026-04-17 17:02:20,313] DEEPMD INFO    batch   15000: trn: rmse = 1.00e+00, rmse_e = 1.34e-02, rmse_f = 5.29e-02, lr = 3.59e-04
[2026-04-17 17:02:20,314] DEEPMD INFO    batch   15000: val: rmse = 8.62e-01, rmse_e = 1.14e-02, rmse_f = 4.55e-02
[2026-04-17 17:02:20,314] DEEPMD INFO    batch   15000: total wall time = 54.04 s, eta = 1:16:33
[2026-04-17 17:03:15,322] DEEPMD INFO    batch   16000: trn: rmse = 7.14e-01, rmse_e = 1.74e-03, rmse_f = 4.87e-02, lr = 2.15e-04
[2026-04-17 17:03:15,323] DEEPMD INFO    batch   16000: val: rmse = 5.32e-01, rmse_e = 2.17e-03, rmse_f = 3.62e-02
[2026-04-17 17:03:15,323] DEEPMD INFO    batch   16000: total wall time = 55.01 s, eta = 1:17:00
[2026-04-17 17:04:09,660] DEEPMD INFO    batch   17000: trn: rmse = 6.84e-01, rmse_e = 1.32e-02, rmse_f = 4.66e-02, lr = 2.15e-04
[2026-04-17 17:04:09,660] DEEPMD INFO    batch   17000: val: rmse = 7.52e-01, rmse_e = 1.58e-02, rmse_f = 5.12e-02
[2026-04-17 17:04:09,661] DEEPMD INFO    batch   17000: total wall time = 54.34 s, eta = 1:15:10
[2026-04-17 17:05:04,882] DEEPMD INFO    batch   18000: trn: rmse = 6.57e-01, rmse_e = 8.88e-03, rmse_f = 4.48e-02, lr = 2.15e-04
[2026-04-17 17:05:04,882] DEEPMD INFO    batch   18000: val: rmse = 4.12e-01, rmse_e = 7.42e-03, rmse_f = 2.80e-02
[2026-04-17 17:05:04,883] DEEPMD INFO    batch   18000: total wall time = 55.22 s, eta = 1:15:28
[2026-04-17 17:06:00,161] DEEPMD INFO    batch   19000: trn: rmse = 5.97e-01, rmse_e = 1.26e-02, rmse_f = 4.06e-02, lr = 2.15e-04
[2026-04-17 17:06:00,162] DEEPMD INFO    batch   19000: val: rmse = 7.11e-01, rmse_e = 7.79e-03, rmse_f = 4.84e-02
[2026-04-17 17:06:00,163] DEEPMD INFO    batch   19000: total wall time = 55.28 s, eta = 1:14:37
[2026-04-17 17:06:53,933] DEEPMD INFO    batch   20000: trn: rmse = 6.62e-01, rmse_e = 1.19e-02, rmse_f = 4.51e-02, lr = 2.15e-04
[2026-04-17 17:06:53,933] DEEPMD INFO    batch   20000: val: rmse = 6.40e-01, rmse_e = 9.27e-03, rmse_f = 4.36e-02
[2026-04-17 17:06:53,933] DEEPMD INFO    batch   20000: total wall time = 53.77 s, eta = 1:11:41
[2026-04-17 17:06:53,961] DEEPMD INFO    Saved model to model.ckpt-20000.pt
[2026-04-17 17:07:48,413] DEEPMD INFO    batch   21000: trn: rmse = 3.66e-01, rmse_e = 2.46e-03, rmse_f = 3.22e-02, lr = 1.29e-04
[2026-04-17 17:07:48,414] DEEPMD INFO    batch   21000: val: rmse = 5.04e-01, rmse_e = 1.98e-03, rmse_f = 4.43e-02
[2026-04-17 17:07:48,414] DEEPMD INFO    batch   21000: total wall time = 54.48 s, eta = 1:11:43
[2026-04-17 17:08:43,596] DEEPMD INFO    batch   22000: trn: rmse = 4.02e-01, rmse_e = 9.89e-03, rmse_f = 3.53e-02, lr = 1.29e-04
[2026-04-17 17:08:43,596] DEEPMD INFO    batch   22000: val: rmse = 4.64e-01, rmse_e = 1.27e-02, rmse_f = 4.07e-02
[2026-04-17 17:08:43,597] DEEPMD INFO    batch   22000: total wall time = 55.18 s, eta = 1:11:44
[2026-04-17 17:09:37,890] DEEPMD INFO    batch   23000: trn: rmse = 5.42e-01, rmse_e = 3.17e-03, rmse_f = 4.76e-02, lr = 1.29e-04
[2026-04-17 17:09:37,890] DEEPMD INFO    batch   23000: val: rmse = 4.22e-01, rmse_e = 3.95e-03, rmse_f = 3.71e-02
[2026-04-17 17:09:37,890] DEEPMD INFO    batch   23000: total wall time = 54.29 s, eta = 1:09:40
[2026-04-17 17:10:33,389] DEEPMD INFO    batch   24000: trn: rmse = 3.93e-01, rmse_e = 3.45e-03, rmse_f = 3.45e-02, lr = 1.29e-04
[2026-04-17 17:10:33,390] DEEPMD INFO    batch   24000: val: rmse = 3.79e-01, rmse_e = 8.66e-04, rmse_f = 3.33e-02
[2026-04-17 17:10:33,390] DEEPMD INFO    batch   24000: total wall time = 55.50 s, eta = 1:10:17
[2026-04-17 17:11:28,420] DEEPMD INFO    batch   25000: trn: rmse = 3.73e-01, rmse_e = 7.15e-03, rmse_f = 3.28e-02, lr = 1.29e-04
[2026-04-17 17:11:28,421] DEEPMD INFO    batch   25000: val: rmse = 4.72e-01, rmse_e = 5.53e-03, rmse_f = 4.14e-02
[2026-04-17 17:11:28,421] DEEPMD INFO    batch   25000: total wall time = 55.03 s, eta = 1:08:47
[2026-04-17 17:12:23,362] DEEPMD INFO    batch   26000: trn: rmse = 3.14e-01, rmse_e = 3.28e-03, rmse_f = 3.56e-02, lr = 7.70e-05
[2026-04-17 17:12:23,362] DEEPMD INFO    batch   26000: val: rmse = 2.79e-01, rmse_e = 4.34e-03, rmse_f = 3.16e-02
[2026-04-17 17:12:23,363] DEEPMD INFO    batch   26000: total wall time = 54.94 s, eta = 1:07:45
[2026-04-17 17:13:17,688] DEEPMD INFO    batch   27000: trn: rmse = 2.63e-01, rmse_e = 4.76e-03, rmse_f = 2.98e-02, lr = 7.70e-05
[2026-04-17 17:13:17,688] DEEPMD INFO    batch   27000: val: rmse = 2.46e-01, rmse_e = 4.36e-03, rmse_f = 2.78e-02
[2026-04-17 17:13:17,688] DEEPMD INFO    batch   27000: total wall time = 54.33 s, eta = 1:06:05
[2026-04-17 17:14:12,050] DEEPMD INFO    batch   28000: trn: rmse = 2.87e-01, rmse_e = 5.58e-03, rmse_f = 3.25e-02, lr = 7.70e-05
[2026-04-17 17:14:12,050] DEEPMD INFO    batch   28000: val: rmse = 2.88e-01, rmse_e = 3.29e-03, rmse_f = 3.27e-02
[2026-04-17 17:14:12,051] DEEPMD INFO    batch   28000: total wall time = 54.36 s, eta = 1:05:14
[2026-04-17 17:15:07,285] DEEPMD INFO    batch   29000: trn: rmse = 3.36e-01, rmse_e = 1.02e-03, rmse_f = 3.81e-02, lr = 7.70e-05
[2026-04-17 17:15:07,286] DEEPMD INFO    batch   29000: val: rmse = 2.85e-01, rmse_e = 3.48e-03, rmse_f = 3.23e-02
[2026-04-17 17:15:07,286] DEEPMD INFO    batch   29000: total wall time = 55.24 s, eta = 1:05:21
[2026-04-17 17:16:00,915] DEEPMD INFO    batch   30000: trn: rmse = 2.30e-01, rmse_e = 1.19e-03, rmse_f = 2.61e-02, lr = 7.70e-05
[2026-04-17 17:16:00,915] DEEPMD INFO    batch   30000: val: rmse = 3.59e-01, rmse_e = 5.88e-04, rmse_f = 4.07e-02
[2026-04-17 17:16:00,916] DEEPMD INFO    batch   30000: total wall time = 53.63 s, eta = 1:02:34
[2026-04-17 17:16:00,943] DEEPMD INFO    Saved model to model.ckpt-30000.pt
[2026-04-17 17:16:54,827] DEEPMD INFO    batch   31000: trn: rmse = 1.68e-01, rmse_e = 8.27e-04, rmse_f = 2.45e-02, lr = 4.61e-05
[2026-04-17 17:16:54,828] DEEPMD INFO    batch   31000: val: rmse = 2.03e-01, rmse_e = 1.43e-03, rmse_f = 2.96e-02
[2026-04-17 17:16:54,828] DEEPMD INFO    batch   31000: total wall time = 53.91 s, eta = 1:01:59
[2026-04-17 17:17:49,862] DEEPMD INFO    batch   32000: trn: rmse = 1.51e-01, rmse_e = 1.82e-03, rmse_f = 2.20e-02, lr = 4.61e-05
[2026-04-17 17:17:49,862] DEEPMD INFO    batch   32000: val: rmse = 2.83e-01, rmse_e = 2.11e-03, rmse_f = 4.13e-02
[2026-04-17 17:17:49,862] DEEPMD INFO    batch   32000: total wall time = 55.03 s, eta = 1:02:22
[2026-04-17 17:18:44,852] DEEPMD INFO    batch   33000: trn: rmse = 2.30e-01, rmse_e = 1.39e-03, rmse_f = 3.35e-02, lr = 4.61e-05
[2026-04-17 17:18:44,852] DEEPMD INFO    batch   33000: val: rmse = 1.70e-01, rmse_e = 1.51e-03, rmse_f = 2.47e-02
[2026-04-17 17:18:44,852] DEEPMD INFO    batch   33000: total wall time = 54.99 s, eta = 1:01:24
[2026-04-17 17:19:39,366] DEEPMD INFO    batch   34000: trn: rmse = 2.02e-01, rmse_e = 3.13e-03, rmse_f = 2.94e-02, lr = 4.61e-05
[2026-04-17 17:19:39,366] DEEPMD INFO    batch   34000: val: rmse = 2.12e-01, rmse_e = 4.58e-03, rmse_f = 3.09e-02
[2026-04-17 17:19:39,367] DEEPMD INFO    batch   34000: total wall time = 54.51 s, eta = 0:59:57
[2026-04-17 17:20:33,280] DEEPMD INFO    batch   35000: trn: rmse = 1.33e-01, rmse_e = 9.14e-04, rmse_f = 1.93e-02, lr = 4.61e-05
[2026-04-17 17:20:33,281] DEEPMD INFO    batch   35000: val: rmse = 1.76e-01, rmse_e = 2.44e-03, rmse_f = 2.56e-02
[2026-04-17 17:20:33,281] DEEPMD INFO    batch   35000: total wall time = 53.91 s, eta = 0:58:24
[2026-04-17 17:21:27,117] DEEPMD INFO    batch   36000: trn: rmse = 1.38e-01, rmse_e = 6.97e-04, rmse_f = 2.58e-02, lr = 2.76e-05
[2026-04-17 17:21:27,118] DEEPMD INFO    batch   36000: val: rmse = 1.55e-01, rmse_e = 1.65e-03, rmse_f = 2.90e-02
[2026-04-17 17:21:27,118] DEEPMD INFO    batch   36000: total wall time = 53.84 s, eta = 0:57:25
[2026-04-17 17:22:22,819] DEEPMD INFO    batch   37000: trn: rmse = 1.30e-01, rmse_e = 1.17e-03, rmse_f = 2.43e-02, lr = 2.76e-05
[2026-04-17 17:22:22,819] DEEPMD INFO    batch   37000: val: rmse = 1.34e-01, rmse_e = 5.75e-04, rmse_f = 2.50e-02
[2026-04-17 17:22:22,820] DEEPMD INFO    batch   37000: total wall time = 55.70 s, eta = 0:58:29
[2026-04-17 17:23:17,246] DEEPMD INFO    batch   38000: trn: rmse = 1.69e-01, rmse_e = 4.58e-04, rmse_f = 3.16e-02, lr = 2.76e-05
[2026-04-17 17:23:17,246] DEEPMD INFO    batch   38000: val: rmse = 1.69e-01, rmse_e = 1.30e-03, rmse_f = 3.16e-02
[2026-04-17 17:23:17,247] DEEPMD INFO    batch   38000: total wall time = 54.43 s, eta = 0:56:14
[2026-04-17 17:24:12,355] DEEPMD INFO    batch   39000: trn: rmse = 1.64e-01, rmse_e = 1.66e-03, rmse_f = 3.06e-02, lr = 2.76e-05
[2026-04-17 17:24:12,355] DEEPMD INFO    batch   39000: val: rmse = 1.53e-01, rmse_e = 1.16e-03, rmse_f = 2.87e-02
[2026-04-17 17:24:12,356] DEEPMD INFO    batch   39000: total wall time = 55.11 s, eta = 0:56:01
[2026-04-17 17:25:07,757] DEEPMD INFO    batch   40000: trn: rmse = 1.10e-01, rmse_e = 9.26e-04, rmse_f = 2.06e-02, lr = 2.76e-05
[2026-04-17 17:25:07,758] DEEPMD INFO    batch   40000: val: rmse = 1.31e-01, rmse_e = 1.56e-03, rmse_f = 2.45e-02
[2026-04-17 17:25:07,758] DEEPMD INFO    batch   40000: total wall time = 55.40 s, eta = 0:55:24
[2026-04-17 17:25:07,785] DEEPMD INFO    Saved model to model.ckpt-40000.pt
[2026-04-17 17:26:02,972] DEEPMD INFO    batch   41000: trn: rmse = 1.41e-01, rmse_e = 6.89e-04, rmse_f = 3.38e-02, lr = 1.65e-05
[2026-04-17 17:26:02,973] DEEPMD INFO    batch   41000: val: rmse = 1.01e-01, rmse_e = 5.32e-04, rmse_f = 2.40e-02
[2026-04-17 17:26:02,973] DEEPMD INFO    batch   41000: total wall time = 55.21 s, eta = 0:54:17
[2026-04-17 17:26:57,382] DEEPMD INFO    batch   42000: trn: rmse = 1.06e-01, rmse_e = 9.50e-04, rmse_f = 2.54e-02, lr = 1.65e-05
[2026-04-17 17:26:57,382] DEEPMD INFO    batch   42000: val: rmse = 1.07e-01, rmse_e = 1.22e-03, rmse_f = 2.55e-02
[2026-04-17 17:26:57,383] DEEPMD INFO    batch   42000: total wall time = 54.41 s, eta = 0:52:35
[2026-04-17 17:27:52,058] DEEPMD INFO    batch   43000: trn: rmse = 1.01e-01, rmse_e = 1.20e-03, rmse_f = 2.42e-02, lr = 1.65e-05
[2026-04-17 17:27:52,059] DEEPMD INFO    batch   43000: val: rmse = 1.07e-01, rmse_e = 1.11e-03, rmse_f = 2.57e-02
[2026-04-17 17:27:52,059] DEEPMD INFO    batch   43000: total wall time = 54.68 s, eta = 0:51:56
[2026-04-17 17:28:47,818] DEEPMD INFO    batch   44000: trn: rmse = 1.04e-01, rmse_e = 6.19e-04, rmse_f = 2.48e-02, lr = 1.65e-05
[2026-04-17 17:28:47,819] DEEPMD INFO    batch   44000: val: rmse = 1.27e-01, rmse_e = 1.17e-03, rmse_f = 3.03e-02
[2026-04-17 17:28:47,819] DEEPMD INFO    batch   44000: total wall time = 55.76 s, eta = 0:52:02
[2026-04-17 17:29:43,651] DEEPMD INFO    batch   45000: trn: rmse = 1.26e-01, rmse_e = 8.84e-04, rmse_f = 3.02e-02, lr = 1.65e-05
[2026-04-17 17:29:43,651] DEEPMD INFO    batch   45000: val: rmse = 1.33e-01, rmse_e = 1.27e-03, rmse_f = 3.19e-02
[2026-04-17 17:29:43,652] DEEPMD INFO    batch   45000: total wall time = 55.83 s, eta = 0:51:10
[2026-04-17 17:30:38,412] DEEPMD INFO    batch   46000: trn: rmse = 9.00e-02, rmse_e = 8.14e-04, rmse_f = 2.73e-02, lr = 9.89e-06
[2026-04-17 17:30:38,413] DEEPMD INFO    batch   46000: val: rmse = 1.01e-01, rmse_e = 6.03e-04, rmse_f = 3.07e-02
[2026-04-17 17:30:38,413] DEEPMD INFO    batch   46000: total wall time = 54.76 s, eta = 0:49:17
[2026-04-17 17:31:18,625] DEEPMD INFO    batch   47000: trn: rmse = 1.02e-01, rmse_e = 1.70e-03, rmse_f = 3.09e-02, lr = 9.89e-06
[2026-04-17 17:31:18,625] DEEPMD INFO    batch   47000: val: rmse = 8.09e-02, rmse_e = 1.04e-03, rmse_f = 2.45e-02
[2026-04-17 17:31:18,626] DEEPMD INFO    batch   47000: total wall time = 40.21 s, eta = 0:35:31
[2026-04-17 17:31:43,050] DEEPMD INFO    batch   48000: trn: rmse = 1.16e-01, rmse_e = 7.34e-04, rmse_f = 3.50e-02, lr = 9.89e-06
[2026-04-17 17:31:43,050] DEEPMD INFO    batch   48000: val: rmse = 1.11e-01, rmse_e = 2.04e-03, rmse_f = 3.35e-02
[2026-04-17 17:31:43,051] DEEPMD INFO    batch   48000: total wall time = 24.42 s, eta = 0:21:10
[2026-04-17 17:32:08,055] DEEPMD INFO    batch   49000: trn: rmse = 9.69e-02, rmse_e = 1.74e-03, rmse_f = 2.93e-02, lr = 9.89e-06
[2026-04-17 17:32:08,056] DEEPMD INFO    batch   49000: val: rmse = 8.41e-02, rmse_e = 2.94e-04, rmse_f = 2.55e-02
[2026-04-17 17:32:08,056] DEEPMD INFO    batch   49000: total wall time = 25.01 s, eta = 0:21:15
[2026-04-17 17:32:33,498] DEEPMD INFO    batch   50000: trn: rmse = 1.04e-01, rmse_e = 7.47e-04, rmse_f = 3.15e-02, lr = 9.89e-06
[2026-04-17 17:32:33,499] DEEPMD INFO    batch   50000: val: rmse = 7.99e-02, rmse_e = 1.76e-03, rmse_f = 2.42e-02
[2026-04-17 17:32:33,500] DEEPMD INFO    batch   50000: total wall time = 25.44 s, eta = 0:21:12
[2026-04-17 17:32:33,526] DEEPMD INFO    Saved model to model.ckpt-50000.pt
[2026-04-17 17:32:59,230] DEEPMD INFO    batch   51000: trn: rmse = 6.12e-02, rmse_e = 2.45e-04, rmse_f = 2.33e-02, lr = 5.92e-06
[2026-04-17 17:32:59,231] DEEPMD INFO    batch   51000: val: rmse = 6.15e-02, rmse_e = 1.54e-05, rmse_f = 2.34e-02
[2026-04-17 17:32:59,231] DEEPMD INFO    batch   51000: total wall time = 25.73 s, eta = 0:21:00
[2026-04-17 17:33:23,762] DEEPMD INFO    batch   52000: trn: rmse = 5.43e-02, rmse_e = 2.62e-04, rmse_f = 2.06e-02, lr = 5.92e-06
[2026-04-17 17:33:23,762] DEEPMD INFO    batch   52000: val: rmse = 7.42e-02, rmse_e = 6.30e-04, rmse_f = 2.82e-02
[2026-04-17 17:33:23,763] DEEPMD INFO    batch   52000: total wall time = 24.53 s, eta = 0:19:37
[2026-04-17 17:33:49,172] DEEPMD INFO    batch   53000: trn: rmse = 6.10e-02, rmse_e = 1.12e-03, rmse_f = 2.32e-02, lr = 5.92e-06
[2026-04-17 17:33:49,172] DEEPMD INFO    batch   53000: val: rmse = 5.04e-02, rmse_e = 1.28e-03, rmse_f = 1.91e-02
[2026-04-17 17:33:49,172] DEEPMD INFO    batch   53000: total wall time = 25.41 s, eta = 0:19:54
[2026-04-17 17:34:14,564] DEEPMD INFO    batch   54000: trn: rmse = 6.67e-02, rmse_e = 2.97e-04, rmse_f = 2.54e-02, lr = 5.92e-06
[2026-04-17 17:34:14,565] DEEPMD INFO    batch   54000: val: rmse = 7.74e-02, rmse_e = 9.30e-04, rmse_f = 2.94e-02
[2026-04-17 17:34:14,565] DEEPMD INFO    batch   54000: total wall time = 25.39 s, eta = 0:19:28
[2026-04-17 17:34:39,607] DEEPMD INFO    batch   55000: trn: rmse = 5.46e-02, rmse_e = 8.00e-04, rmse_f = 2.08e-02, lr = 5.92e-06
[2026-04-17 17:34:39,607] DEEPMD INFO    batch   55000: val: rmse = 6.63e-02, rmse_e = 5.74e-04, rmse_f = 2.52e-02
[2026-04-17 17:34:39,608] DEEPMD INFO    batch   55000: total wall time = 25.04 s, eta = 0:18:46
[2026-04-17 17:35:04,542] DEEPMD INFO    batch   56000: trn: rmse = 4.93e-02, rmse_e = 4.97e-04, rmse_f = 2.31e-02, lr = 3.55e-06
[2026-04-17 17:35:04,542] DEEPMD INFO    batch   56000: val: rmse = 6.30e-02, rmse_e = 6.35e-04, rmse_f = 2.95e-02
[2026-04-17 17:35:04,542] DEEPMD INFO    batch   56000: total wall time = 24.93 s, eta = 0:18:17
[2026-04-17 17:35:29,868] DEEPMD INFO    batch   57000: trn: rmse = 5.76e-02, rmse_e = 5.70e-04, rmse_f = 2.70e-02, lr = 3.55e-06
[2026-04-17 17:35:29,868] DEEPMD INFO    batch   57000: val: rmse = 6.85e-02, rmse_e = 1.34e-03, rmse_f = 3.21e-02
[2026-04-17 17:35:29,868] DEEPMD INFO    batch   57000: total wall time = 25.33 s, eta = 0:18:09
[2026-04-17 17:35:54,533] DEEPMD INFO    batch   58000: trn: rmse = 3.87e-02, rmse_e = 4.53e-04, rmse_f = 1.82e-02, lr = 3.55e-06
[2026-04-17 17:35:54,534] DEEPMD INFO    batch   58000: val: rmse = 4.63e-02, rmse_e = 3.18e-04, rmse_f = 2.17e-02
[2026-04-17 17:35:54,534] DEEPMD INFO    batch   58000: total wall time = 24.67 s, eta = 0:17:15
[2026-04-17 17:36:18,507] DEEPMD INFO    batch   59000: trn: rmse = 5.51e-02, rmse_e = 5.03e-04, rmse_f = 2.59e-02, lr = 3.55e-06
[2026-04-17 17:36:18,507] DEEPMD INFO    batch   59000: val: rmse = 5.73e-02, rmse_e = 8.23e-04, rmse_f = 2.69e-02
[2026-04-17 17:36:18,507] DEEPMD INFO    batch   59000: total wall time = 23.97 s, eta = 0:16:22
[2026-04-17 17:36:43,777] DEEPMD INFO    batch   60000: trn: rmse = 5.33e-02, rmse_e = 6.81e-04, rmse_f = 2.50e-02, lr = 3.55e-06
[2026-04-17 17:36:43,777] DEEPMD INFO    batch   60000: val: rmse = 3.69e-02, rmse_e = 4.05e-04, rmse_f = 1.73e-02
[2026-04-17 17:36:43,777] DEEPMD INFO    batch   60000: total wall time = 25.27 s, eta = 0:16:50
[2026-04-17 17:36:43,804] DEEPMD INFO    Saved model to model.ckpt-60000.pt
[2026-04-17 17:37:08,544] DEEPMD INFO    batch   61000: trn: rmse = 5.05e-02, rmse_e = 5.85e-04, rmse_f = 2.86e-02, lr = 2.12e-06
[2026-04-17 17:37:08,544] DEEPMD INFO    batch   61000: val: rmse = 4.87e-02, rmse_e = 4.09e-04, rmse_f = 2.76e-02
[2026-04-17 17:37:08,544] DEEPMD INFO    batch   61000: total wall time = 24.77 s, eta = 0:16:05
[2026-04-17 17:37:33,161] DEEPMD INFO    batch   62000: trn: rmse = 4.56e-02, rmse_e = 5.55e-04, rmse_f = 2.58e-02, lr = 2.12e-06
[2026-04-17 17:37:33,161] DEEPMD INFO    batch   62000: val: rmse = 4.88e-02, rmse_e = 6.69e-04, rmse_f = 2.76e-02
[2026-04-17 17:37:33,162] DEEPMD INFO    batch   62000: total wall time = 24.62 s, eta = 0:15:35
[2026-04-17 17:37:58,322] DEEPMD INFO    batch   63000: trn: rmse = 4.05e-02, rmse_e = 1.33e-03, rmse_f = 2.28e-02, lr = 2.12e-06
[2026-04-17 17:37:58,322] DEEPMD INFO    batch   63000: val: rmse = 3.79e-02, rmse_e = 9.02e-04, rmse_f = 2.14e-02
[2026-04-17 17:37:58,322] DEEPMD INFO    batch   63000: total wall time = 25.16 s, eta = 0:15:30
[2026-04-17 17:38:23,498] DEEPMD INFO    batch   64000: trn: rmse = 4.12e-02, rmse_e = 3.75e-04, rmse_f = 2.33e-02, lr = 2.12e-06
[2026-04-17 17:38:23,499] DEEPMD INFO    batch   64000: val: rmse = 5.26e-02, rmse_e = 8.30e-04, rmse_f = 2.98e-02
[2026-04-17 17:38:23,499] DEEPMD INFO    batch   64000: total wall time = 25.18 s, eta = 0:15:06
[2026-04-17 17:38:47,060] DEEPMD INFO    batch   65000: trn: rmse = 4.88e-02, rmse_e = 1.27e-03, rmse_f = 2.76e-02, lr = 2.12e-06
[2026-04-17 17:38:47,061] DEEPMD INFO    batch   65000: val: rmse = 3.14e-02, rmse_e = 5.82e-04, rmse_f = 1.77e-02
[2026-04-17 17:38:47,061] DEEPMD INFO    batch   65000: total wall time = 23.56 s, eta = 0:13:44
[2026-04-17 17:39:11,949] DEEPMD INFO    batch   66000: trn: rmse = 4.98e-02, rmse_e = 1.47e-03, rmse_f = 3.30e-02, lr = 1.27e-06
[2026-04-17 17:39:11,949] DEEPMD INFO    batch   66000: val: rmse = 3.89e-02, rmse_e = 1.85e-04, rmse_f = 2.58e-02
[2026-04-17 17:39:11,949] DEEPMD INFO    batch   66000: total wall time = 24.89 s, eta = 0:14:06
[2026-04-17 17:39:37,215] DEEPMD INFO    batch   67000: trn: rmse = 3.29e-02, rmse_e = 1.92e-04, rmse_f = 2.18e-02, lr = 1.27e-06
[2026-04-17 17:39:37,216] DEEPMD INFO    batch   67000: val: rmse = 3.50e-02, rmse_e = 1.96e-04, rmse_f = 2.32e-02
[2026-04-17 17:39:37,216] DEEPMD INFO    batch   67000: total wall time = 25.27 s, eta = 0:13:53
[2026-04-17 17:40:03,060] DEEPMD INFO    batch   68000: trn: rmse = 4.16e-02, rmse_e = 1.09e-03, rmse_f = 2.75e-02, lr = 1.27e-06
[2026-04-17 17:40:03,060] DEEPMD INFO    batch   68000: val: rmse = 4.90e-02, rmse_e = 8.94e-04, rmse_f = 3.25e-02
[2026-04-17 17:40:03,060] DEEPMD INFO    batch   68000: total wall time = 25.84 s, eta = 0:13:47
[2026-04-17 17:40:28,411] DEEPMD INFO    batch   69000: trn: rmse = 3.46e-02, rmse_e = 3.77e-04, rmse_f = 2.29e-02, lr = 1.27e-06
[2026-04-17 17:40:28,411] DEEPMD INFO    batch   69000: val: rmse = 4.42e-02, rmse_e = 1.35e-03, rmse_f = 2.93e-02
[2026-04-17 17:40:28,411] DEEPMD INFO    batch   69000: total wall time = 25.35 s, eta = 0:13:05
[2026-04-17 17:40:53,829] DEEPMD INFO    batch   70000: trn: rmse = 4.20e-02, rmse_e = 7.66e-04, rmse_f = 2.78e-02, lr = 1.27e-06
[2026-04-17 17:40:53,829] DEEPMD INFO    batch   70000: val: rmse = 4.17e-02, rmse_e = 9.44e-04, rmse_f = 2.76e-02
[2026-04-17 17:40:53,829] DEEPMD INFO    batch   70000: total wall time = 25.42 s, eta = 0:12:42
[2026-04-17 17:40:53,857] DEEPMD INFO    Saved model to model.ckpt-70000.pt
[2026-04-17 17:41:18,357] DEEPMD INFO    batch   71000: trn: rmse = 3.09e-02, rmse_e = 5.27e-04, rmse_f = 2.33e-02, lr = 7.62e-07
[2026-04-17 17:41:18,357] DEEPMD INFO    batch   71000: val: rmse = 4.52e-02, rmse_e = 1.00e-03, rmse_f = 3.40e-02
[2026-04-17 17:41:18,357] DEEPMD INFO    batch   71000: total wall time = 24.53 s, eta = 0:11:51
[2026-04-17 17:41:43,461] DEEPMD INFO    batch   72000: trn: rmse = 3.61e-02, rmse_e = 4.37e-04, rmse_f = 2.72e-02, lr = 7.62e-07
[2026-04-17 17:41:43,461] DEEPMD INFO    batch   72000: val: rmse = 2.48e-02, rmse_e = 3.59e-04, rmse_f = 1.87e-02
[2026-04-17 17:41:43,461] DEEPMD INFO    batch   72000: total wall time = 25.10 s, eta = 0:11:42
[2026-04-17 17:42:08,713] DEEPMD INFO    batch   73000: trn: rmse = 3.10e-02, rmse_e = 7.85e-04, rmse_f = 2.33e-02, lr = 7.62e-07
[2026-04-17 17:42:08,713] DEEPMD INFO    batch   73000: val: rmse = 3.37e-02, rmse_e = 3.82e-04, rmse_f = 2.54e-02
[2026-04-17 17:42:08,714] DEEPMD INFO    batch   73000: total wall time = 25.25 s, eta = 0:11:21
[2026-04-17 17:42:33,976] DEEPMD INFO    batch   74000: trn: rmse = 2.72e-02, rmse_e = 3.12e-04, rmse_f = 2.05e-02, lr = 7.62e-07
[2026-04-17 17:42:33,976] DEEPMD INFO    batch   74000: val: rmse = 4.12e-02, rmse_e = 4.33e-04, rmse_f = 3.10e-02
[2026-04-17 17:42:33,976] DEEPMD INFO    batch   74000: total wall time = 25.26 s, eta = 0:10:56
[2026-04-17 17:42:59,522] DEEPMD INFO    batch   75000: trn: rmse = 3.07e-02, rmse_e = 6.18e-04, rmse_f = 2.31e-02, lr = 7.62e-07
[2026-04-17 17:42:59,523] DEEPMD INFO    batch   75000: val: rmse = 3.14e-02, rmse_e = 8.74e-04, rmse_f = 2.36e-02
[2026-04-17 17:42:59,523] DEEPMD INFO    batch   75000: total wall time = 25.55 s, eta = 0:10:38
[2026-04-17 17:43:24,671] DEEPMD INFO    batch   76000: trn: rmse = 3.39e-02, rmse_e = 9.48e-04, rmse_f = 2.80e-02, lr = 4.56e-07
[2026-04-17 17:43:24,671] DEEPMD INFO    batch   76000: val: rmse = 3.34e-02, rmse_e = 4.53e-04, rmse_f = 2.77e-02
[2026-04-17 17:43:24,672] DEEPMD INFO    batch   76000: total wall time = 25.15 s, eta = 0:10:03
[2026-04-17 17:43:49,189] DEEPMD INFO    batch   77000: trn: rmse = 2.65e-02, rmse_e = 2.18e-04, rmse_f = 2.20e-02, lr = 4.56e-07
[2026-04-17 17:43:49,190] DEEPMD INFO    batch   77000: val: rmse = 3.11e-02, rmse_e = 2.47e-04, rmse_f = 2.58e-02
[2026-04-17 17:43:49,190] DEEPMD INFO    batch   77000: total wall time = 24.52 s, eta = 0:09:23
[2026-04-17 17:44:14,485] DEEPMD INFO    batch   78000: trn: rmse = 2.14e-02, rmse_e = 2.80e-04, rmse_f = 1.77e-02, lr = 4.56e-07
[2026-04-17 17:44:14,485] DEEPMD INFO    batch   78000: val: rmse = 2.72e-02, rmse_e = 1.93e-04, rmse_f = 2.26e-02
[2026-04-17 17:44:14,486] DEEPMD INFO    batch   78000: total wall time = 25.30 s, eta = 0:09:16
[2026-04-17 17:44:40,173] DEEPMD INFO    batch   79000: trn: rmse = 2.28e-02, rmse_e = 1.16e-04, rmse_f = 1.89e-02, lr = 4.56e-07
[2026-04-17 17:44:40,173] DEEPMD INFO    batch   79000: val: rmse = 2.69e-02, rmse_e = 8.99e-04, rmse_f = 2.22e-02
[2026-04-17 17:44:40,173] DEEPMD INFO    batch   79000: total wall time = 25.69 s, eta = 0:08:59
[2026-04-17 17:45:04,749] DEEPMD INFO    batch   80000: trn: rmse = 2.29e-02, rmse_e = 3.01e-04, rmse_f = 1.90e-02, lr = 4.56e-07
[2026-04-17 17:45:04,749] DEEPMD INFO    batch   80000: val: rmse = 2.65e-02, rmse_e = 4.98e-04, rmse_f = 2.19e-02
[2026-04-17 17:45:04,750] DEEPMD INFO    batch   80000: total wall time = 24.58 s, eta = 0:08:11
[2026-04-17 17:45:04,777] DEEPMD INFO    Saved model to model.ckpt-80000.pt
[2026-04-17 17:45:30,215] DEEPMD INFO    batch   81000: trn: rmse = 3.15e-02, rmse_e = 5.53e-04, rmse_f = 2.78e-02, lr = 2.73e-07
[2026-04-17 17:45:30,215] DEEPMD INFO    batch   81000: val: rmse = 3.26e-02, rmse_e = 4.97e-04, rmse_f = 2.89e-02
[2026-04-17 17:45:30,216] DEEPMD INFO    batch   81000: total wall time = 25.47 s, eta = 0:08:03
[2026-04-17 17:45:55,956] DEEPMD INFO    batch   82000: trn: rmse = 1.72e-02, rmse_e = 2.53e-04, rmse_f = 1.52e-02, lr = 2.73e-07
[2026-04-17 17:45:55,956] DEEPMD INFO    batch   82000: val: rmse = 2.64e-02, rmse_e = 8.58e-04, rmse_f = 2.33e-02
[2026-04-17 17:45:55,957] DEEPMD INFO    batch   82000: total wall time = 25.74 s, eta = 0:07:43
[2026-04-17 17:46:21,152] DEEPMD INFO    batch   83000: trn: rmse = 2.17e-02, rmse_e = 2.75e-04, rmse_f = 1.92e-02, lr = 2.73e-07
[2026-04-17 17:46:21,152] DEEPMD INFO    batch   83000: val: rmse = 3.19e-02, rmse_e = 5.34e-04, rmse_f = 2.83e-02
[2026-04-17 17:46:21,153] DEEPMD INFO    batch   83000: total wall time = 25.20 s, eta = 0:07:08
[2026-04-17 17:46:46,608] DEEPMD INFO    batch   84000: trn: rmse = 2.96e-02, rmse_e = 6.76e-04, rmse_f = 2.62e-02, lr = 2.73e-07
[2026-04-17 17:46:46,609] DEEPMD INFO    batch   84000: val: rmse = 3.41e-02, rmse_e = 1.39e-03, rmse_f = 3.00e-02
[2026-04-17 17:46:46,609] DEEPMD INFO    batch   84000: total wall time = 25.46 s, eta = 0:06:47
[2026-04-17 17:47:11,684] DEEPMD INFO    batch   85000: trn: rmse = 2.67e-02, rmse_e = 6.39e-04, rmse_f = 2.36e-02, lr = 2.73e-07
[2026-04-17 17:47:11,685] DEEPMD INFO    batch   85000: val: rmse = 2.40e-02, rmse_e = 8.97e-04, rmse_f = 2.12e-02
[2026-04-17 17:47:11,685] DEEPMD INFO    batch   85000: total wall time = 25.08 s, eta = 0:06:16
[2026-04-17 17:47:37,082] DEEPMD INFO    batch   86000: trn: rmse = 2.75e-02, rmse_e = 6.12e-04, rmse_f = 2.55e-02, lr = 1.63e-07
[2026-04-17 17:47:37,082] DEEPMD INFO    batch   86000: val: rmse = 2.60e-02, rmse_e = 6.49e-04, rmse_f = 2.40e-02
[2026-04-17 17:47:37,083] DEEPMD INFO    batch   86000: total wall time = 25.40 s, eta = 0:05:55
[2026-04-17 17:48:02,258] DEEPMD INFO    batch   87000: trn: rmse = 2.07e-02, rmse_e = 5.32e-04, rmse_f = 1.91e-02, lr = 1.63e-07
[2026-04-17 17:48:02,258] DEEPMD INFO    batch   87000: val: rmse = 2.57e-02, rmse_e = 7.41e-04, rmse_f = 2.37e-02
[2026-04-17 17:48:02,258] DEEPMD INFO    batch   87000: total wall time = 25.18 s, eta = 0:05:27
[2026-04-17 17:48:26,465] DEEPMD INFO    batch   88000: trn: rmse = 2.82e-02, rmse_e = 8.47e-04, rmse_f = 2.60e-02, lr = 1.63e-07
[2026-04-17 17:48:26,466] DEEPMD INFO    batch   88000: val: rmse = 2.22e-02, rmse_e = 4.72e-04, rmse_f = 2.06e-02
[2026-04-17 17:48:26,466] DEEPMD INFO    batch   88000: total wall time = 24.21 s, eta = 0:04:50
[2026-04-17 17:48:50,439] DEEPMD INFO    batch   89000: trn: rmse = 3.16e-02, rmse_e = 7.58e-04, rmse_f = 2.92e-02, lr = 1.63e-07
[2026-04-17 17:48:50,439] DEEPMD INFO    batch   89000: val: rmse = 3.23e-02, rmse_e = 7.52e-04, rmse_f = 2.99e-02
[2026-04-17 17:48:50,439] DEEPMD INFO    batch   89000: total wall time = 23.97 s, eta = 0:04:23
[2026-04-17 17:49:15,673] DEEPMD INFO    batch   90000: trn: rmse = 2.99e-02, rmse_e = 6.14e-04, rmse_f = 2.77e-02, lr = 1.63e-07
[2026-04-17 17:49:15,673] DEEPMD INFO    batch   90000: val: rmse = 1.89e-02, rmse_e = 5.00e-04, rmse_f = 1.75e-02
[2026-04-17 17:49:15,674] DEEPMD INFO    batch   90000: total wall time = 25.23 s, eta = 0:04:12
[2026-04-17 17:49:15,701] DEEPMD INFO    Saved model to model.ckpt-90000.pt
[2026-04-17 17:49:41,100] DEEPMD INFO    batch   91000: trn: rmse = 2.56e-02, rmse_e = 5.82e-04, rmse_f = 2.43e-02, lr = 9.79e-08
[2026-04-17 17:49:41,100] DEEPMD INFO    batch   91000: val: rmse = 2.45e-02, rmse_e = 5.26e-04, rmse_f = 2.33e-02
[2026-04-17 17:49:41,101] DEEPMD INFO    batch   91000: total wall time = 25.43 s, eta = 0:03:48
[2026-04-17 17:50:07,247] DEEPMD INFO    batch   92000: trn: rmse = 2.33e-02, rmse_e = 5.75e-04, rmse_f = 2.21e-02, lr = 9.79e-08
[2026-04-17 17:50:07,248] DEEPMD INFO    batch   92000: val: rmse = 2.45e-02, rmse_e = 8.88e-04, rmse_f = 2.33e-02
[2026-04-17 17:50:07,248] DEEPMD INFO    batch   92000: total wall time = 26.15 s, eta = 0:03:29
[2026-04-17 17:50:32,731] DEEPMD INFO    batch   93000: trn: rmse = 2.67e-02, rmse_e = 5.10e-04, rmse_f = 2.55e-02, lr = 9.79e-08
[2026-04-17 17:50:32,731] DEEPMD INFO    batch   93000: val: rmse = 2.60e-02, rmse_e = 6.32e-04, rmse_f = 2.47e-02
[2026-04-17 17:50:32,732] DEEPMD INFO    batch   93000: total wall time = 25.48 s, eta = 0:02:58
[2026-04-17 17:50:57,815] DEEPMD INFO    batch   94000: trn: rmse = 2.28e-02, rmse_e = 3.05e-04, rmse_f = 2.18e-02, lr = 9.79e-08
[2026-04-17 17:50:57,815] DEEPMD INFO    batch   94000: val: rmse = 2.54e-02, rmse_e = 4.84e-04, rmse_f = 2.42e-02
[2026-04-17 17:50:57,815] DEEPMD INFO    batch   94000: total wall time = 25.08 s, eta = 0:02:30
[2026-04-17 17:51:22,677] DEEPMD INFO    batch   95000: trn: rmse = 3.18e-02, rmse_e = 1.49e-03, rmse_f = 3.01e-02, lr = 9.79e-08
[2026-04-17 17:51:22,678] DEEPMD INFO    batch   95000: val: rmse = 2.77e-02, rmse_e = 5.60e-04, rmse_f = 2.64e-02
[2026-04-17 17:51:22,678] DEEPMD INFO    batch   95000: total wall time = 24.86 s, eta = 0:02:04
[2026-04-17 17:51:48,158] DEEPMD INFO    batch   96000: trn: rmse = 2.47e-02, rmse_e = 4.11e-04, rmse_f = 2.40e-02, lr = 5.86e-08
[2026-04-17 17:51:48,159] DEEPMD INFO    batch   96000: val: rmse = 2.24e-02, rmse_e = 7.27e-04, rmse_f = 2.17e-02
[2026-04-17 17:51:48,159] DEEPMD INFO    batch   96000: total wall time = 25.48 s, eta = 0:01:41
[2026-04-17 17:52:13,630] DEEPMD INFO    batch   97000: trn: rmse = 1.89e-02, rmse_e = 6.89e-04, rmse_f = 1.83e-02, lr = 5.86e-08
[2026-04-17 17:52:13,631] DEEPMD INFO    batch   97000: val: rmse = 2.19e-02, rmse_e = 3.84e-04, rmse_f = 2.12e-02
[2026-04-17 17:52:13,631] DEEPMD INFO    batch   97000: total wall time = 25.47 s, eta = 0:01:16
[2026-04-17 17:52:38,976] DEEPMD INFO    batch   98000: trn: rmse = 2.09e-02, rmse_e = 2.67e-04, rmse_f = 2.03e-02, lr = 5.86e-08
[2026-04-17 17:52:38,976] DEEPMD INFO    batch   98000: val: rmse = 2.35e-02, rmse_e = 9.98e-04, rmse_f = 2.27e-02
[2026-04-17 17:52:38,976] DEEPMD INFO    batch   98000: total wall time = 25.35 s, eta = 0:00:50
[2026-04-17 17:53:03,510] DEEPMD INFO    batch   99000: trn: rmse = 2.17e-02, rmse_e = 4.48e-04, rmse_f = 2.10e-02, lr = 5.86e-08
[2026-04-17 17:53:03,510] DEEPMD INFO    batch   99000: val: rmse = 2.85e-02, rmse_e = 1.14e-03, rmse_f = 2.75e-02
[2026-04-17 17:53:03,511] DEEPMD INFO    batch   99000: total wall time = 24.53 s, eta = 0:00:24
[2026-04-17 17:53:27,866] DEEPMD INFO    batch  100000: trn: rmse = 2.84e-02, rmse_e = 9.75e-04, rmse_f = 2.74e-02, lr = 5.86e-08
[2026-04-17 17:53:27,867] DEEPMD INFO    batch  100000: val: rmse = 2.35e-02, rmse_e = 6.27e-04, rmse_f = 2.28e-02
[2026-04-17 17:53:27,867] DEEPMD INFO    batch  100000: total wall time = 24.36 s, eta = 0:00:00
[2026-04-17 17:53:27,897] DEEPMD INFO    Saved model to model.ckpt-100000.pt
[2026-04-17 17:53:27,899] DEEPMD INFO    average training time: 0.0387 s/batch (1000 batches excluded)
[2026-04-17 17:53:27,899] DEEPMD INFO    Trained model has been saved to: model.ckpt
2026-04-17 17:53:28,709 - sparc.src.deepmd - INFO - Training completed successfully
2026-04-17 17:53:28,709 - INFO - Training completed successfully
[SPARC][INFO] Freezing model: dp --pt freeze -o frozen_model_1.pth
To get the best performance, it is recommended to adjust the number of threads by setting the environment variables OMP_NUM_THREADS, DP_INTRA_OP_PARALLELISM_THREADS, and DP_INTER_OP_PARALLELISM_THREADS. See https://deepmd.rtfd.io/parallelism/ for more information.
/home/rverma7/anaconda3/envs/sparcGNN/lib/python3.10/site-packages/e3nn/o3/_wigner.py:10: UserWarning: Environment variable TORCH_FORCE_NO_WEIGHTS_ONLY_LOAD detected, since the`weights_only` argument was not explicitly passed to `torch.load`, forcing weights_only=False.
  _Jd, _W3j_flat, _W3j_indices = torch.load(os.path.join(os.path.dirname(__file__), 'constants.pt'))
/home/rverma7/anaconda3/envs/sparcGNN/lib/python3.10/site-packages/nequip/__init__.py:20: UserWarning: !! PyTorch version 2.6.0 found. Upstream issues in PyTorch versions 1.13.* and 2.* have been seen to cause unusual performance degredations on some CUDA systems that become worse over time; see https://github.com/mir-group/nequip/discussions/311. The best tested PyTorch version to use with CUDA devices is 1.11; while using other versions if you observe this problem, an unexpected lack of this problem, or other strange behavior, please post in the linked GitHub issue.
  warnings.warn(
[2026-04-17 17:53:31,398] DEEPMD INFO    DeePMD version: 3.1.1
[2026-04-17 17:53:32,090] DEEPMD INFO    Saved frozen model to frozen_model_1.pth
2026-04-17 17:53:32,771 - sparc.src.deepmd - INFO - Model frozen successfully
2026-04-17 17:53:32,771 - INFO - Model frozen successfully
[SPARC][INFO] ================================================================================
[SPARC][INFO] DeepMD Model Evaluation Results
[SPARC][INFO] --------------------------------------------------------------------------------
[SPARC][INFO] [2026-04-17 17:53:34,256] DEEPMD WARNING To get the best performance, it is recommended to adjust the number of threads by setting the environment variables OMP_NUM_THREADS, DP_INTRA_OP_PARALLELISM_THREADS, and DP_INTER_OP_PARALLELISM_THREADS. See https://deepmd.rtfd.io/parallelism/ for more information.
/home/rverma7/anaconda3/envs/sparcGNN/lib/python3.10/site-packages/e3nn/o3/_wigner.py:10: UserWarning: Environment variable TORCH_FORCE_NO_WEIGHTS_ONLY_LOAD detected, since the`weights_only` argument was not explicitly passed to `torch.load`, forcing weights_only=False.
  _Jd, _W3j_flat, _W3j_indices = torch.load(os.path.join(os.path.dirname(__file__), 'constants.pt'))
/home/rverma7/anaconda3/envs/sparcGNN/lib/python3.10/site-packages/nequip/__init__.py:20: UserWarning: !! PyTorch version 2.6.0 found. Upstream issues in PyTorch versions 1.13.* and 2.* have been seen to cause unusual performance degredations on some CUDA systems that become worse over time; see https://github.com/mir-group/nequip/discussions/311. The best tested PyTorch version to use with CUDA devices is 1.11; while using other versions if you observe this problem, an unexpected lack of this problem, or other strange behavior, please post in the linked GitHub issue.
  warnings.warn(
[2026-04-17 17:53:36,098] DEEPMD INFO    # ---------------output of dp test--------------- 
[2026-04-17 17:53:36,098] DEEPMD INFO    # testing system : /home/rverma7/My_Program/0.3_sparc/examples/CP2K/workflow/DeePMD_training/00.data/validation_data
[2026-04-17 17:53:37,126] DEEPMD INFO    # number of test data : 49 
[2026-04-17 17:53:37,126] DEEPMD INFO    Energy MAE         : 4.004218e-03 eV
[2026-04-17 17:53:37,126] DEEPMD INFO    Energy RMSE        : 5.221195e-03 eV
[2026-04-17 17:53:37,126] DEEPMD INFO    Energy MAE/Natoms  : 5.005272e-04 eV
[2026-04-17 17:53:37,126] DEEPMD INFO    Energy RMSE/Natoms : 6.526493e-04 eV
[2026-04-17 17:53:37,126] DEEPMD INFO    Force  MAE         : 1.921792e-02 eV/Å
[2026-04-17 17:53:37,126] DEEPMD INFO    Force  RMSE        : 2.531992e-02 eV/Å
[2026-04-17 17:53:37,126] DEEPMD INFO    # ----------------------------------------------- 
[2026-04-17 17:53:37,126] DEEPMD INFO    # ----------weighted average of errors----------- 
[2026-04-17 17:53:37,126] DEEPMD INFO    # number of systems : 1
[2026-04-17 17:53:37,126] DEEPMD INFO    Energy MAE         : 4.004218e-03 eV
[2026-04-17 17:53:37,126] DEEPMD INFO    Energy RMSE        : 5.221195e-03 eV
[2026-04-17 17:53:37,126] DEEPMD INFO    Energy MAE/Natoms  : 5.005272e-04 eV
[2026-04-17 17:53:37,126] DEEPMD INFO    Energy RMSE/Natoms : 6.526493e-04 eV
[2026-04-17 17:53:37,126] DEEPMD INFO    Force  MAE         : 1.921792e-02 eV/Å
[2026-04-17 17:53:37,126] DEEPMD INFO    Force  RMSE        : 2.531992e-02 eV/Å
[2026-04-17 17:53:37,126] DEEPMD INFO    # -----------------------------------------------
[SPARC][INFO] ================================================================================
[SPARC][INFO] ================================================================================
[SPARC][INFO]  Training Model 2/3
[SPARC][INFO]  Directory: iter_000000/01.train/training_2
[SPARC][INFO] ================================================================================
2026-04-17 17:53:38,004 - sparc.src.deepmd - INFO - Training directory: iter_000000/01.train/training_2
2026-04-17 17:53:38,004 - INFO - Training directory: iter_000000/01.train/training_2
[SPARC][INFO]  Training Model 2/3
[SPARC][INFO] Directory                      iter_000000/01.train/training_2
[SPARC][INFO] Running command: dp --pt train input.json
To get the best performance, it is recommended to adjust the number of threads by setting the environment variables OMP_NUM_THREADS, DP_INTRA_OP_PARALLELISM_THREADS, and DP_INTER_OP_PARALLELISM_THREADS. See https://deepmd.rtfd.io/parallelism/ for more information.
/home/rverma7/anaconda3/envs/sparcGNN/lib/python3.10/site-packages/e3nn/o3/_wigner.py:10: UserWarning: Environment variable TORCH_FORCE_NO_WEIGHTS_ONLY_LOAD detected, since the`weights_only` argument was not explicitly passed to `torch.load`, forcing weights_only=False.
  _Jd, _W3j_flat, _W3j_indices = torch.load(os.path.join(os.path.dirname(__file__), 'constants.pt'))
/home/rverma7/anaconda3/envs/sparcGNN/lib/python3.10/site-packages/nequip/__init__.py:20: UserWarning: !! PyTorch version 2.6.0 found. Upstream issues in PyTorch versions 1.13.* and 2.* have been seen to cause unusual performance degredations on some CUDA systems that become worse over time; see https://github.com/mir-group/nequip/discussions/311. The best tested PyTorch version to use with CUDA devices is 1.11; while using other versions if you observe this problem, an unexpected lack of this problem, or other strange behavior, please post in the linked GitHub issue.
  warnings.warn(
[2026-04-17 17:53:40,699] DEEPMD INFO    DeePMD version: 3.1.1
[2026-04-17 17:53:40,700] DEEPMD INFO    Configuration path: input.json
[2026-04-17 17:53:40,718] DEEPMD INFO     _____               _____   __  __  _____           _     _  _   
[2026-04-17 17:53:40,718] DEEPMD INFO    |  __ \             |  __ \ |  \/  ||  __ \         | |   (_)| |  
[2026-04-17 17:53:40,718] DEEPMD INFO    | |  | |  ___   ___ | |__) || \  / || |  | | ______ | | __ _ | |_ 
[2026-04-17 17:53:40,718] DEEPMD INFO    | |  | | / _ \ / _ \|  ___/ | |\/| || |  | ||______|| |/ /| || __|
[2026-04-17 17:53:40,718] DEEPMD INFO    | |__| ||  __/|  __/| |     | |  | || |__| |        |   < | || |_ 
[2026-04-17 17:53:40,718] DEEPMD INFO    |_____/  \___| \___||_|     |_|  |_||_____/         |_|\_\|_| \__|
[2026-04-17 17:53:40,718] DEEPMD INFO    Please read and cite:
[2026-04-17 17:53:40,718] DEEPMD INFO    Wang, Zhang, Han and E, Comput.Phys.Comm. 228, 178-184 (2018)
[2026-04-17 17:53:40,718] DEEPMD INFO    Zeng et al, J. Chem. Phys., 159, 054801 (2023)
[2026-04-17 17:53:40,718] DEEPMD INFO    Zeng et al, J. Chem. Theory Comput., 21, 4375-4385 (2025)
[2026-04-17 17:53:40,718] DEEPMD INFO    See https://deepmd.rtfd.io/credits/ for details.
[2026-04-17 17:53:40,718] DEEPMD INFO    ------------------------------------------------------------------------------------------------------------------------------
[2026-04-17 17:53:40,718] DEEPMD INFO    installed to:          /home/rverma7/anaconda3/envs/sparcGNN/lib/python3.10/site-packages/deepmd
[2026-04-17 17:53:40,718] DEEPMD INFO    source:                
[2026-04-17 17:53:40,718] DEEPMD INFO    source branch:         HEAD
[2026-04-17 17:53:40,718] DEEPMD INFO    source commit:         9b566bf
[2026-04-17 17:53:40,718] DEEPMD INFO    source commit at:      2025-10-01 20:34:25 +0200
[2026-04-17 17:53:40,718] DEEPMD INFO    use float prec:        double
[2026-04-17 17:53:40,718] DEEPMD INFO    build variant:         cuda
[2026-04-17 17:53:40,718] DEEPMD INFO    Backend:               PyTorch
[2026-04-17 17:53:40,718] DEEPMD INFO    PT ver:                v2.6.0-gUnknown
[2026-04-17 17:53:40,718] DEEPMD INFO    Enable custom OP:      True
[2026-04-17 17:53:40,718] DEEPMD INFO    build with PT ver:     2.6.0
[2026-04-17 17:53:40,718] DEEPMD INFO    build with PT inc:     /home/rverma7/anaconda3/envs/sparcGNN/lib/python3.10/site-packages/torch/include
[2026-04-17 17:53:40,718] DEEPMD INFO                           /home/rverma7/anaconda3/envs/sparcGNN/lib/python3.10/site-packages/torch/include/torch/csrc/api/include
[2026-04-17 17:53:40,718] DEEPMD INFO    build with PT lib:     /home/rverma7/anaconda3/envs/sparcGNN/lib/python3.10/site-packages/torch/lib
[2026-04-17 17:53:40,718] DEEPMD INFO    running on:            cbe-dt-319.che.ncsu.edu
[2026-04-17 17:53:40,718] DEEPMD INFO    computing device:      cuda:0
[2026-04-17 17:53:40,718] DEEPMD INFO    CUDA_VISIBLE_DEVICES:  unset
[2026-04-17 17:53:40,718] DEEPMD INFO    Count of visible GPUs: 2
[2026-04-17 17:53:40,718] DEEPMD INFO    num_intra_threads:     0
[2026-04-17 17:53:40,718] DEEPMD INFO    num_inter_threads:     0
[2026-04-17 17:53:40,718] DEEPMD INFO    ------------------------------------------------------------------------------------------------------------------------------
[2026-04-17 17:53:40,754] DEEPMD INFO    Calculate neighbor statistics... (add --skip-neighbor-stat to skip this step)
[2026-04-17 17:53:41,053] DEEPMD INFO    Adjust batch size from 1024 to 2048
[2026-04-17 17:53:41,081] DEEPMD INFO    Neighbor statistics: training data with minimal neighbor distance: 0.956954
[2026-04-17 17:53:41,081] DEEPMD INFO    Neighbor statistics: training data with maximum neighbor size: [1 6 1] (cutoff radius: 6.000000)
[2026-04-17 17:53:41,082] DEEPMD INFO    Constructing DataLoaders from 1 systems
[2026-04-17 17:53:41,089] DEEPMD INFO    Constructing DataLoaders from 1 systems
[2026-04-17 17:53:41,128] DEEPMD INFO    Packing data for statistics from 1 systems
[2026-04-17 17:53:41,377] DEEPMD INFO    RMSE of energy per atom after linear regression is: 0.012374917243443376 in the unit of energy.
[2026-04-17 17:53:41,379] DEEPMD INFO    ---Summary of DataSystem: training     -----------------------------------------------
[2026-04-17 17:53:41,379] DEEPMD INFO    found 1 system(s):
[2026-04-17 17:53:41,379] DEEPMD INFO                                        system  natoms  bch_sz   n_bch       prob  pbc
[2026-04-17 17:53:41,379] DEEPMD INFO    -- w/DeePMD_training/00.data/training_data       8       4      48  1.000e+00    T
[2026-04-17 17:53:41,379] DEEPMD INFO    --------------------------------------------------------------------------------------
[2026-04-17 17:53:41,379] DEEPMD INFO    ---Summary of DataSystem: validation   -----------------------------------------------
[2026-04-17 17:53:41,379] DEEPMD INFO    found 1 system(s):
[2026-04-17 17:53:41,379] DEEPMD INFO                                        system  natoms  bch_sz   n_bch       prob  pbc
[2026-04-17 17:53:41,379] DEEPMD INFO    -- DeePMD_training/00.data/validation_data       8       4      12  1.000e+00    T
[2026-04-17 17:53:41,379] DEEPMD INFO    --------------------------------------------------------------------------------------
[2026-04-17 17:53:41,380] DEEPMD INFO    Start to train 100000 steps.
[2026-04-17 17:53:42,075] DEEPMD INFO    batch       1: trn: rmse = 3.21e+01, rmse_e = 1.44e+00, rmse_f = 1.01e+00, lr = 1.00e-03
[2026-04-17 17:53:42,075] DEEPMD INFO    batch       1: val: rmse = 8.55e+01, rmse_e = 2.25e-01, rmse_f = 2.70e+00
[2026-04-17 17:53:42,076] DEEPMD INFO    batch       1: total wall time = 0.70 s, eta = 19:18:24
[2026-04-17 17:54:07,281] DEEPMD INFO    batch    1000: trn: rmse = 6.28e+00, rmse_e = 2.08e-02, rmse_f = 1.98e-01, lr = 1.00e-03
[2026-04-17 17:54:07,281] DEEPMD INFO    batch    1000: val: rmse = 6.56e+00, rmse_e = 1.36e-02, rmse_f = 2.08e-01
[2026-04-17 17:54:07,282] DEEPMD INFO    batch    1000: total wall time = 25.21 s, eta = 0:41:35
[2026-04-17 17:54:32,129] DEEPMD INFO    batch    2000: trn: rmse = 4.86e+00, rmse_e = 1.96e-02, rmse_f = 1.54e-01, lr = 1.00e-03
[2026-04-17 17:54:32,129] DEEPMD INFO    batch    2000: val: rmse = 3.86e+00, rmse_e = 2.04e-02, rmse_f = 1.22e-01
[2026-04-17 17:54:32,129] DEEPMD INFO    batch    2000: total wall time = 24.85 s, eta = 0:40:35
[2026-04-17 17:54:57,334] DEEPMD INFO    batch    3000: trn: rmse = 3.87e+00, rmse_e = 7.68e-03, rmse_f = 1.22e-01, lr = 1.00e-03
[2026-04-17 17:54:57,335] DEEPMD INFO    batch    3000: val: rmse = 3.19e+00, rmse_e = 4.05e-03, rmse_f = 1.01e-01
[2026-04-17 17:54:57,335] DEEPMD INFO    batch    3000: total wall time = 25.21 s, eta = 0:40:44
[2026-04-17 17:55:24,353] DEEPMD INFO    batch    4000: trn: rmse = 3.04e+00, rmse_e = 2.65e-02, rmse_f = 9.60e-02, lr = 1.00e-03
[2026-04-17 17:55:24,354] DEEPMD INFO    batch    4000: val: rmse = 4.24e+00, rmse_e = 2.63e-02, rmse_f = 1.34e-01
[2026-04-17 17:55:24,354] DEEPMD INFO    batch    4000: total wall time = 27.02 s, eta = 0:43:13
[2026-04-17 17:55:48,886] DEEPMD INFO    batch    5000: trn: rmse = 3.86e+00, rmse_e = 1.12e-02, rmse_f = 1.22e-01, lr = 1.00e-03
[2026-04-17 17:55:48,886] DEEPMD INFO    batch    5000: val: rmse = 2.72e+00, rmse_e = 1.03e-02, rmse_f = 8.59e-02
[2026-04-17 17:55:48,886] DEEPMD INFO    batch    5000: total wall time = 24.53 s, eta = 0:38:50
[2026-04-17 17:56:14,669] DEEPMD INFO    batch    6000: trn: rmse = 2.07e+00, rmse_e = 1.90e-02, rmse_f = 8.46e-02, lr = 5.99e-04
[2026-04-17 17:56:14,669] DEEPMD INFO    batch    6000: val: rmse = 1.58e+00, rmse_e = 1.28e-02, rmse_f = 6.45e-02
[2026-04-17 17:56:14,670] DEEPMD INFO    batch    6000: total wall time = 25.78 s, eta = 0:40:23
[2026-04-17 17:56:40,306] DEEPMD INFO    batch    7000: trn: rmse = 2.06e+00, rmse_e = 1.18e-02, rmse_f = 8.40e-02, lr = 5.99e-04
[2026-04-17 17:56:40,306] DEEPMD INFO    batch    7000: val: rmse = 1.75e+00, rmse_e = 1.69e-02, rmse_f = 7.14e-02
[2026-04-17 17:56:40,307] DEEPMD INFO    batch    7000: total wall time = 25.64 s, eta = 0:39:44
[2026-04-17 17:57:05,301] DEEPMD INFO    batch    8000: trn: rmse = 1.67e+00, rmse_e = 5.11e-03, rmse_f = 6.82e-02, lr = 5.99e-04
[2026-04-17 17:57:05,301] DEEPMD INFO    batch    8000: val: rmse = 1.45e+00, rmse_e = 1.82e-03, rmse_f = 5.92e-02
[2026-04-17 17:57:05,302] DEEPMD INFO    batch    8000: total wall time = 24.99 s, eta = 0:38:19
[2026-04-17 17:57:29,937] DEEPMD INFO    batch    9000: trn: rmse = 1.53e+00, rmse_e = 2.16e-02, rmse_f = 6.25e-02, lr = 5.99e-04
[2026-04-17 17:57:29,938] DEEPMD INFO    batch    9000: val: rmse = 1.44e+00, rmse_e = 2.38e-02, rmse_f = 5.89e-02
[2026-04-17 17:57:29,938] DEEPMD INFO    batch    9000: total wall time = 24.64 s, eta = 0:37:21
[2026-04-17 17:57:55,984] DEEPMD INFO    batch   10000: trn: rmse = 1.41e+00, rmse_e = 5.96e-03, rmse_f = 5.78e-02, lr = 5.99e-04
[2026-04-17 17:57:55,984] DEEPMD INFO    batch   10000: val: rmse = 1.37e+00, rmse_e = 2.01e-03, rmse_f = 5.60e-02
[2026-04-17 17:57:55,984] DEEPMD INFO    batch   10000: total wall time = 26.05 s, eta = 0:39:04
[2026-04-17 17:57:56,012] DEEPMD INFO    Saved model to model.ckpt-10000.pt
[2026-04-17 17:58:20,727] DEEPMD INFO    batch   11000: trn: rmse = 1.14e+00, rmse_e = 3.34e-03, rmse_f = 6.03e-02, lr = 3.59e-04
[2026-04-17 17:58:20,727] DEEPMD INFO    batch   11000: val: rmse = 1.10e+00, rmse_e = 3.79e-03, rmse_f = 5.80e-02
[2026-04-17 17:58:20,728] DEEPMD INFO    batch   11000: total wall time = 24.74 s, eta = 0:36:42
[2026-04-17 17:58:47,159] DEEPMD INFO    batch   12000: trn: rmse = 9.59e-01, rmse_e = 3.66e-03, rmse_f = 5.06e-02, lr = 3.59e-04
[2026-04-17 17:58:47,159] DEEPMD INFO    batch   12000: val: rmse = 1.12e+00, rmse_e = 3.93e-03, rmse_f = 5.92e-02
[2026-04-17 17:58:47,159] DEEPMD INFO    batch   12000: total wall time = 26.43 s, eta = 0:38:45
[2026-04-17 17:59:12,615] DEEPMD INFO    batch   13000: trn: rmse = 1.01e+00, rmse_e = 1.35e-02, rmse_f = 5.34e-02, lr = 3.59e-04
[2026-04-17 17:59:12,616] DEEPMD INFO    batch   13000: val: rmse = 8.37e-01, rmse_e = 1.22e-02, rmse_f = 4.41e-02
[2026-04-17 17:59:12,616] DEEPMD INFO    batch   13000: total wall time = 25.46 s, eta = 0:36:54
[2026-04-17 17:59:37,286] DEEPMD INFO    batch   14000: trn: rmse = 1.41e+00, rmse_e = 1.11e-02, rmse_f = 7.43e-02, lr = 3.59e-04
[2026-04-17 17:59:37,286] DEEPMD INFO    batch   14000: val: rmse = 1.06e+00, rmse_e = 1.09e-02, rmse_f = 5.60e-02
[2026-04-17 17:59:37,287] DEEPMD INFO    batch   14000: total wall time = 24.67 s, eta = 0:35:21
[2026-04-17 18:00:02,963] DEEPMD INFO    batch   15000: trn: rmse = 9.29e-01, rmse_e = 8.65e-03, rmse_f = 4.90e-02, lr = 3.59e-04
[2026-04-17 18:00:02,964] DEEPMD INFO    batch   15000: val: rmse = 1.17e+00, rmse_e = 9.29e-03, rmse_f = 6.16e-02
[2026-04-17 18:00:02,964] DEEPMD INFO    batch   15000: total wall time = 25.68 s, eta = 0:36:22
[2026-04-17 18:00:29,356] DEEPMD INFO    batch   16000: trn: rmse = 5.97e-01, rmse_e = 2.34e-03, rmse_f = 4.07e-02, lr = 2.15e-04
[2026-04-17 18:00:29,357] DEEPMD INFO    batch   16000: val: rmse = 6.30e-01, rmse_e = 3.22e-03, rmse_f = 4.29e-02
[2026-04-17 18:00:29,357] DEEPMD INFO    batch   16000: total wall time = 26.39 s, eta = 0:36:57
[2026-04-17 18:00:54,607] DEEPMD INFO    batch   17000: trn: rmse = 7.14e-01, rmse_e = 5.27e-03, rmse_f = 4.86e-02, lr = 2.15e-04
[2026-04-17 18:00:54,607] DEEPMD INFO    batch   17000: val: rmse = 7.45e-01, rmse_e = 3.67e-03, rmse_f = 5.08e-02
[2026-04-17 18:00:54,607] DEEPMD INFO    batch   17000: total wall time = 25.25 s, eta = 0:34:55
[2026-04-17 18:01:19,725] DEEPMD INFO    batch   18000: trn: rmse = 7.00e-01, rmse_e = 9.22e-03, rmse_f = 4.76e-02, lr = 2.15e-04
[2026-04-17 18:01:19,725] DEEPMD INFO    batch   18000: val: rmse = 5.74e-01, rmse_e = 3.98e-03, rmse_f = 3.91e-02
[2026-04-17 18:01:19,726] DEEPMD INFO    batch   18000: total wall time = 25.12 s, eta = 0:34:19
[2026-04-17 18:01:45,056] DEEPMD INFO    batch   19000: trn: rmse = 7.82e-01, rmse_e = 5.08e-03, rmse_f = 5.33e-02, lr = 2.15e-04
[2026-04-17 18:01:45,056] DEEPMD INFO    batch   19000: val: rmse = 7.40e-01, rmse_e = 5.49e-03, rmse_f = 5.04e-02
[2026-04-17 18:01:45,057] DEEPMD INFO    batch   19000: total wall time = 25.33 s, eta = 0:34:11
[2026-04-17 18:02:10,818] DEEPMD INFO    batch   20000: trn: rmse = 6.41e-01, rmse_e = 1.41e-02, rmse_f = 4.36e-02, lr = 2.15e-04
[2026-04-17 18:02:10,819] DEEPMD INFO    batch   20000: val: rmse = 5.41e-01, rmse_e = 6.45e-03, rmse_f = 3.68e-02
[2026-04-17 18:02:10,819] DEEPMD INFO    batch   20000: total wall time = 25.76 s, eta = 0:34:20
[2026-04-17 18:02:10,849] DEEPMD INFO    Saved model to model.ckpt-20000.pt
[2026-04-17 18:02:36,013] DEEPMD INFO    batch   21000: trn: rmse = 3.53e-01, rmse_e = 5.64e-03, rmse_f = 3.10e-02, lr = 1.29e-04
[2026-04-17 18:02:36,013] DEEPMD INFO    batch   21000: val: rmse = 3.32e-01, rmse_e = 3.18e-03, rmse_f = 2.92e-02
[2026-04-17 18:02:36,013] DEEPMD INFO    batch   21000: total wall time = 25.19 s, eta = 0:33:10
[2026-04-17 18:03:01,913] DEEPMD INFO    batch   22000: trn: rmse = 3.76e-01, rmse_e = 1.56e-03, rmse_f = 3.31e-02, lr = 1.29e-04
[2026-04-17 18:03:01,913] DEEPMD INFO    batch   22000: val: rmse = 5.63e-01, rmse_e = 2.01e-03, rmse_f = 4.95e-02
[2026-04-17 18:03:01,913] DEEPMD INFO    batch   22000: total wall time = 25.90 s, eta = 0:33:40
[2026-04-17 18:03:27,158] DEEPMD INFO    batch   23000: trn: rmse = 4.21e-01, rmse_e = 3.24e-03, rmse_f = 3.70e-02, lr = 1.29e-04
[2026-04-17 18:03:27,158] DEEPMD INFO    batch   23000: val: rmse = 3.90e-01, rmse_e = 7.64e-03, rmse_f = 3.42e-02
[2026-04-17 18:03:27,159] DEEPMD INFO    batch   23000: total wall time = 25.25 s, eta = 0:32:23
[2026-04-17 18:03:51,481] DEEPMD INFO    batch   24000: trn: rmse = 3.25e-01, rmse_e = 1.87e-03, rmse_f = 2.85e-02, lr = 1.29e-04
[2026-04-17 18:03:51,481] DEEPMD INFO    batch   24000: val: rmse = 3.47e-01, rmse_e = 1.48e-03, rmse_f = 3.05e-02
[2026-04-17 18:03:51,482] DEEPMD INFO    batch   24000: total wall time = 24.32 s, eta = 0:30:48
[2026-04-17 18:04:17,560] DEEPMD INFO    batch   25000: trn: rmse = 4.44e-01, rmse_e = 8.05e-03, rmse_f = 3.89e-02, lr = 1.29e-04
[2026-04-17 18:04:17,560] DEEPMD INFO    batch   25000: val: rmse = 5.20e-01, rmse_e = 8.12e-03, rmse_f = 4.56e-02
[2026-04-17 18:04:17,561] DEEPMD INFO    batch   25000: total wall time = 26.08 s, eta = 0:32:35
[2026-04-17 18:04:42,702] DEEPMD INFO    batch   26000: trn: rmse = 3.50e-01, rmse_e = 2.23e-03, rmse_f = 3.97e-02, lr = 7.70e-05
[2026-04-17 18:04:42,703] DEEPMD INFO    batch   26000: val: rmse = 3.29e-01, rmse_e = 1.45e-03, rmse_f = 3.72e-02
[2026-04-17 18:04:42,703] DEEPMD INFO    batch   26000: total wall time = 25.14 s, eta = 0:31:00
[2026-04-17 18:05:07,371] DEEPMD INFO    batch   27000: trn: rmse = 3.05e-01, rmse_e = 1.79e-03, rmse_f = 3.46e-02, lr = 7.70e-05
[2026-04-17 18:05:07,371] DEEPMD INFO    batch   27000: val: rmse = 2.99e-01, rmse_e = 2.44e-03, rmse_f = 3.38e-02
[2026-04-17 18:05:07,371] DEEPMD INFO    batch   27000: total wall time = 24.67 s, eta = 0:30:00
[2026-04-17 18:05:32,950] DEEPMD INFO    batch   28000: trn: rmse = 2.87e-01, rmse_e = 1.62e-03, rmse_f = 3.25e-02, lr = 7.70e-05
[2026-04-17 18:05:32,950] DEEPMD INFO    batch   28000: val: rmse = 2.64e-01, rmse_e = 1.71e-03, rmse_f = 2.99e-02
[2026-04-17 18:05:32,950] DEEPMD INFO    batch   28000: total wall time = 25.58 s, eta = 0:30:41
[2026-04-17 18:05:58,354] DEEPMD INFO    batch   29000: trn: rmse = 3.52e-01, rmse_e = 1.22e-03, rmse_f = 3.99e-02, lr = 7.70e-05
[2026-04-17 18:05:58,355] DEEPMD INFO    batch   29000: val: rmse = 3.28e-01, rmse_e = 3.38e-03, rmse_f = 3.72e-02
[2026-04-17 18:05:58,355] DEEPMD INFO    batch   29000: total wall time = 25.41 s, eta = 0:30:03
[2026-04-17 18:06:24,078] DEEPMD INFO    batch   30000: trn: rmse = 3.43e-01, rmse_e = 5.92e-03, rmse_f = 3.88e-02, lr = 7.70e-05
[2026-04-17 18:06:24,078] DEEPMD INFO    batch   30000: val: rmse = 2.86e-01, rmse_e = 3.46e-03, rmse_f = 3.24e-02
[2026-04-17 18:06:24,079] DEEPMD INFO    batch   30000: total wall time = 25.72 s, eta = 0:30:00
[2026-04-17 18:06:24,105] DEEPMD INFO    Saved model to model.ckpt-30000.pt
[2026-04-17 18:06:48,302] DEEPMD INFO    batch   31000: trn: rmse = 2.41e-01, rmse_e = 5.25e-03, rmse_f = 3.50e-02, lr = 4.61e-05
[2026-04-17 18:06:48,303] DEEPMD INFO    batch   31000: val: rmse = 2.40e-01, rmse_e = 4.21e-03, rmse_f = 3.49e-02
[2026-04-17 18:06:48,303] DEEPMD INFO    batch   31000: total wall time = 24.22 s, eta = 0:27:51
[2026-04-17 18:07:12,941] DEEPMD INFO    batch   32000: trn: rmse = 1.94e-01, rmse_e = 1.59e-03, rmse_f = 2.82e-02, lr = 4.61e-05
[2026-04-17 18:07:12,941] DEEPMD INFO    batch   32000: val: rmse = 2.71e-01, rmse_e = 1.96e-03, rmse_f = 3.96e-02
[2026-04-17 18:07:12,942] DEEPMD INFO    batch   32000: total wall time = 24.64 s, eta = 0:27:55
[2026-04-17 18:07:38,575] DEEPMD INFO    batch   33000: trn: rmse = 2.13e-01, rmse_e = 2.04e-03, rmse_f = 3.10e-02, lr = 4.61e-05
[2026-04-17 18:07:38,575] DEEPMD INFO    batch   33000: val: rmse = 2.29e-01, rmse_e = 3.01e-03, rmse_f = 3.34e-02
[2026-04-17 18:07:38,576] DEEPMD INFO    batch   33000: total wall time = 25.63 s, eta = 0:28:37
[2026-04-17 18:08:03,895] DEEPMD INFO    batch   34000: trn: rmse = 1.98e-01, rmse_e = 3.99e-03, rmse_f = 2.89e-02, lr = 4.61e-05
[2026-04-17 18:08:03,895] DEEPMD INFO    batch   34000: val: rmse = 2.18e-01, rmse_e = 2.49e-03, rmse_f = 3.17e-02
[2026-04-17 18:08:03,895] DEEPMD INFO    batch   34000: total wall time = 25.32 s, eta = 0:27:51
[2026-04-17 18:08:29,388] DEEPMD INFO    batch   35000: trn: rmse = 2.26e-01, rmse_e = 5.87e-03, rmse_f = 3.29e-02, lr = 4.61e-05
[2026-04-17 18:08:29,388] DEEPMD INFO    batch   35000: val: rmse = 2.42e-01, rmse_e = 5.70e-03, rmse_f = 3.52e-02
[2026-04-17 18:08:29,388] DEEPMD INFO    batch   35000: total wall time = 25.49 s, eta = 0:27:37
[2026-04-17 18:08:54,894] DEEPMD INFO    batch   36000: trn: rmse = 1.49e-01, rmse_e = 1.38e-03, rmse_f = 2.78e-02, lr = 2.76e-05
[2026-04-17 18:08:54,894] DEEPMD INFO    batch   36000: val: rmse = 1.78e-01, rmse_e = 7.08e-04, rmse_f = 3.33e-02
[2026-04-17 18:08:54,894] DEEPMD INFO    batch   36000: total wall time = 25.51 s, eta = 0:27:12
[2026-04-17 18:09:20,685] DEEPMD INFO    batch   37000: trn: rmse = 2.06e-01, rmse_e = 2.48e-03, rmse_f = 3.84e-02, lr = 2.76e-05
[2026-04-17 18:09:20,685] DEEPMD INFO    batch   37000: val: rmse = 1.45e-01, rmse_e = 1.84e-03, rmse_f = 2.72e-02
[2026-04-17 18:09:20,685] DEEPMD INFO    batch   37000: total wall time = 25.79 s, eta = 0:27:04
[2026-04-17 18:09:46,750] DEEPMD INFO    batch   38000: trn: rmse = 1.54e-01, rmse_e = 1.59e-03, rmse_f = 2.88e-02, lr = 2.76e-05
[2026-04-17 18:09:46,750] DEEPMD INFO    batch   38000: val: rmse = 1.67e-01, rmse_e = 3.26e-03, rmse_f = 3.12e-02
[2026-04-17 18:09:46,751] DEEPMD INFO    batch   38000: total wall time = 26.07 s, eta = 0:26:56
[2026-04-17 18:10:11,825] DEEPMD INFO    batch   39000: trn: rmse = 1.97e-01, rmse_e = 1.17e-03, rmse_f = 3.68e-02, lr = 2.76e-05
[2026-04-17 18:10:11,826] DEEPMD INFO    batch   39000: val: rmse = 1.91e-01, rmse_e = 1.07e-03, rmse_f = 3.57e-02
[2026-04-17 18:10:11,826] DEEPMD INFO    batch   39000: total wall time = 25.08 s, eta = 0:25:29
[2026-04-17 18:10:36,634] DEEPMD INFO    batch   40000: trn: rmse = 1.27e-01, rmse_e = 2.46e-03, rmse_f = 2.36e-02, lr = 2.76e-05
[2026-04-17 18:10:36,634] DEEPMD INFO    batch   40000: val: rmse = 2.15e-01, rmse_e = 2.55e-03, rmse_f = 4.03e-02
[2026-04-17 18:10:36,634] DEEPMD INFO    batch   40000: total wall time = 24.81 s, eta = 0:24:48
[2026-04-17 18:10:36,664] DEEPMD INFO    Saved model to model.ckpt-40000.pt
[2026-04-17 18:11:01,971] DEEPMD INFO    batch   41000: trn: rmse = 1.15e-01, rmse_e = 2.17e-03, rmse_f = 2.76e-02, lr = 1.65e-05
[2026-04-17 18:11:01,971] DEEPMD INFO    batch   41000: val: rmse = 1.20e-01, rmse_e = 1.10e-03, rmse_f = 2.87e-02
[2026-04-17 18:11:01,972] DEEPMD INFO    batch   41000: total wall time = 25.34 s, eta = 0:24:54
[2026-04-17 18:11:27,432] DEEPMD INFO    batch   42000: trn: rmse = 1.25e-01, rmse_e = 9.56e-04, rmse_f = 2.98e-02, lr = 1.65e-05
[2026-04-17 18:11:27,432] DEEPMD INFO    batch   42000: val: rmse = 1.06e-01, rmse_e = 4.54e-04, rmse_f = 2.54e-02
[2026-04-17 18:11:27,433] DEEPMD INFO    batch   42000: total wall time = 25.46 s, eta = 0:24:36
[2026-04-17 18:11:52,591] DEEPMD INFO    batch   43000: trn: rmse = 1.23e-01, rmse_e = 3.51e-03, rmse_f = 2.93e-02, lr = 1.65e-05
[2026-04-17 18:11:52,592] DEEPMD INFO    batch   43000: val: rmse = 8.92e-02, rmse_e = 2.72e-03, rmse_f = 2.12e-02
[2026-04-17 18:11:52,592] DEEPMD INFO    batch   43000: total wall time = 25.16 s, eta = 0:23:54
[2026-04-17 18:12:18,530] DEEPMD INFO    batch   44000: trn: rmse = 1.09e-01, rmse_e = 4.50e-04, rmse_f = 2.60e-02, lr = 1.65e-05
[2026-04-17 18:12:18,530] DEEPMD INFO    batch   44000: val: rmse = 1.35e-01, rmse_e = 6.51e-04, rmse_f = 3.24e-02
[2026-04-17 18:12:18,531] DEEPMD INFO    batch   44000: total wall time = 25.94 s, eta = 0:24:12
[2026-04-17 18:12:43,660] DEEPMD INFO    batch   45000: trn: rmse = 1.16e-01, rmse_e = 2.05e-03, rmse_f = 2.77e-02, lr = 1.65e-05
[2026-04-17 18:12:43,660] DEEPMD INFO    batch   45000: val: rmse = 1.18e-01, rmse_e = 1.79e-03, rmse_f = 2.81e-02
[2026-04-17 18:12:43,660] DEEPMD INFO    batch   45000: total wall time = 25.13 s, eta = 0:23:02
[2026-04-17 18:13:08,490] DEEPMD INFO    batch   46000: trn: rmse = 8.52e-02, rmse_e = 9.43e-04, rmse_f = 2.58e-02, lr = 9.89e-06
[2026-04-17 18:13:08,491] DEEPMD INFO    batch   46000: val: rmse = 1.03e-01, rmse_e = 8.43e-04, rmse_f = 3.13e-02
[2026-04-17 18:13:08,491] DEEPMD INFO    batch   46000: total wall time = 24.83 s, eta = 0:22:20
[2026-04-17 18:13:32,792] DEEPMD INFO    batch   47000: trn: rmse = 8.38e-02, rmse_e = 1.97e-03, rmse_f = 2.53e-02, lr = 9.89e-06
[2026-04-17 18:13:32,793] DEEPMD INFO    batch   47000: val: rmse = 6.08e-02, rmse_e = 1.43e-03, rmse_f = 1.84e-02
[2026-04-17 18:13:32,793] DEEPMD INFO    batch   47000: total wall time = 24.30 s, eta = 0:21:28
[2026-04-17 18:13:57,651] DEEPMD INFO    batch   48000: trn: rmse = 7.85e-02, rmse_e = 9.84e-04, rmse_f = 2.38e-02, lr = 9.89e-06
[2026-04-17 18:13:57,652] DEEPMD INFO    batch   48000: val: rmse = 7.06e-02, rmse_e = 1.98e-04, rmse_f = 2.14e-02
[2026-04-17 18:13:57,652] DEEPMD INFO    batch   48000: total wall time = 24.86 s, eta = 0:21:32
[2026-04-17 18:14:22,839] DEEPMD INFO    batch   49000: trn: rmse = 1.15e-01, rmse_e = 1.56e-03, rmse_f = 3.49e-02, lr = 9.89e-06
[2026-04-17 18:14:22,840] DEEPMD INFO    batch   49000: val: rmse = 5.89e-02, rmse_e = 1.62e-03, rmse_f = 1.78e-02
[2026-04-17 18:14:22,840] DEEPMD INFO    batch   49000: total wall time = 25.19 s, eta = 0:21:24
[2026-04-17 18:14:48,205] DEEPMD INFO    batch   50000: trn: rmse = 9.45e-02, rmse_e = 9.89e-04, rmse_f = 2.86e-02, lr = 9.89e-06
[2026-04-17 18:14:48,205] DEEPMD INFO    batch   50000: val: rmse = 5.99e-02, rmse_e = 2.08e-03, rmse_f = 1.81e-02
[2026-04-17 18:14:48,205] DEEPMD INFO    batch   50000: total wall time = 25.37 s, eta = 0:21:08
[2026-04-17 18:14:48,232] DEEPMD INFO    Saved model to model.ckpt-50000.pt
[2026-04-17 18:15:13,298] DEEPMD INFO    batch   51000: trn: rmse = 6.51e-02, rmse_e = 9.61e-04, rmse_f = 2.47e-02, lr = 5.92e-06
[2026-04-17 18:15:13,298] DEEPMD INFO    batch   51000: val: rmse = 1.02e-01, rmse_e = 1.05e-03, rmse_f = 3.86e-02
[2026-04-17 18:15:13,299] DEEPMD INFO    batch   51000: total wall time = 25.09 s, eta = 0:20:29
[2026-04-17 18:15:39,273] DEEPMD INFO    batch   52000: trn: rmse = 7.31e-02, rmse_e = 8.50e-04, rmse_f = 2.78e-02, lr = 5.92e-06
[2026-04-17 18:15:39,273] DEEPMD INFO    batch   52000: val: rmse = 7.24e-02, rmse_e = 7.83e-04, rmse_f = 2.75e-02
[2026-04-17 18:15:39,274] DEEPMD INFO    batch   52000: total wall time = 25.98 s, eta = 0:20:46
[2026-04-17 18:16:04,962] DEEPMD INFO    batch   53000: trn: rmse = 8.58e-02, rmse_e = 9.32e-04, rmse_f = 3.26e-02, lr = 5.92e-06
[2026-04-17 18:16:04,962] DEEPMD INFO    batch   53000: val: rmse = 6.69e-02, rmse_e = 7.64e-04, rmse_f = 2.54e-02
[2026-04-17 18:16:04,962] DEEPMD INFO    batch   53000: total wall time = 25.69 s, eta = 0:20:07
[2026-04-17 18:16:31,063] DEEPMD INFO    batch   54000: trn: rmse = 7.54e-02, rmse_e = 1.96e-03, rmse_f = 2.86e-02, lr = 5.92e-06
[2026-04-17 18:16:31,063] DEEPMD INFO    batch   54000: val: rmse = 6.21e-02, rmse_e = 1.84e-03, rmse_f = 2.35e-02
[2026-04-17 18:16:31,064] DEEPMD INFO    batch   54000: total wall time = 26.10 s, eta = 0:20:00
[2026-04-17 18:16:56,383] DEEPMD INFO    batch   55000: trn: rmse = 8.61e-02, rmse_e = 2.14e-03, rmse_f = 3.26e-02, lr = 5.92e-06
[2026-04-17 18:16:56,383] DEEPMD INFO    batch   55000: val: rmse = 8.41e-02, rmse_e = 6.51e-04, rmse_f = 3.20e-02
[2026-04-17 18:16:56,383] DEEPMD INFO    batch   55000: total wall time = 25.32 s, eta = 0:18:59
[2026-04-17 18:17:24,911] DEEPMD INFO    batch   56000: trn: rmse = 5.35e-02, rmse_e = 3.75e-04, rmse_f = 2.51e-02, lr = 3.55e-06
[2026-04-17 18:17:24,911] DEEPMD INFO    batch   56000: val: rmse = 6.86e-02, rmse_e = 1.18e-03, rmse_f = 3.22e-02
[2026-04-17 18:17:24,911] DEEPMD INFO    batch   56000: total wall time = 28.53 s, eta = 0:20:55
[2026-04-17 18:17:56,314] DEEPMD INFO    batch   57000: trn: rmse = 7.47e-02, rmse_e = 1.34e-03, rmse_f = 3.50e-02, lr = 3.55e-06
[2026-04-17 18:17:56,315] DEEPMD INFO    batch   57000: val: rmse = 6.01e-02, rmse_e = 8.07e-04, rmse_f = 2.82e-02
[2026-04-17 18:17:56,315] DEEPMD INFO    batch   57000: total wall time = 31.40 s, eta = 0:22:30
[2026-04-17 18:18:27,622] DEEPMD INFO    batch   58000: trn: rmse = 6.16e-02, rmse_e = 1.36e-03, rmse_f = 2.88e-02, lr = 3.55e-06
[2026-04-17 18:18:27,623] DEEPMD INFO    batch   58000: val: rmse = 5.39e-02, rmse_e = 1.31e-03, rmse_f = 2.52e-02
[2026-04-17 18:18:27,623] DEEPMD INFO    batch   58000: total wall time = 31.31 s, eta = 0:21:54
[2026-04-17 18:18:58,708] DEEPMD INFO    batch   59000: trn: rmse = 5.88e-02, rmse_e = 4.52e-04, rmse_f = 2.76e-02, lr = 3.55e-06
[2026-04-17 18:18:58,709] DEEPMD INFO    batch   59000: val: rmse = 6.62e-02, rmse_e = 2.78e-04, rmse_f = 3.11e-02
[2026-04-17 18:18:58,709] DEEPMD INFO    batch   59000: total wall time = 31.09 s, eta = 0:21:14
[2026-04-17 18:19:29,782] DEEPMD INFO    batch   60000: trn: rmse = 4.25e-02, rmse_e = 4.40e-04, rmse_f = 1.99e-02, lr = 3.55e-06
[2026-04-17 18:19:29,783] DEEPMD INFO    batch   60000: val: rmse = 5.30e-02, rmse_e = 7.28e-04, rmse_f = 2.48e-02
[2026-04-17 18:19:29,783] DEEPMD INFO    batch   60000: total wall time = 31.07 s, eta = 0:20:42
[2026-04-17 18:19:29,815] DEEPMD INFO    Saved model to model.ckpt-60000.pt
[2026-04-17 18:20:00,849] DEEPMD INFO    batch   61000: trn: rmse = 4.34e-02, rmse_e = 4.77e-04, rmse_f = 2.46e-02, lr = 2.12e-06
[2026-04-17 18:20:00,850] DEEPMD INFO    batch   61000: val: rmse = 5.24e-02, rmse_e = 1.17e-03, rmse_f = 2.96e-02
[2026-04-17 18:20:00,850] DEEPMD INFO    batch   61000: total wall time = 31.07 s, eta = 0:20:11
[2026-04-17 18:20:28,360] DEEPMD INFO    batch   62000: trn: rmse = 4.69e-02, rmse_e = 6.12e-04, rmse_f = 2.65e-02, lr = 2.12e-06
[2026-04-17 18:20:28,360] DEEPMD INFO    batch   62000: val: rmse = 4.30e-02, rmse_e = 4.80e-04, rmse_f = 2.43e-02
[2026-04-17 18:20:28,361] DEEPMD INFO    batch   62000: total wall time = 27.51 s, eta = 0:17:25
[2026-04-17 18:20:53,888] DEEPMD INFO    batch   63000: trn: rmse = 4.09e-02, rmse_e = 4.57e-04, rmse_f = 2.31e-02, lr = 2.12e-06
[2026-04-17 18:20:53,889] DEEPMD INFO    batch   63000: val: rmse = 5.31e-02, rmse_e = 1.01e-03, rmse_f = 3.00e-02
[2026-04-17 18:20:53,889] DEEPMD INFO    batch   63000: total wall time = 25.53 s, eta = 0:15:44
[2026-04-17 18:21:19,098] DEEPMD INFO    batch   64000: trn: rmse = 5.19e-02, rmse_e = 5.56e-04, rmse_f = 2.93e-02, lr = 2.12e-06
[2026-04-17 18:21:19,098] DEEPMD INFO    batch   64000: val: rmse = 5.62e-02, rmse_e = 9.83e-04, rmse_f = 3.18e-02
[2026-04-17 18:21:19,099] DEEPMD INFO    batch   64000: total wall time = 25.21 s, eta = 0:15:07
[2026-04-17 18:21:44,728] DEEPMD INFO    batch   65000: trn: rmse = 3.97e-02, rmse_e = 6.57e-04, rmse_f = 2.24e-02, lr = 2.12e-06
[2026-04-17 18:21:44,728] DEEPMD INFO    batch   65000: val: rmse = 5.59e-02, rmse_e = 1.01e-03, rmse_f = 3.16e-02
[2026-04-17 18:21:44,729] DEEPMD INFO    batch   65000: total wall time = 25.63 s, eta = 0:14:57
[2026-04-17 18:22:09,855] DEEPMD INFO    batch   66000: trn: rmse = 3.35e-02, rmse_e = 7.11e-04, rmse_f = 2.22e-02, lr = 1.27e-06
[2026-04-17 18:22:09,855] DEEPMD INFO    batch   66000: val: rmse = 4.19e-02, rmse_e = 4.35e-04, rmse_f = 2.78e-02
[2026-04-17 18:22:09,855] DEEPMD INFO    batch   66000: total wall time = 25.13 s, eta = 0:14:14
[2026-04-17 18:22:34,767] DEEPMD INFO    batch   67000: trn: rmse = 3.76e-02, rmse_e = 5.58e-04, rmse_f = 2.49e-02, lr = 1.27e-06
[2026-04-17 18:22:34,768] DEEPMD INFO    batch   67000: val: rmse = 5.10e-02, rmse_e = 8.51e-04, rmse_f = 3.38e-02
[2026-04-17 18:22:34,768] DEEPMD INFO    batch   67000: total wall time = 24.91 s, eta = 0:13:42
[2026-04-17 18:23:00,941] DEEPMD INFO    batch   68000: trn: rmse = 3.47e-02, rmse_e = 7.93e-04, rmse_f = 2.30e-02, lr = 1.27e-06
[2026-04-17 18:23:00,941] DEEPMD INFO    batch   68000: val: rmse = 4.23e-02, rmse_e = 4.61e-04, rmse_f = 2.80e-02
[2026-04-17 18:23:00,942] DEEPMD INFO    batch   68000: total wall time = 26.17 s, eta = 0:13:57
[2026-04-17 18:23:26,242] DEEPMD INFO    batch   69000: trn: rmse = 4.21e-02, rmse_e = 7.40e-04, rmse_f = 2.79e-02, lr = 1.27e-06
[2026-04-17 18:23:26,242] DEEPMD INFO    batch   69000: val: rmse = 3.15e-02, rmse_e = 9.82e-04, rmse_f = 2.08e-02
[2026-04-17 18:23:26,242] DEEPMD INFO    batch   69000: total wall time = 25.30 s, eta = 0:13:04
[2026-04-17 18:23:51,534] DEEPMD INFO    batch   70000: trn: rmse = 4.29e-02, rmse_e = 5.55e-04, rmse_f = 2.85e-02, lr = 1.27e-06
[2026-04-17 18:23:51,534] DEEPMD INFO    batch   70000: val: rmse = 4.90e-02, rmse_e = 1.40e-03, rmse_f = 3.24e-02
[2026-04-17 18:23:51,534] DEEPMD INFO    batch   70000: total wall time = 25.29 s, eta = 0:12:38
[2026-04-17 18:23:51,562] DEEPMD INFO    Saved model to model.ckpt-70000.pt
[2026-04-17 18:24:15,938] DEEPMD INFO    batch   71000: trn: rmse = 4.27e-02, rmse_e = 8.93e-04, rmse_f = 3.21e-02, lr = 7.62e-07
[2026-04-17 18:24:15,938] DEEPMD INFO    batch   71000: val: rmse = 2.94e-02, rmse_e = 2.88e-04, rmse_f = 2.21e-02
[2026-04-17 18:24:15,939] DEEPMD INFO    batch   71000: total wall time = 24.40 s, eta = 0:11:47
[2026-04-17 18:24:41,167] DEEPMD INFO    batch   72000: trn: rmse = 2.87e-02, rmse_e = 3.57e-04, rmse_f = 2.16e-02, lr = 7.62e-07
[2026-04-17 18:24:41,167] DEEPMD INFO    batch   72000: val: rmse = 3.93e-02, rmse_e = 2.44e-04, rmse_f = 2.96e-02
[2026-04-17 18:24:41,168] DEEPMD INFO    batch   72000: total wall time = 25.23 s, eta = 0:11:46
[2026-04-17 18:25:06,530] DEEPMD INFO    batch   73000: trn: rmse = 4.48e-02, rmse_e = 7.53e-04, rmse_f = 3.37e-02, lr = 7.62e-07
[2026-04-17 18:25:06,531] DEEPMD INFO    batch   73000: val: rmse = 4.32e-02, rmse_e = 1.08e-03, rmse_f = 3.25e-02
[2026-04-17 18:25:06,531] DEEPMD INFO    batch   73000: total wall time = 25.36 s, eta = 0:11:24
[2026-04-17 18:25:31,993] DEEPMD INFO    batch   74000: trn: rmse = 2.73e-02, rmse_e = 6.30e-04, rmse_f = 2.05e-02, lr = 7.62e-07
[2026-04-17 18:25:31,993] DEEPMD INFO    batch   74000: val: rmse = 3.87e-02, rmse_e = 2.89e-04, rmse_f = 2.91e-02
[2026-04-17 18:25:31,994] DEEPMD INFO    batch   74000: total wall time = 25.46 s, eta = 0:11:02
[2026-04-17 18:25:57,593] DEEPMD INFO    batch   75000: trn: rmse = 3.39e-02, rmse_e = 8.59e-04, rmse_f = 2.55e-02, lr = 7.62e-07
[2026-04-17 18:25:57,594] DEEPMD INFO    batch   75000: val: rmse = 5.05e-02, rmse_e = 1.04e-03, rmse_f = 3.80e-02
[2026-04-17 18:25:57,594] DEEPMD INFO    batch   75000: total wall time = 25.60 s, eta = 0:10:40
[2026-04-17 18:26:23,004] DEEPMD INFO    batch   76000: trn: rmse = 3.01e-02, rmse_e = 6.05e-04, rmse_f = 2.49e-02, lr = 4.56e-07
[2026-04-17 18:26:23,005] DEEPMD INFO    batch   76000: val: rmse = 3.15e-02, rmse_e = 1.01e-03, rmse_f = 2.60e-02
[2026-04-17 18:26:23,005] DEEPMD INFO    batch   76000: total wall time = 25.41 s, eta = 0:10:09
[2026-04-17 18:26:49,072] DEEPMD INFO    batch   77000: trn: rmse = 2.62e-02, rmse_e = 4.26e-04, rmse_f = 2.17e-02, lr = 4.56e-07
[2026-04-17 18:26:49,072] DEEPMD INFO    batch   77000: val: rmse = 3.34e-02, rmse_e = 6.29e-04, rmse_f = 2.77e-02
[2026-04-17 18:26:49,073] DEEPMD INFO    batch   77000: total wall time = 26.07 s, eta = 0:09:59
[2026-04-17 18:27:13,323] DEEPMD INFO    batch   78000: trn: rmse = 2.66e-02, rmse_e = 5.53e-04, rmse_f = 2.21e-02, lr = 4.56e-07
[2026-04-17 18:27:13,323] DEEPMD INFO    batch   78000: val: rmse = 3.51e-02, rmse_e = 6.56e-04, rmse_f = 2.90e-02
[2026-04-17 18:27:13,323] DEEPMD INFO    batch   78000: total wall time = 24.25 s, eta = 0:08:53
[2026-04-17 18:27:38,576] DEEPMD INFO    batch   79000: trn: rmse = 3.00e-02, rmse_e = 5.92e-04, rmse_f = 2.48e-02, lr = 4.56e-07
[2026-04-17 18:27:38,577] DEEPMD INFO    batch   79000: val: rmse = 3.59e-02, rmse_e = 5.55e-04, rmse_f = 2.97e-02
[2026-04-17 18:27:38,577] DEEPMD INFO    batch   79000: total wall time = 25.25 s, eta = 0:08:50
[2026-04-17 18:28:03,687] DEEPMD INFO    batch   80000: trn: rmse = 3.21e-02, rmse_e = 6.19e-04, rmse_f = 2.66e-02, lr = 4.56e-07
[2026-04-17 18:28:03,688] DEEPMD INFO    batch   80000: val: rmse = 3.69e-02, rmse_e = 7.93e-04, rmse_f = 3.05e-02
[2026-04-17 18:28:03,688] DEEPMD INFO    batch   80000: total wall time = 25.11 s, eta = 0:08:22
[2026-04-17 18:28:03,717] DEEPMD INFO    Saved model to model.ckpt-80000.pt
[2026-04-17 18:28:29,310] DEEPMD INFO    batch   81000: trn: rmse = 3.49e-02, rmse_e = 9.28e-04, rmse_f = 3.08e-02, lr = 2.73e-07
[2026-04-17 18:28:29,311] DEEPMD INFO    batch   81000: val: rmse = 2.91e-02, rmse_e = 7.82e-04, rmse_f = 2.57e-02
[2026-04-17 18:28:29,311] DEEPMD INFO    batch   81000: total wall time = 25.62 s, eta = 0:08:06
[2026-04-17 18:28:53,840] DEEPMD INFO    batch   82000: trn: rmse = 1.84e-02, rmse_e = 2.98e-04, rmse_f = 1.63e-02, lr = 2.73e-07
[2026-04-17 18:28:53,840] DEEPMD INFO    batch   82000: val: rmse = 4.08e-02, rmse_e = 1.16e-03, rmse_f = 3.60e-02
[2026-04-17 18:28:53,840] DEEPMD INFO    batch   82000: total wall time = 24.53 s, eta = 0:07:21
[2026-04-17 18:29:19,238] DEEPMD INFO    batch   83000: trn: rmse = 2.51e-02, rmse_e = 5.36e-04, rmse_f = 2.23e-02, lr = 2.73e-07
[2026-04-17 18:29:19,238] DEEPMD INFO    batch   83000: val: rmse = 2.82e-02, rmse_e = 5.58e-04, rmse_f = 2.49e-02
[2026-04-17 18:29:19,239] DEEPMD INFO    batch   83000: total wall time = 25.40 s, eta = 0:07:11
[2026-04-17 18:29:44,546] DEEPMD INFO    batch   84000: trn: rmse = 2.61e-02, rmse_e = 6.02e-04, rmse_f = 2.31e-02, lr = 2.73e-07
[2026-04-17 18:29:44,547] DEEPMD INFO    batch   84000: val: rmse = 3.07e-02, rmse_e = 7.39e-04, rmse_f = 2.71e-02
[2026-04-17 18:29:44,547] DEEPMD INFO    batch   84000: total wall time = 25.31 s, eta = 0:06:44
[2026-04-17 18:30:09,876] DEEPMD INFO    batch   85000: trn: rmse = 3.20e-02, rmse_e = 4.66e-04, rmse_f = 2.83e-02, lr = 2.73e-07
[2026-04-17 18:30:09,877] DEEPMD INFO    batch   85000: val: rmse = 2.30e-02, rmse_e = 1.80e-04, rmse_f = 2.04e-02
[2026-04-17 18:30:09,877] DEEPMD INFO    batch   85000: total wall time = 25.33 s, eta = 0:06:19
[2026-04-17 18:30:34,821] DEEPMD INFO    batch   86000: trn: rmse = 3.41e-02, rmse_e = 1.18e-03, rmse_f = 3.14e-02, lr = 1.63e-07
[2026-04-17 18:30:34,821] DEEPMD INFO    batch   86000: val: rmse = 2.58e-02, rmse_e = 3.78e-04, rmse_f = 2.39e-02
[2026-04-17 18:30:34,822] DEEPMD INFO    batch   86000: total wall time = 24.94 s, eta = 0:05:49
[2026-04-17 18:31:00,684] DEEPMD INFO    batch   87000: trn: rmse = 2.14e-02, rmse_e = 2.14e-04, rmse_f = 1.99e-02, lr = 1.63e-07
[2026-04-17 18:31:00,684] DEEPMD INFO    batch   87000: val: rmse = 2.47e-02, rmse_e = 2.75e-04, rmse_f = 2.29e-02
[2026-04-17 18:31:00,684] DEEPMD INFO    batch   87000: total wall time = 25.86 s, eta = 0:05:36
[2026-04-17 18:31:26,131] DEEPMD INFO    batch   88000: trn: rmse = 3.47e-02, rmse_e = 6.56e-04, rmse_f = 3.21e-02, lr = 1.63e-07
[2026-04-17 18:31:26,131] DEEPMD INFO    batch   88000: val: rmse = 2.31e-02, rmse_e = 3.67e-04, rmse_f = 2.14e-02
[2026-04-17 18:31:26,132] DEEPMD INFO    batch   88000: total wall time = 25.45 s, eta = 0:05:05
[2026-04-17 18:31:51,866] DEEPMD INFO    batch   89000: trn: rmse = 2.40e-02, rmse_e = 3.32e-04, rmse_f = 2.22e-02, lr = 1.63e-07
[2026-04-17 18:31:51,866] DEEPMD INFO    batch   89000: val: rmse = 3.21e-02, rmse_e = 1.03e-03, rmse_f = 2.96e-02
[2026-04-17 18:31:51,866] DEEPMD INFO    batch   89000: total wall time = 25.73 s, eta = 0:04:43
[2026-04-17 18:32:17,366] DEEPMD INFO    batch   90000: trn: rmse = 3.74e-02, rmse_e = 5.51e-04, rmse_f = 3.46e-02, lr = 1.63e-07
[2026-04-17 18:32:17,366] DEEPMD INFO    batch   90000: val: rmse = 2.39e-02, rmse_e = 6.20e-04, rmse_f = 2.21e-02
[2026-04-17 18:32:17,366] DEEPMD INFO    batch   90000: total wall time = 25.50 s, eta = 0:04:14
[2026-04-17 18:32:17,393] DEEPMD INFO    Saved model to model.ckpt-90000.pt
[2026-04-17 18:32:43,257] DEEPMD INFO    batch   91000: trn: rmse = 3.36e-02, rmse_e = 6.79e-04, rmse_f = 3.20e-02, lr = 9.79e-08
[2026-04-17 18:32:43,257] DEEPMD INFO    batch   91000: val: rmse = 2.05e-02, rmse_e = 4.23e-04, rmse_f = 1.96e-02
[2026-04-17 18:32:43,258] DEEPMD INFO    batch   91000: total wall time = 25.89 s, eta = 0:03:53
[2026-04-17 18:33:08,402] DEEPMD INFO    batch   92000: trn: rmse = 2.36e-02, rmse_e = 3.82e-04, rmse_f = 2.25e-02, lr = 9.79e-08
[2026-04-17 18:33:08,402] DEEPMD INFO    batch   92000: val: rmse = 2.60e-02, rmse_e = 9.71e-05, rmse_f = 2.48e-02
[2026-04-17 18:33:08,402] DEEPMD INFO    batch   92000: total wall time = 25.14 s, eta = 0:03:21
[2026-04-17 18:33:34,191] DEEPMD INFO    batch   93000: trn: rmse = 3.09e-02, rmse_e = 3.69e-04, rmse_f = 2.94e-02, lr = 9.79e-08
[2026-04-17 18:33:34,191] DEEPMD INFO    batch   93000: val: rmse = 2.79e-02, rmse_e = 5.47e-04, rmse_f = 2.66e-02
[2026-04-17 18:33:34,192] DEEPMD INFO    batch   93000: total wall time = 25.79 s, eta = 0:03:00
[2026-04-17 18:33:59,585] DEEPMD INFO    batch   94000: trn: rmse = 2.97e-02, rmse_e = 4.39e-04, rmse_f = 2.83e-02, lr = 9.79e-08
[2026-04-17 18:33:59,585] DEEPMD INFO    batch   94000: val: rmse = 3.10e-02, rmse_e = 7.87e-04, rmse_f = 2.95e-02
[2026-04-17 18:33:59,585] DEEPMD INFO    batch   94000: total wall time = 25.39 s, eta = 0:02:32
[2026-04-17 18:34:25,364] DEEPMD INFO    batch   95000: trn: rmse = 2.59e-02, rmse_e = 5.41e-04, rmse_f = 2.47e-02, lr = 9.79e-08
[2026-04-17 18:34:25,364] DEEPMD INFO    batch   95000: val: rmse = 2.54e-02, rmse_e = 3.83e-04, rmse_f = 2.42e-02
[2026-04-17 18:34:25,365] DEEPMD INFO    batch   95000: total wall time = 25.78 s, eta = 0:02:08
[2026-04-17 18:34:51,270] DEEPMD INFO    batch   96000: trn: rmse = 2.71e-02, rmse_e = 5.06e-04, rmse_f = 2.63e-02, lr = 5.86e-08
[2026-04-17 18:34:51,270] DEEPMD INFO    batch   96000: val: rmse = 2.92e-02, rmse_e = 8.26e-04, rmse_f = 2.83e-02
[2026-04-17 18:34:51,271] DEEPMD INFO    batch   96000: total wall time = 25.91 s, eta = 0:01:43
[2026-04-17 18:35:16,278] DEEPMD INFO    batch   97000: trn: rmse = 2.68e-02, rmse_e = 6.00e-04, rmse_f = 2.60e-02, lr = 5.86e-08
[2026-04-17 18:35:16,279] DEEPMD INFO    batch   97000: val: rmse = 2.77e-02, rmse_e = 5.24e-04, rmse_f = 2.69e-02
[2026-04-17 18:35:16,279] DEEPMD INFO    batch   97000: total wall time = 25.01 s, eta = 0:01:15
[2026-04-17 18:35:41,771] DEEPMD INFO    batch   98000: trn: rmse = 2.38e-02, rmse_e = 4.12e-04, rmse_f = 2.31e-02, lr = 5.86e-08
[2026-04-17 18:35:41,772] DEEPMD INFO    batch   98000: val: rmse = 2.93e-02, rmse_e = 7.54e-04, rmse_f = 2.84e-02
[2026-04-17 18:35:41,772] DEEPMD INFO    batch   98000: total wall time = 25.49 s, eta = 0:00:50
[2026-04-17 18:36:06,596] DEEPMD INFO    batch   99000: trn: rmse = 2.63e-02, rmse_e = 4.12e-04, rmse_f = 2.56e-02, lr = 5.86e-08
[2026-04-17 18:36:06,597] DEEPMD INFO    batch   99000: val: rmse = 2.13e-02, rmse_e = 2.92e-04, rmse_f = 2.07e-02
[2026-04-17 18:36:06,597] DEEPMD INFO    batch   99000: total wall time = 24.82 s, eta = 0:00:24
[2026-04-17 18:36:32,193] DEEPMD INFO    batch  100000: trn: rmse = 2.73e-02, rmse_e = 4.43e-04, rmse_f = 2.65e-02, lr = 5.86e-08
[2026-04-17 18:36:32,194] DEEPMD INFO    batch  100000: val: rmse = 1.57e-02, rmse_e = 1.26e-04, rmse_f = 1.53e-02
[2026-04-17 18:36:32,194] DEEPMD INFO    batch  100000: total wall time = 25.60 s, eta = 0:00:00
[2026-04-17 18:36:32,221] DEEPMD INFO    Saved model to model.ckpt-100000.pt
[2026-04-17 18:36:32,222] DEEPMD INFO    average training time: 0.0257 s/batch (1000 batches excluded)
[2026-04-17 18:36:32,222] DEEPMD INFO    Trained model has been saved to: model.ckpt
2026-04-17 18:36:33,053 - sparc.src.deepmd - INFO - Training completed successfully
2026-04-17 18:36:33,053 - INFO - Training completed successfully
[SPARC][INFO] Freezing model: dp --pt freeze -o frozen_model_2.pth
To get the best performance, it is recommended to adjust the number of threads by setting the environment variables OMP_NUM_THREADS, DP_INTRA_OP_PARALLELISM_THREADS, and DP_INTER_OP_PARALLELISM_THREADS. See https://deepmd.rtfd.io/parallelism/ for more information.
/home/rverma7/anaconda3/envs/sparcGNN/lib/python3.10/site-packages/e3nn/o3/_wigner.py:10: UserWarning: Environment variable TORCH_FORCE_NO_WEIGHTS_ONLY_LOAD detected, since the`weights_only` argument was not explicitly passed to `torch.load`, forcing weights_only=False.
  _Jd, _W3j_flat, _W3j_indices = torch.load(os.path.join(os.path.dirname(__file__), 'constants.pt'))
/home/rverma7/anaconda3/envs/sparcGNN/lib/python3.10/site-packages/nequip/__init__.py:20: UserWarning: !! PyTorch version 2.6.0 found. Upstream issues in PyTorch versions 1.13.* and 2.* have been seen to cause unusual performance degredations on some CUDA systems that become worse over time; see https://github.com/mir-group/nequip/discussions/311. The best tested PyTorch version to use with CUDA devices is 1.11; while using other versions if you observe this problem, an unexpected lack of this problem, or other strange behavior, please post in the linked GitHub issue.
  warnings.warn(
[2026-04-17 18:36:35,736] DEEPMD INFO    DeePMD version: 3.1.1
[2026-04-17 18:36:36,441] DEEPMD INFO    Saved frozen model to frozen_model_2.pth
2026-04-17 18:36:37,125 - sparc.src.deepmd - INFO - Model frozen successfully
2026-04-17 18:36:37,125 - INFO - Model frozen successfully
[SPARC][INFO] ================================================================================
[SPARC][INFO] DeepMD Model Evaluation Results
[SPARC][INFO] --------------------------------------------------------------------------------
[SPARC][INFO] [2026-04-17 18:36:38,596] DEEPMD WARNING To get the best performance, it is recommended to adjust the number of threads by setting the environment variables OMP_NUM_THREADS, DP_INTRA_OP_PARALLELISM_THREADS, and DP_INTER_OP_PARALLELISM_THREADS. See https://deepmd.rtfd.io/parallelism/ for more information.
/home/rverma7/anaconda3/envs/sparcGNN/lib/python3.10/site-packages/e3nn/o3/_wigner.py:10: UserWarning: Environment variable TORCH_FORCE_NO_WEIGHTS_ONLY_LOAD detected, since the`weights_only` argument was not explicitly passed to `torch.load`, forcing weights_only=False.
  _Jd, _W3j_flat, _W3j_indices = torch.load(os.path.join(os.path.dirname(__file__), 'constants.pt'))
/home/rverma7/anaconda3/envs/sparcGNN/lib/python3.10/site-packages/nequip/__init__.py:20: UserWarning: !! PyTorch version 2.6.0 found. Upstream issues in PyTorch versions 1.13.* and 2.* have been seen to cause unusual performance degredations on some CUDA systems that become worse over time; see https://github.com/mir-group/nequip/discussions/311. The best tested PyTorch version to use with CUDA devices is 1.11; while using other versions if you observe this problem, an unexpected lack of this problem, or other strange behavior, please post in the linked GitHub issue.
  warnings.warn(
[2026-04-17 18:36:40,441] DEEPMD INFO    # ---------------output of dp test--------------- 
[2026-04-17 18:36:40,441] DEEPMD INFO    # testing system : /home/rverma7/My_Program/0.3_sparc/examples/CP2K/workflow/DeePMD_training/00.data/validation_data
[2026-04-17 18:36:41,488] DEEPMD INFO    # number of test data : 49 
[2026-04-17 18:36:41,488] DEEPMD INFO    Energy MAE         : 4.115459e-03 eV
[2026-04-17 18:36:41,488] DEEPMD INFO    Energy RMSE        : 5.852026e-03 eV
[2026-04-17 18:36:41,488] DEEPMD INFO    Energy MAE/Natoms  : 5.144323e-04 eV
[2026-04-17 18:36:41,488] DEEPMD INFO    Energy RMSE/Natoms : 7.315033e-04 eV
[2026-04-17 18:36:41,488] DEEPMD INFO    Force  MAE         : 2.026680e-02 eV/Å
[2026-04-17 18:36:41,488] DEEPMD INFO    Force  RMSE        : 2.753570e-02 eV/Å
[2026-04-17 18:36:41,488] DEEPMD INFO    # ----------------------------------------------- 
[2026-04-17 18:36:41,488] DEEPMD INFO    # ----------weighted average of errors----------- 
[2026-04-17 18:36:41,488] DEEPMD INFO    # number of systems : 1
[2026-04-17 18:36:41,488] DEEPMD INFO    Energy MAE         : 4.115459e-03 eV
[2026-04-17 18:36:41,488] DEEPMD INFO    Energy RMSE        : 5.852026e-03 eV
[2026-04-17 18:36:41,488] DEEPMD INFO    Energy MAE/Natoms  : 5.144323e-04 eV
[2026-04-17 18:36:41,488] DEEPMD INFO    Energy RMSE/Natoms : 7.315033e-04 eV
[2026-04-17 18:36:41,488] DEEPMD INFO    Force  MAE         : 2.026680e-02 eV/Å
[2026-04-17 18:36:41,488] DEEPMD INFO    Force  RMSE        : 2.753570e-02 eV/Å
[2026-04-17 18:36:41,488] DEEPMD INFO    # -----------------------------------------------
[SPARC][INFO] ================================================================================
[SPARC][INFO] ================================================================================
[SPARC][INFO]  Training Model 3/3
[SPARC][INFO]  Directory: iter_000000/01.train/training_3
[SPARC][INFO] ================================================================================
2026-04-17 18:36:42,350 - sparc.src.deepmd - INFO - Training directory: iter_000000/01.train/training_3
2026-04-17 18:36:42,350 - INFO - Training directory: iter_000000/01.train/training_3
[SPARC][INFO]  Training Model 3/3
[SPARC][INFO] Directory                      iter_000000/01.train/training_3
[SPARC][INFO] Running command: dp --pt train input.json
To get the best performance, it is recommended to adjust the number of threads by setting the environment variables OMP_NUM_THREADS, DP_INTRA_OP_PARALLELISM_THREADS, and DP_INTER_OP_PARALLELISM_THREADS. See https://deepmd.rtfd.io/parallelism/ for more information.
/home/rverma7/anaconda3/envs/sparcGNN/lib/python3.10/site-packages/e3nn/o3/_wigner.py:10: UserWarning: Environment variable TORCH_FORCE_NO_WEIGHTS_ONLY_LOAD detected, since the`weights_only` argument was not explicitly passed to `torch.load`, forcing weights_only=False.
  _Jd, _W3j_flat, _W3j_indices = torch.load(os.path.join(os.path.dirname(__file__), 'constants.pt'))
/home/rverma7/anaconda3/envs/sparcGNN/lib/python3.10/site-packages/nequip/__init__.py:20: UserWarning: !! PyTorch version 2.6.0 found. Upstream issues in PyTorch versions 1.13.* and 2.* have been seen to cause unusual performance degredations on some CUDA systems that become worse over time; see https://github.com/mir-group/nequip/discussions/311. The best tested PyTorch version to use with CUDA devices is 1.11; while using other versions if you observe this problem, an unexpected lack of this problem, or other strange behavior, please post in the linked GitHub issue.
  warnings.warn(
[2026-04-17 18:36:45,011] DEEPMD INFO    DeePMD version: 3.1.1
[2026-04-17 18:36:45,011] DEEPMD INFO    Configuration path: input.json
[2026-04-17 18:36:45,029] DEEPMD INFO     _____               _____   __  __  _____           _     _  _   
[2026-04-17 18:36:45,029] DEEPMD INFO    |  __ \             |  __ \ |  \/  ||  __ \         | |   (_)| |  
[2026-04-17 18:36:45,029] DEEPMD INFO    | |  | |  ___   ___ | |__) || \  / || |  | | ______ | | __ _ | |_ 
[2026-04-17 18:36:45,029] DEEPMD INFO    | |  | | / _ \ / _ \|  ___/ | |\/| || |  | ||______|| |/ /| || __|
[2026-04-17 18:36:45,029] DEEPMD INFO    | |__| ||  __/|  __/| |     | |  | || |__| |        |   < | || |_ 
[2026-04-17 18:36:45,029] DEEPMD INFO    |_____/  \___| \___||_|     |_|  |_||_____/         |_|\_\|_| \__|
[2026-04-17 18:36:45,029] DEEPMD INFO    Please read and cite:
[2026-04-17 18:36:45,029] DEEPMD INFO    Wang, Zhang, Han and E, Comput.Phys.Comm. 228, 178-184 (2018)
[2026-04-17 18:36:45,029] DEEPMD INFO    Zeng et al, J. Chem. Phys., 159, 054801 (2023)
[2026-04-17 18:36:45,029] DEEPMD INFO    Zeng et al, J. Chem. Theory Comput., 21, 4375-4385 (2025)
[2026-04-17 18:36:45,029] DEEPMD INFO    See https://deepmd.rtfd.io/credits/ for details.
[2026-04-17 18:36:45,029] DEEPMD INFO    ------------------------------------------------------------------------------------------------------------------------------
[2026-04-17 18:36:45,029] DEEPMD INFO    installed to:          /home/rverma7/anaconda3/envs/sparcGNN/lib/python3.10/site-packages/deepmd
[2026-04-17 18:36:45,029] DEEPMD INFO    source:                
[2026-04-17 18:36:45,029] DEEPMD INFO    source branch:         HEAD
[2026-04-17 18:36:45,029] DEEPMD INFO    source commit:         9b566bf
[2026-04-17 18:36:45,029] DEEPMD INFO    source commit at:      2025-10-01 20:34:25 +0200
[2026-04-17 18:36:45,029] DEEPMD INFO    use float prec:        double
[2026-04-17 18:36:45,029] DEEPMD INFO    build variant:         cuda
[2026-04-17 18:36:45,029] DEEPMD INFO    Backend:               PyTorch
[2026-04-17 18:36:45,029] DEEPMD INFO    PT ver:                v2.6.0-gUnknown
[2026-04-17 18:36:45,029] DEEPMD INFO    Enable custom OP:      True
[2026-04-17 18:36:45,029] DEEPMD INFO    build with PT ver:     2.6.0
[2026-04-17 18:36:45,029] DEEPMD INFO    build with PT inc:     /home/rverma7/anaconda3/envs/sparcGNN/lib/python3.10/site-packages/torch/include
[2026-04-17 18:36:45,029] DEEPMD INFO                           /home/rverma7/anaconda3/envs/sparcGNN/lib/python3.10/site-packages/torch/include/torch/csrc/api/include
[2026-04-17 18:36:45,029] DEEPMD INFO    build with PT lib:     /home/rverma7/anaconda3/envs/sparcGNN/lib/python3.10/site-packages/torch/lib
[2026-04-17 18:36:45,029] DEEPMD INFO    running on:            cbe-dt-319.che.ncsu.edu
[2026-04-17 18:36:45,029] DEEPMD INFO    computing device:      cuda:0
[2026-04-17 18:36:45,029] DEEPMD INFO    CUDA_VISIBLE_DEVICES:  unset
[2026-04-17 18:36:45,029] DEEPMD INFO    Count of visible GPUs: 2
[2026-04-17 18:36:45,029] DEEPMD INFO    num_intra_threads:     0
[2026-04-17 18:36:45,029] DEEPMD INFO    num_inter_threads:     0
[2026-04-17 18:36:45,029] DEEPMD INFO    ------------------------------------------------------------------------------------------------------------------------------
[2026-04-17 18:36:45,066] DEEPMD INFO    Calculate neighbor statistics... (add --skip-neighbor-stat to skip this step)
[2026-04-17 18:36:45,367] DEEPMD INFO    Adjust batch size from 1024 to 2048
[2026-04-17 18:36:45,395] DEEPMD INFO    Neighbor statistics: training data with minimal neighbor distance: 0.956954
[2026-04-17 18:36:45,395] DEEPMD INFO    Neighbor statistics: training data with maximum neighbor size: [1 6 1] (cutoff radius: 6.000000)
[2026-04-17 18:36:45,396] DEEPMD INFO    Constructing DataLoaders from 1 systems
[2026-04-17 18:36:45,403] DEEPMD INFO    Constructing DataLoaders from 1 systems
[2026-04-17 18:36:45,438] DEEPMD INFO    Packing data for statistics from 1 systems
[2026-04-17 18:36:45,648] DEEPMD INFO    RMSE of energy per atom after linear regression is: 0.012278506883356827 in the unit of energy.
[2026-04-17 18:36:45,649] DEEPMD INFO    ---Summary of DataSystem: training     -----------------------------------------------
[2026-04-17 18:36:45,649] DEEPMD INFO    found 1 system(s):
[2026-04-17 18:36:45,649] DEEPMD INFO                                        system  natoms  bch_sz   n_bch       prob  pbc
[2026-04-17 18:36:45,649] DEEPMD INFO    -- w/DeePMD_training/00.data/training_data       8       4      48  1.000e+00    T
[2026-04-17 18:36:45,649] DEEPMD INFO    --------------------------------------------------------------------------------------
[2026-04-17 18:36:45,650] DEEPMD INFO    ---Summary of DataSystem: validation   -----------------------------------------------
[2026-04-17 18:36:45,650] DEEPMD INFO    found 1 system(s):
[2026-04-17 18:36:45,650] DEEPMD INFO                                        system  natoms  bch_sz   n_bch       prob  pbc
[2026-04-17 18:36:45,650] DEEPMD INFO    -- DeePMD_training/00.data/validation_data       8       4      12  1.000e+00    T
[2026-04-17 18:36:45,650] DEEPMD INFO    --------------------------------------------------------------------------------------
[2026-04-17 18:36:45,651] DEEPMD INFO    Start to train 100000 steps.
[2026-04-17 18:36:46,348] DEEPMD INFO    batch       1: trn: rmse = 2.98e+01, rmse_e = 1.41e+00, rmse_f = 9.42e-01, lr = 1.00e-03
[2026-04-17 18:36:46,348] DEEPMD INFO    batch       1: val: rmse = 9.48e+01, rmse_e = 3.29e-01, rmse_f = 3.00e+00
[2026-04-17 18:36:46,349] DEEPMD INFO    batch       1: total wall time = 0.70 s, eta = 19:22:52
[2026-04-17 18:37:11,623] DEEPMD INFO    batch    1000: trn: rmse = 4.19e+00, rmse_e = 2.45e-02, rmse_f = 1.33e-01, lr = 1.00e-03
[2026-04-17 18:37:11,623] DEEPMD INFO    batch    1000: val: rmse = 5.81e+00, rmse_e = 9.39e-03, rmse_f = 1.84e-01
[2026-04-17 18:37:11,624] DEEPMD INFO    batch    1000: total wall time = 25.27 s, eta = 0:41:42
[2026-04-17 18:37:36,658] DEEPMD INFO    batch    2000: trn: rmse = 5.38e+00, rmse_e = 3.46e-02, rmse_f = 1.70e-01, lr = 1.00e-03
[2026-04-17 18:37:36,658] DEEPMD INFO    batch    2000: val: rmse = 3.75e+00, rmse_e = 2.41e-02, rmse_f = 1.19e-01
[2026-04-17 18:37:36,659] DEEPMD INFO    batch    2000: total wall time = 25.03 s, eta = 0:40:53
[2026-04-17 18:38:01,645] DEEPMD INFO    batch    3000: trn: rmse = 4.43e+00, rmse_e = 2.84e-02, rmse_f = 1.40e-01, lr = 1.00e-03
[2026-04-17 18:38:01,645] DEEPMD INFO    batch    3000: val: rmse = 2.79e+00, rmse_e = 1.70e-02, rmse_f = 8.83e-02
[2026-04-17 18:38:01,646] DEEPMD INFO    batch    3000: total wall time = 24.99 s, eta = 0:40:23
[2026-04-17 18:38:26,058] DEEPMD INFO    batch    4000: trn: rmse = 3.91e+00, rmse_e = 7.93e-02, rmse_f = 1.24e-01, lr = 1.00e-03
[2026-04-17 18:38:26,058] DEEPMD INFO    batch    4000: val: rmse = 2.73e+00, rmse_e = 8.83e-02, rmse_f = 8.64e-02
[2026-04-17 18:38:26,059] DEEPMD INFO    batch    4000: total wall time = 24.41 s, eta = 0:39:03
[2026-04-17 18:38:51,575] DEEPMD INFO    batch    5000: trn: rmse = 1.97e+00, rmse_e = 4.94e-02, rmse_f = 6.24e-02, lr = 1.00e-03
[2026-04-17 18:38:51,575] DEEPMD INFO    batch    5000: val: rmse = 3.66e+00, rmse_e = 6.07e-02, rmse_f = 1.16e-01
[2026-04-17 18:38:51,576] DEEPMD INFO    batch    5000: total wall time = 25.52 s, eta = 0:40:24
[2026-04-17 18:39:17,058] DEEPMD INFO    batch    6000: trn: rmse = 1.82e+00, rmse_e = 2.50e-02, rmse_f = 7.42e-02, lr = 5.99e-04
[2026-04-17 18:39:17,058] DEEPMD INFO    batch    6000: val: rmse = 1.85e+00, rmse_e = 3.87e-02, rmse_f = 7.56e-02
[2026-04-17 18:39:17,059] DEEPMD INFO    batch    6000: total wall time = 25.48 s, eta = 0:39:55
[2026-04-17 18:39:41,629] DEEPMD INFO    batch    7000: trn: rmse = 1.91e+00, rmse_e = 9.54e-03, rmse_f = 7.81e-02, lr = 5.99e-04
[2026-04-17 18:39:41,629] DEEPMD INFO    batch    7000: val: rmse = 1.62e+00, rmse_e = 1.05e-02, rmse_f = 6.63e-02
[2026-04-17 18:39:41,630] DEEPMD INFO    batch    7000: total wall time = 24.57 s, eta = 0:38:05
[2026-04-17 18:40:07,004] DEEPMD INFO    batch    8000: trn: rmse = 1.72e+00, rmse_e = 8.39e-03, rmse_f = 7.04e-02, lr = 5.99e-04
[2026-04-17 18:40:07,004] DEEPMD INFO    batch    8000: val: rmse = 2.02e+00, rmse_e = 1.06e-02, rmse_f = 8.26e-02
[2026-04-17 18:40:07,005] DEEPMD INFO    batch    8000: total wall time = 25.38 s, eta = 0:38:54
[2026-04-17 18:40:32,073] DEEPMD INFO    batch    9000: trn: rmse = 1.58e+00, rmse_e = 4.09e-02, rmse_f = 6.43e-02, lr = 5.99e-04
[2026-04-17 18:40:32,074] DEEPMD INFO    batch    9000: val: rmse = 1.85e+00, rmse_e = 2.38e-02, rmse_f = 7.56e-02
[2026-04-17 18:40:32,074] DEEPMD INFO    batch    9000: total wall time = 25.07 s, eta = 0:38:01
[2026-04-17 18:40:57,965] DEEPMD INFO    batch   10000: trn: rmse = 1.46e+00, rmse_e = 6.05e-02, rmse_f = 5.95e-02, lr = 5.99e-04
[2026-04-17 18:40:57,965] DEEPMD INFO    batch   10000: val: rmse = 1.63e+00, rmse_e = 4.97e-02, rmse_f = 6.66e-02
[2026-04-17 18:40:57,966] DEEPMD INFO    batch   10000: total wall time = 25.89 s, eta = 0:38:50
[2026-04-17 18:40:57,993] DEEPMD INFO    Saved model to model.ckpt-10000.pt
[2026-04-17 18:41:22,793] DEEPMD INFO    batch   11000: trn: rmse = 1.12e+00, rmse_e = 7.03e-03, rmse_f = 5.89e-02, lr = 3.59e-04
[2026-04-17 18:41:22,793] DEEPMD INFO    batch   11000: val: rmse = 1.01e+00, rmse_e = 4.21e-03, rmse_f = 5.35e-02
[2026-04-17 18:41:22,794] DEEPMD INFO    batch   11000: total wall time = 24.83 s, eta = 0:36:49
[2026-04-17 18:41:47,511] DEEPMD INFO    batch   12000: trn: rmse = 7.59e-01, rmse_e = 1.59e-02, rmse_f = 4.00e-02, lr = 3.59e-04
[2026-04-17 18:41:47,511] DEEPMD INFO    batch   12000: val: rmse = 8.77e-01, rmse_e = 1.19e-02, rmse_f = 4.62e-02
[2026-04-17 18:41:47,512] DEEPMD INFO    batch   12000: total wall time = 24.72 s, eta = 0:36:15
[2026-04-17 18:42:13,130] DEEPMD INFO    batch   13000: trn: rmse = 1.25e+00, rmse_e = 2.04e-02, rmse_f = 6.61e-02, lr = 3.59e-04
[2026-04-17 18:42:13,130] DEEPMD INFO    batch   13000: val: rmse = 1.10e+00, rmse_e = 1.12e-02, rmse_f = 5.82e-02
[2026-04-17 18:42:13,131] DEEPMD INFO    batch   13000: total wall time = 25.62 s, eta = 0:37:08
[2026-04-17 18:42:38,285] DEEPMD INFO    batch   14000: trn: rmse = 8.28e-01, rmse_e = 1.79e-02, rmse_f = 4.36e-02, lr = 3.59e-04
[2026-04-17 18:42:38,285] DEEPMD INFO    batch   14000: val: rmse = 8.93e-01, rmse_e = 2.43e-02, rmse_f = 4.70e-02
[2026-04-17 18:42:38,286] DEEPMD INFO    batch   14000: total wall time = 25.15 s, eta = 0:36:03
[2026-04-17 18:43:03,848] DEEPMD INFO    batch   15000: trn: rmse = 1.02e+00, rmse_e = 1.06e-02, rmse_f = 5.37e-02, lr = 3.59e-04
[2026-04-17 18:43:03,848] DEEPMD INFO    batch   15000: val: rmse = 1.10e+00, rmse_e = 1.81e-03, rmse_f = 5.80e-02
[2026-04-17 18:43:03,849] DEEPMD INFO    batch   15000: total wall time = 25.56 s, eta = 0:36:12
[2026-04-17 18:43:29,605] DEEPMD INFO    batch   16000: trn: rmse = 6.46e-01, rmse_e = 1.94e-03, rmse_f = 4.40e-02, lr = 2.15e-04
[2026-04-17 18:43:29,605] DEEPMD INFO    batch   16000: val: rmse = 6.05e-01, rmse_e = 2.47e-03, rmse_f = 4.12e-02
[2026-04-17 18:43:29,606] DEEPMD INFO    batch   16000: total wall time = 25.76 s, eta = 0:36:03
[2026-04-17 18:43:54,846] DEEPMD INFO    batch   17000: trn: rmse = 7.96e-01, rmse_e = 5.92e-03, rmse_f = 5.42e-02, lr = 2.15e-04
[2026-04-17 18:43:54,846] DEEPMD INFO    batch   17000: val: rmse = 6.45e-01, rmse_e = 5.57e-03, rmse_f = 4.39e-02
[2026-04-17 18:43:54,846] DEEPMD INFO    batch   17000: total wall time = 25.24 s, eta = 0:34:54
[2026-04-17 18:44:19,589] DEEPMD INFO    batch   18000: trn: rmse = 7.54e-01, rmse_e = 5.81e-03, rmse_f = 5.14e-02, lr = 2.15e-04
[2026-04-17 18:44:19,589] DEEPMD INFO    batch   18000: val: rmse = 5.25e-01, rmse_e = 9.03e-03, rmse_f = 3.57e-02
[2026-04-17 18:44:19,590] DEEPMD INFO    batch   18000: total wall time = 24.74 s, eta = 0:33:48
[2026-04-17 18:44:44,786] DEEPMD INFO    batch   19000: trn: rmse = 5.41e-01, rmse_e = 9.97e-03, rmse_f = 3.68e-02, lr = 2.15e-04
[2026-04-17 18:44:44,787] DEEPMD INFO    batch   19000: val: rmse = 5.53e-01, rmse_e = 7.30e-03, rmse_f = 3.77e-02
[2026-04-17 18:44:44,787] DEEPMD INFO    batch   19000: total wall time = 25.20 s, eta = 0:34:00
[2026-04-17 18:45:10,114] DEEPMD INFO    batch   20000: trn: rmse = 7.25e-01, rmse_e = 9.11e-03, rmse_f = 4.94e-02, lr = 2.15e-04
[2026-04-17 18:45:10,114] DEEPMD INFO    batch   20000: val: rmse = 5.75e-01, rmse_e = 7.47e-03, rmse_f = 3.91e-02
[2026-04-17 18:45:10,114] DEEPMD INFO    batch   20000: total wall time = 25.33 s, eta = 0:33:46
[2026-04-17 18:45:10,142] DEEPMD INFO    Saved model to model.ckpt-20000.pt
[2026-04-17 18:45:35,725] DEEPMD INFO    batch   21000: trn: rmse = 4.35e-01, rmse_e = 2.89e-03, rmse_f = 3.83e-02, lr = 1.29e-04
[2026-04-17 18:45:35,725] DEEPMD INFO    batch   21000: val: rmse = 3.33e-01, rmse_e = 3.48e-03, rmse_f = 2.93e-02
[2026-04-17 18:45:35,726] DEEPMD INFO    batch   21000: total wall time = 25.61 s, eta = 0:33:43
[2026-04-17 18:46:01,533] DEEPMD INFO    batch   22000: trn: rmse = 4.57e-01, rmse_e = 1.51e-02, rmse_f = 4.00e-02, lr = 1.29e-04
[2026-04-17 18:46:01,534] DEEPMD INFO    batch   22000: val: rmse = 4.88e-01, rmse_e = 1.68e-02, rmse_f = 4.27e-02
[2026-04-17 18:46:01,534] DEEPMD INFO    batch   22000: total wall time = 25.81 s, eta = 0:33:33
[2026-04-17 18:46:26,357] DEEPMD INFO    batch   23000: trn: rmse = 4.88e-01, rmse_e = 1.49e-03, rmse_f = 4.29e-02, lr = 1.29e-04
[2026-04-17 18:46:26,358] DEEPMD INFO    batch   23000: val: rmse = 5.19e-01, rmse_e = 5.58e-03, rmse_f = 4.56e-02
[2026-04-17 18:46:26,358] DEEPMD INFO    batch   23000: total wall time = 24.82 s, eta = 0:31:51
[2026-04-17 18:46:51,746] DEEPMD INFO    batch   24000: trn: rmse = 4.03e-01, rmse_e = 7.85e-03, rmse_f = 3.54e-02, lr = 1.29e-04
[2026-04-17 18:46:51,746] DEEPMD INFO    batch   24000: val: rmse = 4.43e-01, rmse_e = 4.98e-03, rmse_f = 3.90e-02
[2026-04-17 18:46:51,746] DEEPMD INFO    batch   24000: total wall time = 25.39 s, eta = 0:32:09
[2026-04-17 18:47:17,140] DEEPMD INFO    batch   25000: trn: rmse = 3.96e-01, rmse_e = 1.34e-02, rmse_f = 3.46e-02, lr = 1.29e-04
[2026-04-17 18:47:17,141] DEEPMD INFO    batch   25000: val: rmse = 4.20e-01, rmse_e = 1.81e-02, rmse_f = 3.67e-02
[2026-04-17 18:47:17,141] DEEPMD INFO    batch   25000: total wall time = 25.39 s, eta = 0:31:44
[2026-04-17 18:47:42,382] DEEPMD INFO    batch   26000: trn: rmse = 3.55e-01, rmse_e = 3.51e-03, rmse_f = 4.02e-02, lr = 7.70e-05
[2026-04-17 18:47:42,382] DEEPMD INFO    batch   26000: val: rmse = 3.55e-01, rmse_e = 2.67e-03, rmse_f = 4.02e-02
[2026-04-17 18:47:42,382] DEEPMD INFO    batch   26000: total wall time = 25.24 s, eta = 0:31:07
[2026-04-17 18:48:07,401] DEEPMD INFO    batch   27000: trn: rmse = 1.93e-01, rmse_e = 6.30e-04, rmse_f = 2.18e-02, lr = 7.70e-05
[2026-04-17 18:48:07,401] DEEPMD INFO    batch   27000: val: rmse = 2.90e-01, rmse_e = 8.41e-04, rmse_f = 3.28e-02
[2026-04-17 18:48:07,402] DEEPMD INFO    batch   27000: total wall time = 25.02 s, eta = 0:30:26
[2026-04-17 18:48:33,554] DEEPMD INFO    batch   28000: trn: rmse = 1.89e-01, rmse_e = 3.15e-03, rmse_f = 2.14e-02, lr = 7.70e-05
[2026-04-17 18:48:33,554] DEEPMD INFO    batch   28000: val: rmse = 2.82e-01, rmse_e = 6.02e-03, rmse_f = 3.19e-02
[2026-04-17 18:48:33,555] DEEPMD INFO    batch   28000: total wall time = 26.15 s, eta = 0:31:23
[2026-04-17 18:48:59,404] DEEPMD INFO    batch   29000: trn: rmse = 2.90e-01, rmse_e = 2.13e-03, rmse_f = 3.28e-02, lr = 7.70e-05
[2026-04-17 18:48:59,404] DEEPMD INFO    batch   29000: val: rmse = 3.04e-01, rmse_e = 4.05e-03, rmse_f = 3.44e-02
[2026-04-17 18:48:59,405] DEEPMD INFO    batch   29000: total wall time = 25.85 s, eta = 0:30:35
[2026-04-17 18:49:25,224] DEEPMD INFO    batch   30000: trn: rmse = 3.38e-01, rmse_e = 2.18e-03, rmse_f = 3.83e-02, lr = 7.70e-05
[2026-04-17 18:49:25,225] DEEPMD INFO    batch   30000: val: rmse = 2.58e-01, rmse_e = 4.65e-03, rmse_f = 2.92e-02
[2026-04-17 18:49:25,225] DEEPMD INFO    batch   30000: total wall time = 25.82 s, eta = 0:30:07
[2026-04-17 18:49:25,252] DEEPMD INFO    Saved model to model.ckpt-30000.pt
[2026-04-17 18:49:50,168] DEEPMD INFO    batch   31000: trn: rmse = 1.96e-01, rmse_e = 9.00e-04, rmse_f = 2.85e-02, lr = 4.61e-05
[2026-04-17 18:49:50,168] DEEPMD INFO    batch   31000: val: rmse = 2.19e-01, rmse_e = 1.14e-03, rmse_f = 3.19e-02
[2026-04-17 18:49:50,168] DEEPMD INFO    batch   31000: total wall time = 24.94 s, eta = 0:28:41
[2026-04-17 18:50:15,821] DEEPMD INFO    batch   32000: trn: rmse = 1.73e-01, rmse_e = 3.31e-03, rmse_f = 2.52e-02, lr = 4.61e-05
[2026-04-17 18:50:15,821] DEEPMD INFO    batch   32000: val: rmse = 1.91e-01, rmse_e = 1.00e-03, rmse_f = 2.78e-02
[2026-04-17 18:50:15,821] DEEPMD INFO    batch   32000: total wall time = 25.65 s, eta = 0:29:04
[2026-04-17 18:50:41,407] DEEPMD INFO    batch   33000: trn: rmse = 2.40e-01, rmse_e = 4.10e-03, rmse_f = 3.49e-02, lr = 4.61e-05
[2026-04-17 18:50:41,407] DEEPMD INFO    batch   33000: val: rmse = 2.26e-01, rmse_e = 4.89e-03, rmse_f = 3.29e-02
[2026-04-17 18:50:41,408] DEEPMD INFO    batch   33000: total wall time = 25.59 s, eta = 0:28:34
[2026-04-17 18:51:07,258] DEEPMD INFO    batch   34000: trn: rmse = 1.96e-01, rmse_e = 5.85e-03, rmse_f = 2.85e-02, lr = 4.61e-05
[2026-04-17 18:51:07,259] DEEPMD INFO    batch   34000: val: rmse = 1.90e-01, rmse_e = 3.66e-03, rmse_f = 2.77e-02
[2026-04-17 18:51:07,259] DEEPMD INFO    batch   34000: total wall time = 25.85 s, eta = 0:28:26
[2026-04-17 18:51:33,099] DEEPMD INFO    batch   35000: trn: rmse = 2.14e-01, rmse_e = 3.55e-03, rmse_f = 3.12e-02, lr = 4.61e-05
[2026-04-17 18:51:33,099] DEEPMD INFO    batch   35000: val: rmse = 2.11e-01, rmse_e = 7.52e-03, rmse_f = 3.07e-02
[2026-04-17 18:51:33,100] DEEPMD INFO    batch   35000: total wall time = 25.84 s, eta = 0:27:59
[2026-04-17 18:51:58,709] DEEPMD INFO    batch   36000: trn: rmse = 1.34e-01, rmse_e = 1.27e-03, rmse_f = 2.50e-02, lr = 2.76e-05
[2026-04-17 18:51:58,709] DEEPMD INFO    batch   36000: val: rmse = 1.66e-01, rmse_e = 7.40e-04, rmse_f = 3.11e-02
[2026-04-17 18:51:58,710] DEEPMD INFO    batch   36000: total wall time = 25.61 s, eta = 0:27:19
[2026-04-17 18:52:23,909] DEEPMD INFO    batch   37000: trn: rmse = 1.66e-01, rmse_e = 4.18e-03, rmse_f = 3.10e-02, lr = 2.76e-05
[2026-04-17 18:52:23,910] DEEPMD INFO    batch   37000: val: rmse = 1.36e-01, rmse_e = 1.44e-03, rmse_f = 2.54e-02
[2026-04-17 18:52:23,910] DEEPMD INFO    batch   37000: total wall time = 25.20 s, eta = 0:26:27
[2026-04-17 18:52:48,736] DEEPMD INFO    batch   38000: trn: rmse = 1.74e-01, rmse_e = 2.19e-03, rmse_f = 3.25e-02, lr = 2.76e-05
[2026-04-17 18:52:48,736] DEEPMD INFO    batch   38000: val: rmse = 1.73e-01, rmse_e = 3.84e-03, rmse_f = 3.24e-02
[2026-04-17 18:52:48,737] DEEPMD INFO    batch   38000: total wall time = 24.83 s, eta = 0:25:39
[2026-04-17 18:53:14,278] DEEPMD INFO    batch   39000: trn: rmse = 1.49e-01, rmse_e = 1.08e-03, rmse_f = 2.79e-02, lr = 2.76e-05
[2026-04-17 18:53:14,278] DEEPMD INFO    batch   39000: val: rmse = 1.58e-01, rmse_e = 1.07e-03, rmse_f = 2.95e-02
[2026-04-17 18:53:14,278] DEEPMD INFO    batch   39000: total wall time = 25.54 s, eta = 0:25:58
[2026-04-17 18:53:39,834] DEEPMD INFO    batch   40000: trn: rmse = 1.72e-01, rmse_e = 2.37e-03, rmse_f = 3.22e-02, lr = 2.76e-05
[2026-04-17 18:53:39,834] DEEPMD INFO    batch   40000: val: rmse = 1.97e-01, rmse_e = 2.87e-03, rmse_f = 3.69e-02
[2026-04-17 18:53:39,834] DEEPMD INFO    batch   40000: total wall time = 25.56 s, eta = 0:25:33
[2026-04-17 18:53:39,861] DEEPMD INFO    Saved model to model.ckpt-40000.pt
[2026-04-17 18:54:04,699] DEEPMD INFO    batch   41000: trn: rmse = 1.18e-01, rmse_e = 2.48e-03, rmse_f = 2.81e-02, lr = 1.65e-05
[2026-04-17 18:54:04,699] DEEPMD INFO    batch   41000: val: rmse = 1.18e-01, rmse_e = 3.36e-03, rmse_f = 2.81e-02
[2026-04-17 18:54:04,700] DEEPMD INFO    batch   41000: total wall time = 24.87 s, eta = 0:24:27
[2026-04-17 18:54:29,963] DEEPMD INFO    batch   42000: trn: rmse = 1.30e-01, rmse_e = 3.60e-03, rmse_f = 3.10e-02, lr = 1.65e-05
[2026-04-17 18:54:29,963] DEEPMD INFO    batch   42000: val: rmse = 1.23e-01, rmse_e = 3.52e-03, rmse_f = 2.93e-02
[2026-04-17 18:54:29,964] DEEPMD INFO    batch   42000: total wall time = 25.26 s, eta = 0:24:25
[2026-04-17 18:54:54,946] DEEPMD INFO    batch   43000: trn: rmse = 1.41e-01, rmse_e = 1.50e-03, rmse_f = 3.36e-02, lr = 1.65e-05
[2026-04-17 18:54:54,947] DEEPMD INFO    batch   43000: val: rmse = 1.11e-01, rmse_e = 1.03e-03, rmse_f = 2.65e-02
[2026-04-17 18:54:54,947] DEEPMD INFO    batch   43000: total wall time = 24.98 s, eta = 0:23:44
[2026-04-17 18:55:19,805] DEEPMD INFO    batch   44000: trn: rmse = 1.22e-01, rmse_e = 4.78e-03, rmse_f = 2.90e-02, lr = 1.65e-05
[2026-04-17 18:55:19,806] DEEPMD INFO    batch   44000: val: rmse = 1.06e-01, rmse_e = 4.09e-03, rmse_f = 2.51e-02
[2026-04-17 18:55:19,806] DEEPMD INFO    batch   44000: total wall time = 24.86 s, eta = 0:23:12
[2026-04-17 18:55:45,114] DEEPMD INFO    batch   45000: trn: rmse = 6.50e-02, rmse_e = 3.59e-04, rmse_f = 1.55e-02, lr = 1.65e-05
[2026-04-17 18:55:45,114] DEEPMD INFO    batch   45000: val: rmse = 1.26e-01, rmse_e = 1.14e-03, rmse_f = 3.02e-02
[2026-04-17 18:55:45,115] DEEPMD INFO    batch   45000: total wall time = 25.31 s, eta = 0:23:11
[2026-04-17 18:56:10,642] DEEPMD INFO    batch   46000: trn: rmse = 7.74e-02, rmse_e = 1.07e-03, rmse_f = 2.34e-02, lr = 9.89e-06
[2026-04-17 18:56:10,643] DEEPMD INFO    batch   46000: val: rmse = 8.98e-02, rmse_e = 5.56e-04, rmse_f = 2.72e-02
[2026-04-17 18:56:10,643] DEEPMD INFO    batch   46000: total wall time = 25.53 s, eta = 0:22:58
[2026-04-17 18:56:36,938] DEEPMD INFO    batch   47000: trn: rmse = 7.98e-02, rmse_e = 2.73e-03, rmse_f = 2.41e-02, lr = 9.89e-06
[2026-04-17 18:56:36,938] DEEPMD INFO    batch   47000: val: rmse = 9.29e-02, rmse_e = 2.87e-03, rmse_f = 2.81e-02
[2026-04-17 18:56:36,939] DEEPMD INFO    batch   47000: total wall time = 26.30 s, eta = 0:23:13
[2026-04-17 18:57:02,429] DEEPMD INFO    batch   48000: trn: rmse = 8.66e-02, rmse_e = 1.34e-03, rmse_f = 2.62e-02, lr = 9.89e-06
[2026-04-17 18:57:02,429] DEEPMD INFO    batch   48000: val: rmse = 1.26e-01, rmse_e = 1.74e-03, rmse_f = 3.82e-02
[2026-04-17 18:57:02,429] DEEPMD INFO    batch   48000: total wall time = 25.49 s, eta = 0:22:05
[2026-04-17 18:57:27,514] DEEPMD INFO    batch   49000: trn: rmse = 1.05e-01, rmse_e = 1.17e-03, rmse_f = 3.19e-02, lr = 9.89e-06
[2026-04-17 18:57:27,515] DEEPMD INFO    batch   49000: val: rmse = 1.24e-01, rmse_e = 2.78e-03, rmse_f = 3.74e-02
[2026-04-17 18:57:27,515] DEEPMD INFO    batch   49000: total wall time = 25.09 s, eta = 0:21:19
[2026-04-17 18:57:53,041] DEEPMD INFO    batch   50000: trn: rmse = 7.48e-02, rmse_e = 1.74e-03, rmse_f = 2.26e-02, lr = 9.89e-06
[2026-04-17 18:57:53,042] DEEPMD INFO    batch   50000: val: rmse = 5.36e-02, rmse_e = 7.67e-04, rmse_f = 1.62e-02
[2026-04-17 18:57:53,043] DEEPMD INFO    batch   50000: total wall time = 25.53 s, eta = 0:21:16
[2026-04-17 18:57:53,072] DEEPMD INFO    Saved model to model.ckpt-50000.pt
[2026-04-17 18:58:18,695] DEEPMD INFO    batch   51000: trn: rmse = 6.02e-02, rmse_e = 4.43e-04, rmse_f = 2.29e-02, lr = 5.92e-06
[2026-04-17 18:58:18,696] DEEPMD INFO    batch   51000: val: rmse = 3.84e-02, rmse_e = 4.03e-04, rmse_f = 1.46e-02
[2026-04-17 18:58:18,697] DEEPMD INFO    batch   51000: total wall time = 25.65 s, eta = 0:20:57
[2026-04-17 18:58:44,535] DEEPMD INFO    batch   52000: trn: rmse = 5.80e-02, rmse_e = 7.34e-04, rmse_f = 2.20e-02, lr = 5.92e-06
[2026-04-17 18:58:44,535] DEEPMD INFO    batch   52000: val: rmse = 7.72e-02, rmse_e = 1.18e-03, rmse_f = 2.93e-02
[2026-04-17 18:58:44,536] DEEPMD INFO    batch   52000: total wall time = 25.84 s, eta = 0:20:40
[2026-04-17 18:59:10,424] DEEPMD INFO    batch   53000: trn: rmse = 6.29e-02, rmse_e = 1.90e-04, rmse_f = 2.39e-02, lr = 5.92e-06
[2026-04-17 18:59:10,424] DEEPMD INFO    batch   53000: val: rmse = 7.45e-02, rmse_e = 5.18e-04, rmse_f = 2.83e-02
[2026-04-17 18:59:10,425] DEEPMD INFO    batch   53000: total wall time = 25.89 s, eta = 0:20:16
[2026-04-17 18:59:35,974] DEEPMD INFO    batch   54000: trn: rmse = 8.13e-02, rmse_e = 1.10e-03, rmse_f = 3.09e-02, lr = 5.92e-06
[2026-04-17 18:59:35,974] DEEPMD INFO    batch   54000: val: rmse = 7.61e-02, rmse_e = 1.31e-03, rmse_f = 2.89e-02
[2026-04-17 18:59:35,975] DEEPMD INFO    batch   54000: total wall time = 25.55 s, eta = 0:19:35
[2026-04-17 19:00:01,537] DEEPMD INFO    batch   55000: trn: rmse = 8.79e-02, rmse_e = 1.06e-03, rmse_f = 3.34e-02, lr = 5.92e-06
[2026-04-17 19:00:01,537] DEEPMD INFO    batch   55000: val: rmse = 5.66e-02, rmse_e = 1.34e-03, rmse_f = 2.15e-02
[2026-04-17 19:00:01,538] DEEPMD INFO    batch   55000: total wall time = 25.56 s, eta = 0:19:10
[2026-04-17 19:00:26,063] DEEPMD INFO    batch   56000: trn: rmse = 5.60e-02, rmse_e = 4.42e-04, rmse_f = 2.63e-02, lr = 3.55e-06
[2026-04-17 19:00:26,064] DEEPMD INFO    batch   56000: val: rmse = 5.98e-02, rmse_e = 9.81e-04, rmse_f = 2.80e-02
[2026-04-17 19:00:26,064] DEEPMD INFO    batch   56000: total wall time = 24.53 s, eta = 0:17:59
[2026-04-17 19:00:51,448] DEEPMD INFO    batch   57000: trn: rmse = 3.89e-02, rmse_e = 5.16e-04, rmse_f = 1.82e-02, lr = 3.55e-06
[2026-04-17 19:00:51,449] DEEPMD INFO    batch   57000: val: rmse = 6.07e-02, rmse_e = 1.41e-03, rmse_f = 2.84e-02
[2026-04-17 19:00:51,449] DEEPMD INFO    batch   57000: total wall time = 25.39 s, eta = 0:18:11
[2026-04-17 19:01:17,711] DEEPMD INFO    batch   58000: trn: rmse = 5.32e-02, rmse_e = 5.89e-04, rmse_f = 2.50e-02, lr = 3.55e-06
[2026-04-17 19:01:17,711] DEEPMD INFO    batch   58000: val: rmse = 6.64e-02, rmse_e = 1.04e-03, rmse_f = 3.11e-02
[2026-04-17 19:01:17,712] DEEPMD INFO    batch   58000: total wall time = 26.26 s, eta = 0:18:23
[2026-04-17 19:01:42,985] DEEPMD INFO    batch   59000: trn: rmse = 5.51e-02, rmse_e = 4.62e-04, rmse_f = 2.58e-02, lr = 3.55e-06
[2026-04-17 19:01:42,986] DEEPMD INFO    batch   59000: val: rmse = 5.27e-02, rmse_e = 6.95e-04, rmse_f = 2.47e-02
[2026-04-17 19:01:42,986] DEEPMD INFO    batch   59000: total wall time = 25.27 s, eta = 0:17:16
[2026-04-17 19:02:07,955] DEEPMD INFO    batch   60000: trn: rmse = 4.82e-02, rmse_e = 1.51e-03, rmse_f = 2.25e-02, lr = 3.55e-06
[2026-04-17 19:02:07,955] DEEPMD INFO    batch   60000: val: rmse = 6.43e-02, rmse_e = 1.77e-03, rmse_f = 3.01e-02
[2026-04-17 19:02:07,956] DEEPMD INFO    batch   60000: total wall time = 24.97 s, eta = 0:16:38
[2026-04-17 19:02:07,983] DEEPMD INFO    Saved model to model.ckpt-60000.pt
[2026-04-17 19:02:32,807] DEEPMD INFO    batch   61000: trn: rmse = 5.17e-02, rmse_e = 6.11e-04, rmse_f = 2.92e-02, lr = 2.12e-06
[2026-04-17 19:02:32,807] DEEPMD INFO    batch   61000: val: rmse = 5.46e-02, rmse_e = 5.89e-04, rmse_f = 3.09e-02
[2026-04-17 19:02:32,807] DEEPMD INFO    batch   61000: total wall time = 24.85 s, eta = 0:16:09
[2026-04-17 19:02:58,538] DEEPMD INFO    batch   62000: trn: rmse = 4.57e-02, rmse_e = 1.34e-03, rmse_f = 2.57e-02, lr = 2.12e-06
[2026-04-17 19:02:58,539] DEEPMD INFO    batch   62000: val: rmse = 4.31e-02, rmse_e = 1.16e-03, rmse_f = 2.43e-02
[2026-04-17 19:02:58,539] DEEPMD INFO    batch   62000: total wall time = 25.73 s, eta = 0:16:17
[2026-04-17 19:03:24,433] DEEPMD INFO    batch   63000: trn: rmse = 4.82e-02, rmse_e = 1.02e-03, rmse_f = 2.72e-02, lr = 2.12e-06
[2026-04-17 19:03:24,434] DEEPMD INFO    batch   63000: val: rmse = 5.38e-02, rmse_e = 8.62e-04, rmse_f = 3.04e-02
[2026-04-17 19:03:24,434] DEEPMD INFO    batch   63000: total wall time = 25.90 s, eta = 0:15:58
[2026-04-17 19:03:49,381] DEEPMD INFO    batch   64000: trn: rmse = 5.52e-02, rmse_e = 7.31e-04, rmse_f = 3.12e-02, lr = 2.12e-06
[2026-04-17 19:03:49,382] DEEPMD INFO    batch   64000: val: rmse = 5.26e-02, rmse_e = 3.96e-04, rmse_f = 2.98e-02
[2026-04-17 19:03:49,382] DEEPMD INFO    batch   64000: total wall time = 24.95 s, eta = 0:14:58
[2026-04-17 19:04:14,101] DEEPMD INFO    batch   65000: trn: rmse = 3.49e-02, rmse_e = 5.48e-04, rmse_f = 1.97e-02, lr = 2.12e-06
[2026-04-17 19:04:14,102] DEEPMD INFO    batch   65000: val: rmse = 5.28e-02, rmse_e = 9.66e-04, rmse_f = 2.98e-02
[2026-04-17 19:04:14,102] DEEPMD INFO    batch   65000: total wall time = 24.72 s, eta = 0:14:25
[2026-04-17 19:04:40,096] DEEPMD INFO    batch   66000: trn: rmse = 2.98e-02, rmse_e = 4.26e-04, rmse_f = 1.97e-02, lr = 1.27e-06
[2026-04-17 19:04:40,096] DEEPMD INFO    batch   66000: val: rmse = 5.26e-02, rmse_e = 6.98e-04, rmse_f = 3.49e-02
[2026-04-17 19:04:40,096] DEEPMD INFO    batch   66000: total wall time = 25.99 s, eta = 0:14:43
[2026-04-17 19:05:06,051] DEEPMD INFO    batch   67000: trn: rmse = 5.13e-02, rmse_e = 1.12e-03, rmse_f = 3.40e-02, lr = 1.27e-06
[2026-04-17 19:05:06,051] DEEPMD INFO    batch   67000: val: rmse = 4.48e-02, rmse_e = 5.66e-04, rmse_f = 2.97e-02
[2026-04-17 19:05:06,051] DEEPMD INFO    batch   67000: total wall time = 25.96 s, eta = 0:14:16
[2026-04-17 19:05:31,784] DEEPMD INFO    batch   68000: trn: rmse = 4.09e-02, rmse_e = 5.39e-04, rmse_f = 2.71e-02, lr = 1.27e-06
[2026-04-17 19:05:31,785] DEEPMD INFO    batch   68000: val: rmse = 4.46e-02, rmse_e = 6.07e-04, rmse_f = 2.96e-02
[2026-04-17 19:05:31,785] DEEPMD INFO    batch   68000: total wall time = 25.73 s, eta = 0:13:43
[2026-04-17 19:05:57,055] DEEPMD INFO    batch   69000: trn: rmse = 3.77e-02, rmse_e = 3.44e-04, rmse_f = 2.50e-02, lr = 1.27e-06
[2026-04-17 19:05:57,055] DEEPMD INFO    batch   69000: val: rmse = 3.63e-02, rmse_e = 7.75e-04, rmse_f = 2.41e-02
[2026-04-17 19:05:57,055] DEEPMD INFO    batch   69000: total wall time = 25.27 s, eta = 0:13:03
[2026-04-17 19:06:22,783] DEEPMD INFO    batch   70000: trn: rmse = 2.78e-02, rmse_e = 5.61e-04, rmse_f = 1.84e-02, lr = 1.27e-06
[2026-04-17 19:06:22,783] DEEPMD INFO    batch   70000: val: rmse = 3.63e-02, rmse_e = 5.16e-04, rmse_f = 2.41e-02
[2026-04-17 19:06:22,783] DEEPMD INFO    batch   70000: total wall time = 25.73 s, eta = 0:12:51
[2026-04-17 19:06:22,813] DEEPMD INFO    Saved model to model.ckpt-70000.pt
[2026-04-17 19:06:48,081] DEEPMD INFO    batch   71000: trn: rmse = 2.73e-02, rmse_e = 5.09e-04, rmse_f = 2.06e-02, lr = 7.62e-07
[2026-04-17 19:06:48,081] DEEPMD INFO    batch   71000: val: rmse = 3.31e-02, rmse_e = 7.46e-04, rmse_f = 2.49e-02
[2026-04-17 19:06:48,082] DEEPMD INFO    batch   71000: total wall time = 25.30 s, eta = 0:12:13
[2026-04-17 19:07:13,804] DEEPMD INFO    batch   72000: trn: rmse = 3.27e-02, rmse_e = 6.08e-04, rmse_f = 2.46e-02, lr = 7.62e-07
[2026-04-17 19:07:13,804] DEEPMD INFO    batch   72000: val: rmse = 3.29e-02, rmse_e = 5.22e-04, rmse_f = 2.47e-02
[2026-04-17 19:07:13,805] DEEPMD INFO    batch   72000: total wall time = 25.72 s, eta = 0:12:00
[2026-04-17 19:07:39,788] DEEPMD INFO    batch   73000: trn: rmse = 3.46e-02, rmse_e = 4.51e-04, rmse_f = 2.61e-02, lr = 7.62e-07
[2026-04-17 19:07:39,788] DEEPMD INFO    batch   73000: val: rmse = 3.31e-02, rmse_e = 6.28e-04, rmse_f = 2.49e-02
[2026-04-17 19:07:39,789] DEEPMD INFO    batch   73000: total wall time = 25.98 s, eta = 0:11:41
[2026-04-17 19:08:05,234] DEEPMD INFO    batch   74000: trn: rmse = 3.85e-02, rmse_e = 5.05e-04, rmse_f = 2.90e-02, lr = 7.62e-07
[2026-04-17 19:08:05,234] DEEPMD INFO    batch   74000: val: rmse = 3.17e-02, rmse_e = 3.78e-04, rmse_f = 2.39e-02
[2026-04-17 19:08:05,234] DEEPMD INFO    batch   74000: total wall time = 25.45 s, eta = 0:11:01
[2026-04-17 19:08:30,762] DEEPMD INFO    batch   75000: trn: rmse = 4.26e-02, rmse_e = 1.41e-03, rmse_f = 3.20e-02, lr = 7.62e-07
[2026-04-17 19:08:30,762] DEEPMD INFO    batch   75000: val: rmse = 3.01e-02, rmse_e = 1.12e-03, rmse_f = 2.25e-02
[2026-04-17 19:08:30,762] DEEPMD INFO    batch   75000: total wall time = 25.53 s, eta = 0:10:38
[2026-04-17 19:08:55,880] DEEPMD INFO    batch   76000: trn: rmse = 3.70e-02, rmse_e = 1.12e-03, rmse_f = 3.06e-02, lr = 4.56e-07
[2026-04-17 19:08:55,880] DEEPMD INFO    batch   76000: val: rmse = 2.33e-02, rmse_e = 3.44e-04, rmse_f = 1.93e-02
[2026-04-17 19:08:55,880] DEEPMD INFO    batch   76000: total wall time = 25.12 s, eta = 0:10:02
[2026-04-17 19:09:20,842] DEEPMD INFO    batch   77000: trn: rmse = 3.40e-02, rmse_e = 5.50e-04, rmse_f = 2.81e-02, lr = 4.56e-07
[2026-04-17 19:09:20,842] DEEPMD INFO    batch   77000: val: rmse = 3.20e-02, rmse_e = 6.34e-04, rmse_f = 2.65e-02
[2026-04-17 19:09:20,842] DEEPMD INFO    batch   77000: total wall time = 24.96 s, eta = 0:09:34
[2026-04-17 19:09:46,141] DEEPMD INFO    batch   78000: trn: rmse = 3.31e-02, rmse_e = 6.24e-04, rmse_f = 2.74e-02, lr = 4.56e-07
[2026-04-17 19:09:46,142] DEEPMD INFO    batch   78000: val: rmse = 2.57e-02, rmse_e = 4.22e-04, rmse_f = 2.13e-02
[2026-04-17 19:09:46,142] DEEPMD INFO    batch   78000: total wall time = 25.30 s, eta = 0:09:16
[2026-04-17 19:10:11,624] DEEPMD INFO    batch   79000: trn: rmse = 3.01e-02, rmse_e = 7.65e-04, rmse_f = 2.49e-02, lr = 4.56e-07
[2026-04-17 19:10:11,625] DEEPMD INFO    batch   79000: val: rmse = 3.57e-02, rmse_e = 5.19e-04, rmse_f = 2.95e-02
[2026-04-17 19:10:11,625] DEEPMD INFO    batch   79000: total wall time = 25.48 s, eta = 0:08:55
[2026-04-17 19:10:36,780] DEEPMD INFO    batch   80000: trn: rmse = 2.80e-02, rmse_e = 4.04e-04, rmse_f = 2.32e-02, lr = 4.56e-07
[2026-04-17 19:10:36,781] DEEPMD INFO    batch   80000: val: rmse = 2.65e-02, rmse_e = 1.67e-04, rmse_f = 2.20e-02
[2026-04-17 19:10:36,782] DEEPMD INFO    batch   80000: total wall time = 25.16 s, eta = 0:08:23
[2026-04-17 19:10:36,814] DEEPMD INFO    Saved model to model.ckpt-80000.pt
[2026-04-17 19:11:01,848] DEEPMD INFO    batch   81000: trn: rmse = 2.81e-02, rmse_e = 8.10e-04, rmse_f = 2.48e-02, lr = 2.73e-07
[2026-04-17 19:11:01,848] DEEPMD INFO    batch   81000: val: rmse = 2.81e-02, rmse_e = 2.45e-04, rmse_f = 2.49e-02
[2026-04-17 19:11:01,849] DEEPMD INFO    batch   81000: total wall time = 25.07 s, eta = 0:07:56
[2026-04-17 19:11:28,286] DEEPMD INFO    batch   82000: trn: rmse = 2.24e-02, rmse_e = 2.80e-04, rmse_f = 1.98e-02, lr = 2.73e-07
[2026-04-17 19:11:28,286] DEEPMD INFO    batch   82000: val: rmse = 3.00e-02, rmse_e = 6.56e-04, rmse_f = 2.65e-02
[2026-04-17 19:11:28,286] DEEPMD INFO    batch   82000: total wall time = 26.44 s, eta = 0:07:55
[2026-04-17 19:11:54,341] DEEPMD INFO    batch   83000: trn: rmse = 3.21e-02, rmse_e = 1.13e-03, rmse_f = 2.83e-02, lr = 2.73e-07
[2026-04-17 19:11:54,342] DEEPMD INFO    batch   83000: val: rmse = 2.60e-02, rmse_e = 2.66e-04, rmse_f = 2.31e-02
[2026-04-17 19:11:54,342] DEEPMD INFO    batch   83000: total wall time = 26.06 s, eta = 0:07:22
[2026-04-17 19:12:19,567] DEEPMD INFO    batch   84000: trn: rmse = 2.89e-02, rmse_e = 4.42e-04, rmse_f = 2.56e-02, lr = 2.73e-07
[2026-04-17 19:12:19,567] DEEPMD INFO    batch   84000: val: rmse = 3.44e-02, rmse_e = 1.27e-03, rmse_f = 3.03e-02
[2026-04-17 19:12:19,567] DEEPMD INFO    batch   84000: total wall time = 25.23 s, eta = 0:06:43
[2026-04-17 19:12:45,010] DEEPMD INFO    batch   85000: trn: rmse = 3.10e-02, rmse_e = 1.22e-03, rmse_f = 2.73e-02, lr = 2.73e-07
[2026-04-17 19:12:45,010] DEEPMD INFO    batch   85000: val: rmse = 2.40e-02, rmse_e = 6.22e-04, rmse_f = 2.13e-02
[2026-04-17 19:12:45,011] DEEPMD INFO    batch   85000: total wall time = 25.44 s, eta = 0:06:21
[2026-04-17 19:13:11,237] DEEPMD INFO    batch   86000: trn: rmse = 2.90e-02, rmse_e = 1.11e-04, rmse_f = 2.69e-02, lr = 1.63e-07
[2026-04-17 19:13:11,237] DEEPMD INFO    batch   86000: val: rmse = 2.57e-02, rmse_e = 6.60e-04, rmse_f = 2.37e-02
[2026-04-17 19:13:11,237] DEEPMD INFO    batch   86000: total wall time = 26.23 s, eta = 0:06:07
[2026-04-17 19:13:37,386] DEEPMD INFO    batch   87000: trn: rmse = 3.23e-02, rmse_e = 6.95e-04, rmse_f = 2.99e-02, lr = 1.63e-07
[2026-04-17 19:13:37,386] DEEPMD INFO    batch   87000: val: rmse = 3.20e-02, rmse_e = 6.64e-04, rmse_f = 2.96e-02
[2026-04-17 19:13:37,387] DEEPMD INFO    batch   87000: total wall time = 26.15 s, eta = 0:05:39
[2026-04-17 19:14:02,095] DEEPMD INFO    batch   88000: trn: rmse = 2.47e-02, rmse_e = 6.23e-04, rmse_f = 2.29e-02, lr = 1.63e-07
[2026-04-17 19:14:02,096] DEEPMD INFO    batch   88000: val: rmse = 2.79e-02, rmse_e = 6.01e-04, rmse_f = 2.58e-02
[2026-04-17 19:14:02,096] DEEPMD INFO    batch   88000: total wall time = 24.71 s, eta = 0:04:56
[2026-04-17 19:14:26,842] DEEPMD INFO    batch   89000: trn: rmse = 3.75e-02, rmse_e = 5.67e-04, rmse_f = 3.48e-02, lr = 1.63e-07
[2026-04-17 19:14:26,842] DEEPMD INFO    batch   89000: val: rmse = 3.48e-02, rmse_e = 1.09e-03, rmse_f = 3.21e-02
[2026-04-17 19:14:26,842] DEEPMD INFO    batch   89000: total wall time = 24.75 s, eta = 0:04:32
[2026-04-17 19:14:52,548] DEEPMD INFO    batch   90000: trn: rmse = 2.91e-02, rmse_e = 3.81e-04, rmse_f = 2.70e-02, lr = 1.63e-07
[2026-04-17 19:14:52,548] DEEPMD INFO    batch   90000: val: rmse = 2.70e-02, rmse_e = 4.61e-04, rmse_f = 2.50e-02
[2026-04-17 19:14:52,549] DEEPMD INFO    batch   90000: total wall time = 25.71 s, eta = 0:04:17
[2026-04-17 19:14:52,576] DEEPMD INFO    Saved model to model.ckpt-90000.pt
[2026-04-17 19:15:18,153] DEEPMD INFO    batch   91000: trn: rmse = 1.77e-02, rmse_e = 4.06e-04, rmse_f = 1.69e-02, lr = 9.79e-08
[2026-04-17 19:15:18,153] DEEPMD INFO    batch   91000: val: rmse = 3.14e-02, rmse_e = 1.07e-03, rmse_f = 2.98e-02
[2026-04-17 19:15:18,154] DEEPMD INFO    batch   91000: total wall time = 25.60 s, eta = 0:03:50
[2026-04-17 19:15:44,277] DEEPMD INFO    batch   92000: trn: rmse = 2.52e-02, rmse_e = 1.79e-04, rmse_f = 2.40e-02, lr = 9.79e-08
[2026-04-17 19:15:44,277] DEEPMD INFO    batch   92000: val: rmse = 2.77e-02, rmse_e = 9.80e-04, rmse_f = 2.63e-02
[2026-04-17 19:15:44,278] DEEPMD INFO    batch   92000: total wall time = 26.12 s, eta = 0:03:28
[2026-04-17 19:16:09,081] DEEPMD INFO    batch   93000: trn: rmse = 2.60e-02, rmse_e = 1.22e-03, rmse_f = 2.46e-02, lr = 9.79e-08
[2026-04-17 19:16:09,082] DEEPMD INFO    batch   93000: val: rmse = 2.81e-02, rmse_e = 3.55e-04, rmse_f = 2.68e-02
[2026-04-17 19:16:09,082] DEEPMD INFO    batch   93000: total wall time = 24.80 s, eta = 0:02:53
[2026-04-17 19:16:34,980] DEEPMD INFO    batch   94000: trn: rmse = 3.15e-02, rmse_e = 2.51e-04, rmse_f = 3.01e-02, lr = 9.79e-08
[2026-04-17 19:16:34,980] DEEPMD INFO    batch   94000: val: rmse = 2.91e-02, rmse_e = 3.86e-04, rmse_f = 2.78e-02
[2026-04-17 19:16:34,981] DEEPMD INFO    batch   94000: total wall time = 25.90 s, eta = 0:02:35
[2026-04-17 19:17:00,037] DEEPMD INFO    batch   95000: trn: rmse = 2.71e-02, rmse_e = 3.25e-04, rmse_f = 2.58e-02, lr = 9.79e-08
[2026-04-17 19:17:00,037] DEEPMD INFO    batch   95000: val: rmse = 3.25e-02, rmse_e = 3.94e-04, rmse_f = 3.10e-02
[2026-04-17 19:17:00,038] DEEPMD INFO    batch   95000: total wall time = 25.06 s, eta = 0:02:05
[2026-04-17 19:17:25,041] DEEPMD INFO    batch   96000: trn: rmse = 3.60e-02, rmse_e = 9.38e-04, rmse_f = 3.49e-02, lr = 5.86e-08
[2026-04-17 19:17:25,041] DEEPMD INFO    batch   96000: val: rmse = 2.52e-02, rmse_e = 7.63e-04, rmse_f = 2.44e-02
[2026-04-17 19:17:25,041] DEEPMD INFO    batch   96000: total wall time = 25.00 s, eta = 0:01:40
[2026-04-17 19:17:50,001] DEEPMD INFO    batch   97000: trn: rmse = 2.10e-02, rmse_e = 4.83e-04, rmse_f = 2.03e-02, lr = 5.86e-08
[2026-04-17 19:17:50,001] DEEPMD INFO    batch   97000: val: rmse = 2.46e-02, rmse_e = 6.52e-04, rmse_f = 2.38e-02
[2026-04-17 19:17:50,002] DEEPMD INFO    batch   97000: total wall time = 24.96 s, eta = 0:01:14
[2026-04-17 19:18:15,956] DEEPMD INFO    batch   98000: trn: rmse = 2.46e-02, rmse_e = 6.11e-04, rmse_f = 2.38e-02, lr = 5.86e-08
[2026-04-17 19:18:15,957] DEEPMD INFO    batch   98000: val: rmse = 2.95e-02, rmse_e = 6.25e-04, rmse_f = 2.86e-02
[2026-04-17 19:18:15,957] DEEPMD INFO    batch   98000: total wall time = 25.96 s, eta = 0:00:51
[2026-04-17 19:18:40,983] DEEPMD INFO    batch   99000: trn: rmse = 2.83e-02, rmse_e = 9.24e-04, rmse_f = 2.74e-02, lr = 5.86e-08
[2026-04-17 19:18:40,984] DEEPMD INFO    batch   99000: val: rmse = 2.69e-02, rmse_e = 6.07e-04, rmse_f = 2.61e-02
[2026-04-17 19:18:40,984] DEEPMD INFO    batch   99000: total wall time = 25.03 s, eta = 0:00:25
[2026-04-17 19:19:06,171] DEEPMD INFO    batch  100000: trn: rmse = 2.72e-02, rmse_e = 1.07e-03, rmse_f = 2.63e-02, lr = 5.86e-08
[2026-04-17 19:19:06,172] DEEPMD INFO    batch  100000: val: rmse = 3.61e-02, rmse_e = 3.63e-04, rmse_f = 3.51e-02
[2026-04-17 19:19:06,172] DEEPMD INFO    batch  100000: total wall time = 25.19 s, eta = 0:00:00
[2026-04-17 19:19:06,202] DEEPMD INFO    Saved model to model.ckpt-100000.pt
[2026-04-17 19:19:06,204] DEEPMD INFO    average training time: 0.0254 s/batch (1000 batches excluded)
[2026-04-17 19:19:06,204] DEEPMD INFO    Trained model has been saved to: model.ckpt
2026-04-17 19:19:07,027 - sparc.src.deepmd - INFO - Training completed successfully
2026-04-17 19:19:07,027 - INFO - Training completed successfully
[SPARC][INFO] Freezing model: dp --pt freeze -o frozen_model_3.pth
To get the best performance, it is recommended to adjust the number of threads by setting the environment variables OMP_NUM_THREADS, DP_INTRA_OP_PARALLELISM_THREADS, and DP_INTER_OP_PARALLELISM_THREADS. See https://deepmd.rtfd.io/parallelism/ for more information.
/home/rverma7/anaconda3/envs/sparcGNN/lib/python3.10/site-packages/e3nn/o3/_wigner.py:10: UserWarning: Environment variable TORCH_FORCE_NO_WEIGHTS_ONLY_LOAD detected, since the`weights_only` argument was not explicitly passed to `torch.load`, forcing weights_only=False.
  _Jd, _W3j_flat, _W3j_indices = torch.load(os.path.join(os.path.dirname(__file__), 'constants.pt'))
/home/rverma7/anaconda3/envs/sparcGNN/lib/python3.10/site-packages/nequip/__init__.py:20: UserWarning: !! PyTorch version 2.6.0 found. Upstream issues in PyTorch versions 1.13.* and 2.* have been seen to cause unusual performance degredations on some CUDA systems that become worse over time; see https://github.com/mir-group/nequip/discussions/311. The best tested PyTorch version to use with CUDA devices is 1.11; while using other versions if you observe this problem, an unexpected lack of this problem, or other strange behavior, please post in the linked GitHub issue.
  warnings.warn(
[2026-04-17 19:19:09,722] DEEPMD INFO    DeePMD version: 3.1.1
[2026-04-17 19:19:10,417] DEEPMD INFO    Saved frozen model to frozen_model_3.pth
2026-04-17 19:19:11,116 - sparc.src.deepmd - INFO - Model frozen successfully
2026-04-17 19:19:11,116 - INFO - Model frozen successfully
[SPARC][INFO] ================================================================================
[SPARC][INFO] DeepMD Model Evaluation Results
[SPARC][INFO] --------------------------------------------------------------------------------
[SPARC][INFO] [2026-04-17 19:19:12,592] DEEPMD WARNING To get the best performance, it is recommended to adjust the number of threads by setting the environment variables OMP_NUM_THREADS, DP_INTRA_OP_PARALLELISM_THREADS, and DP_INTER_OP_PARALLELISM_THREADS. See https://deepmd.rtfd.io/parallelism/ for more information.
/home/rverma7/anaconda3/envs/sparcGNN/lib/python3.10/site-packages/e3nn/o3/_wigner.py:10: UserWarning: Environment variable TORCH_FORCE_NO_WEIGHTS_ONLY_LOAD detected, since the`weights_only` argument was not explicitly passed to `torch.load`, forcing weights_only=False.
  _Jd, _W3j_flat, _W3j_indices = torch.load(os.path.join(os.path.dirname(__file__), 'constants.pt'))
/home/rverma7/anaconda3/envs/sparcGNN/lib/python3.10/site-packages/nequip/__init__.py:20: UserWarning: !! PyTorch version 2.6.0 found. Upstream issues in PyTorch versions 1.13.* and 2.* have been seen to cause unusual performance degredations on some CUDA systems that become worse over time; see https://github.com/mir-group/nequip/discussions/311. The best tested PyTorch version to use with CUDA devices is 1.11; while using other versions if you observe this problem, an unexpected lack of this problem, or other strange behavior, please post in the linked GitHub issue.
  warnings.warn(
[2026-04-17 19:19:14,430] DEEPMD INFO    # ---------------output of dp test--------------- 
[2026-04-17 19:19:14,430] DEEPMD INFO    # testing system : /home/rverma7/My_Program/0.3_sparc/examples/CP2K/workflow/DeePMD_training/00.data/validation_data
[2026-04-17 19:19:15,451] DEEPMD INFO    # number of test data : 49 
[2026-04-17 19:19:15,452] DEEPMD INFO    Energy MAE         : 4.106178e-03 eV
[2026-04-17 19:19:15,452] DEEPMD INFO    Energy RMSE        : 5.428309e-03 eV
[2026-04-17 19:19:15,452] DEEPMD INFO    Energy MAE/Natoms  : 5.132723e-04 eV
[2026-04-17 19:19:15,452] DEEPMD INFO    Energy RMSE/Natoms : 6.785386e-04 eV
[2026-04-17 19:19:15,452] DEEPMD INFO    Force  MAE         : 2.063242e-02 eV/Å
[2026-04-17 19:19:15,452] DEEPMD INFO    Force  RMSE        : 2.691053e-02 eV/Å
[2026-04-17 19:19:15,452] DEEPMD INFO    # ----------------------------------------------- 
[2026-04-17 19:19:15,452] DEEPMD INFO    # ----------weighted average of errors----------- 
[2026-04-17 19:19:15,452] DEEPMD INFO    # number of systems : 1
[2026-04-17 19:19:15,452] DEEPMD INFO    Energy MAE         : 4.106178e-03 eV
[2026-04-17 19:19:15,452] DEEPMD INFO    Energy RMSE        : 5.428309e-03 eV
[2026-04-17 19:19:15,452] DEEPMD INFO    Energy MAE/Natoms  : 5.132723e-04 eV
[2026-04-17 19:19:15,452] DEEPMD INFO    Energy RMSE/Natoms : 6.785386e-04 eV
[2026-04-17 19:19:15,452] DEEPMD INFO    Force  MAE         : 2.063242e-02 eV/Å
[2026-04-17 19:19:15,452] DEEPMD INFO    Force  RMSE        : 2.691053e-02 eV/Å
[2026-04-17 19:19:15,452] DEEPMD INFO    # -----------------------------------------------
[SPARC][INFO] ================================================================================
[SPARC][INFO] ================================================================================
[SPARC][INFO]               Running 2 ML-MD simulation(s) for NVT-Nose at 350.0K              
[SPARC][INFO] MD Ensemble                    NVT
[SPARC][INFO] Temperature                    350.0 K
[SPARC][INFO] MD Thermostat                  Nose
[SPARC][INFO] Timestep                       1.00 fs
[SPARC][INFO] ML-MD Steps                    5000
[SPARC][INFO] Output Trajectory              dpmd.traj
[SPARC][INFO] 
[SPARC][INFO] --------------------------------------------------------------------------------
[SPARC][INFO] DeepPotential model successfully loaded and tested:
[SPARC][INFO]   Model: iter_000000/01.train/training_1/frozen_model_1.pth
[SPARC][INFO]   Backend: PYTORCH
[SPARC][INFO] --------------------------------------------------------------------------------
[SPARC][INFO] ================================================================================

[SPARC][INFO]             MACHINE LEARNING POTENTIAL MD SIMULATION FOR [NVT-Nose]             

[SPARC][INFO] Output Logfile: Iter0_dpmd_0.log
[SPARC][INFO] ================================================================================

[SPARC][INFO] 
[SPARC][INFO] Step     Epot (eV)    Ekin (eV)    Temp (K)   P (GPa)    V (Ang^3) 
[SPARC][INFO] --------------------------------------------------------------------------------
[SPARC][INFO] 0          -439.8371      0.3619    350.00    0.2001   1728.00
[SPARC][INFO] ***********************************************************
[SPARC][INFO] Reference Potential Energy (Step 0): -440.307752 eV
[SPARC][INFO] Threshold limit: +/- 2.50 eV
[SPARC][INFO] ***********************************************************
[SPARC][INFO] 200        -440.4819      0.3843    371.64   -0.0673   1728.00
[SPARC][INFO] 400        -440.4456      0.4656    450.24    0.2589   1728.00
[SPARC][INFO] 600        -440.4521      0.3103    300.07    0.1549   1728.00
[SPARC][INFO] 800        -440.1601      0.1646    159.18    0.0218   1728.00
[SPARC][INFO] 1000       -440.5577      0.4161    402.40    0.1270   1728.00
[SPARC][INFO] 1200       -440.6756      0.6557    634.08   -0.0304   1728.00
[SPARC][INFO] 1400       -440.3403      0.3091    298.87   -0.3114   1728.00
[SPARC][INFO] 1600       -440.4024      0.3330    322.06   -0.0567   1728.00
[SPARC][INFO] 1800       -440.3131      0.3177    307.26    0.1878   1728.00
[SPARC][INFO] 2000       -440.2605      0.1799    173.97    0.0433   1728.00
[SPARC][INFO] 2200       -440.4412      0.4391    424.66   -0.0057   1728.00
[SPARC][INFO] 2400       -440.4757      0.4253    411.24    0.0210   1728.00
[SPARC][INFO] 2600       -440.3472      0.3199    309.40   -0.2069   1728.00
[SPARC][INFO] 2800       -440.5637      0.4257    411.71    0.0152   1728.00
[SPARC][INFO] 3000       -440.2859      0.2762    267.07    0.1407   1728.00
[SPARC][INFO] 3200       -440.5104      0.2938    284.12   -0.1809   1728.00
[SPARC][INFO] 3400       -440.3641      0.4932    476.92   -0.1457   1728.00
[SPARC][INFO] 3600       -440.3830      0.1797    173.77    0.0967   1728.00
[SPARC][INFO] 3800       -440.4173      0.4014    388.21   -0.1625   1728.00
[SPARC][INFO] 4000       -440.4878      0.3366    325.48   -0.2007   1728.00
[SPARC][INFO] 4200       -440.3959      0.3995    386.37   -0.0486   1728.00
[SPARC][INFO] 4400       -440.4497      0.3977    384.61   -0.0739   1728.00
[SPARC][INFO] 4600       -440.4843      0.4121    398.51    0.1210   1728.00
[SPARC][INFO] 4800       -440.4586      0.4989    482.45    0.1129   1728.00
[SPARC][INFO] 5000       -440.5370      0.3679    355.75   -0.0822   1728.00
[SPARC][INFO] --------------------------------------------------------------------------------
[SPARC][INFO] DeepPotential model successfully loaded and tested:
[SPARC][INFO]   Model: iter_000000/01.train/training_1/frozen_model_1.pth
[SPARC][INFO]   Backend: PYTORCH
[SPARC][INFO] --------------------------------------------------------------------------------
[SPARC][INFO] ================================================================================

[SPARC][INFO]             MACHINE LEARNING POTENTIAL MD SIMULATION FOR [NVT-Nose]             

[SPARC][INFO] Output Logfile: Iter0_dpmd_1.log
[SPARC][INFO] ================================================================================

[SPARC][INFO] 
[SPARC][INFO] Step     Epot (eV)    Ekin (eV)    Temp (K)   P (GPa)    V (Ang^3) 
[SPARC][INFO] --------------------------------------------------------------------------------
[SPARC][INFO] 0          -439.8371      0.3619    350.00    0.2001   1728.00
[SPARC][INFO] ***********************************************************
[SPARC][INFO] Reference Potential Energy (Step 0): -440.371628 eV
[SPARC][INFO] Threshold limit: +/- 2.50 eV
[SPARC][INFO] ***********************************************************
[SPARC][INFO] 200        -440.4691      0.4113    397.77   -0.0740   1728.00
[SPARC][INFO] 400        -440.2231      0.2164    209.30    0.3665   1728.00
[SPARC][INFO] 600        -440.3360      0.2842    274.85    0.2001   1728.00
[SPARC][INFO] 800        -440.3253      0.2948    285.07    0.0362   1728.00
[SPARC][INFO] 1000       -440.1397      0.3001    290.18    0.3587   1728.00
[SPARC][INFO] 1200       -440.3867      0.2312    223.59   -0.0787   1728.00
[SPARC][INFO] 1400       -440.5204      0.6462    624.89    0.1683   1728.00
[SPARC][INFO] 1600       -440.6149      0.5489    530.81    0.1153   1728.00
[SPARC][INFO] 1800       -440.5811      0.6202    599.81   -0.0320   1728.00
[SPARC][INFO] 2000       -440.2895      0.2032    196.50    0.2015   1728.00
[SPARC][INFO] 2200       -440.4036      0.3294    318.53   -0.0631   1728.00
[SPARC][INFO] 2400       -440.4539      0.4270    412.92   -0.1630   1728.00
[SPARC][INFO] 2600       -440.5161      0.3309    320.00   -0.0409   1728.00
[SPARC][INFO] 2800       -440.4368      0.6001    580.28    0.1492   1728.00
[SPARC][INFO] 3000       -440.6198      0.4559    440.86   -0.0882   1728.00
[SPARC][INFO] 3200       -440.3328      0.3261    315.33   -0.2070   1728.00
[SPARC][INFO] 3400       -440.3598      0.3019    291.94   -0.2302   1728.00
[SPARC][INFO] 3600       -440.3672      0.2893    279.74   -0.1221   1728.00
[SPARC][INFO] 3800       -440.2684      0.2807    271.49    0.1626   1728.00
[SPARC][INFO] 4000       -440.4639      0.1960    189.53   -0.0885   1728.00
[SPARC][INFO] 4200       -440.3233      0.2750    265.98    0.1171   1728.00
[SPARC][INFO] 4400       -440.2847      0.2700    261.15    0.3069   1728.00
[SPARC][INFO] 4600       -440.3682      0.1382    133.65   -0.0656   1728.00
[SPARC][INFO] 4800       -440.5167      0.5439    525.99    0.0492   1728.00
[SPARC][INFO] 5000       -440.5826      0.3596    347.76    0.1089   1728.00
[SPARC][INFO] 
[SPARC][INFO] QUERY-BY-COMMITTEE: MODEL DEVIATION ANALYSIS
[SPARC][INFO] --------------------------------------------------------------------------------
[SPARC][INFO] Iteration                      0
[SPARC][INFO] Number of models               3
[SPARC][INFO] Deviation range                [0.10, 0.35] eV/Å
[SPARC][INFO] --------------------------------------------------------------------------------
[SPARC][INFO] ================================================================================
[SPARC][INFO]                     Model Path: iter_000000/01.train                    
[SPARC][INFO] ================================================================================
[SPARC][INFO] ================================================================================
[SPARC][INFO]                       Using the following models:                       
[SPARC][INFO] ================================================================================
[SPARC][INFO]                            frozen_model_1.pth                           
[SPARC][INFO]                            frozen_model_2.pth                           
[SPARC][INFO]                            frozen_model_3.pth                           
[SPARC][INFO] ================================================================================
[2026-04-17 19:21:37,975] DEEPMD WARNING To get the best performance, it is recommended to adjust the number of threads by setting the environment variables OMP_NUM_THREADS, DP_INTRA_OP_PARALLELISM_THREADS, and DP_INTER_OP_PARALLELISM_THREADS. See https://deepmd.rtfd.io/parallelism/ for more information.
/home/rverma7/anaconda3/envs/sparcGNN/lib/python3.10/site-packages/e3nn/o3/_wigner.py:10: UserWarning: Environment variable TORCH_FORCE_NO_WEIGHTS_ONLY_LOAD detected, since the`weights_only` argument was not explicitly passed to `torch.load`, forcing weights_only=False.
  _Jd, _W3j_flat, _W3j_indices = torch.load(os.path.join(os.path.dirname(__file__), 'constants.pt'))
/home/rverma7/anaconda3/envs/sparcGNN/lib/python3.10/site-packages/nequip/__init__.py:20: UserWarning: !! PyTorch version 2.6.0 found. Upstream issues in PyTorch versions 1.13.* and 2.* have been seen to cause unusual performance degredations on some CUDA systems that become worse over time; see https://github.com/mir-group/nequip/discussions/311. The best tested PyTorch version to use with CUDA devices is 1.11; while using other versions if you observe this problem, an unexpected lack of this problem, or other strange behavior, please post in the linked GitHub issue.
  warnings.warn(
[2026-04-17 19:21:40,926] DEEPMD INFO    Adjust batch size from 1024 to 2048
[2026-04-17 19:21:41,608] DEEPMD INFO    Adjust batch size from 2048 to 4096
[2026-04-17 19:21:43,018] DEEPMD INFO    Adjust batch size from 1024 to 2048
[2026-04-17 19:21:43,702] DEEPMD INFO    Adjust batch size from 2048 to 4096
[2026-04-17 19:21:44,963] DEEPMD INFO    Adjust batch size from 1024 to 2048
[2026-04-17 19:21:45,644] DEEPMD INFO    Adjust batch size from 2048 to 4096
[SPARC][INFO] ================================================================================
[SPARC][INFO]           Model deviation calculation completed successfully!           
[SPARC][INFO]          Results saved in: iter_000000/02.dpmd/model_dev_0.out          
[SPARC][INFO] ================================================================================
[SPARC][INFO] ================================================================================
[SPARC][INFO] Selection Summary:
[SPARC][INFO]   Candidates in deviation range [0.10, 0.35] eV/Å: 34
[SPARC][INFO]   Skipped (RMSD < 0.050 Å): 30
[SPARC][INFO]   Final selected structures: 4
[SPARC][INFO]   Candidates trajectory: iter_000000/02.dpmd/dft_candidates/candidates.extxyz
[SPARC][INFO]   RMSD details written to: iter_000000/02.dpmd/dft_candidates/rmsd_filtering.dat
[SPARC][INFO] ==========================================================================================

[SPARC][INFO] Candidate summary saved to: iter_000000/02.dpmd/dft_candidates/candidates_summary.csv

[SPARC][INFO] 
[SPARC][INFO] --------------------------------------------------------------------------------
[SPARC][INFO]                         ACTIVE LEARNING CYCLE : ENABLED                         
[SPARC][INFO] --------------------------------------------------------------------------------
[SPARC][INFO] Maximum Iterations: 4
[SPARC][INFO] Force Deviation Thresholds: [0.1, 0.35] eV/Å
[SPARC][INFO] MLIP Ensemble Size: 3 models
[SPARC][INFO] ================================================================================
[SPARC][INFO] 
[SPARC][INFO] 
[SPARC][INFO] --------------------------------------------------------------------------------
[SPARC][INFO]                          ACTIVE LEARNING ITERATION 1/4                          
[SPARC][INFO] --------------------------------------------------------------------------------
[SPARC][INFO] Iteration Directory            iter_000001
[SPARC][INFO] 
[SPARC][INFO] MD Configuration:
[SPARC][INFO]   Ensemble                     NVT
[SPARC][INFO]   Thermostat                   Nose
[SPARC][INFO]   Temperature                  350.0 K
[SPARC][INFO]   MD Steps                     5000
[SPARC][INFO]   Timestep                     1.00 fs
[SPARC][INFO]   Log Frequency                20
[SPARC][INFO] Restart Exploration            DISABLED (iteration 0)
[SPARC][INFO] 
[SPARC][INFO] Model Deviation Criteria:
[SPARC][INFO]   Min Force Deviation          0.1 eV/Ang.
[SPARC][INFO]   Max Force Deviation          0.35 eV/Ang.
[SPARC][INFO] 
[SPARC][INFO] Training Configuration:
[SPARC][INFO]   Number of Models             3
[SPARC][INFO]   Training Data Dir            DeePMD_training/00.data
[SPARC][INFO] 
[SPARC][INFO] ================================================================================
[SPARC][INFO] 
[SPARC][INFO] Creating Directories for Iteration: 000001
[SPARC][INFO] ================================================================================
[SPARC][INFO] ├── iter_000001
[SPARC][INFO] │   ├── 00.dft
[SPARC][INFO] │   ├── 01.train
[SPARC][INFO] │   └── 02.dpmd
[SPARC][INFO] ================================================================================
[SPARC][INFO] Iteration 1 | Computing DFT energies/forces for 4 candidates
[SPARC][INFO] ================================================================================
[SPARC][INFO] 
[SPARC][INFO] Setting up CP2K calculator...
[SPARC][INFO] CP2K calculator setup successfully
[SPARC][INFO] Candidate:     1 | Epot: -440.132326 [eV]
[SPARC][INFO] Candidate:     2 | Epot: -440.299762 [eV]
[SPARC][INFO] Candidate:     3 | Epot: -440.179179 [eV]
[SPARC][INFO] Candidate:     4 | Epot: -440.271949 [eV]
[SPARC][INFO] ================================================================================
[SPARC][INFO] Processing Data for MLIP Re-Training
[SPARC][INFO] ================================================================================
[SPARC][INFO]   Iteration [0]
[SPARC][INFO]    → Checking File : iter_000000/00.dft/AseMD.traj
[SPARC][INFO]    → Added Frames  : 251

[SPARC][INFO]   Iteration [1]
[SPARC][INFO]    → Checking File : iter_000001/00.dft/AseMD.traj
[SPARC][INFO]    → Added Frames  : 4

[SPARC][INFO] ================================================================================
[SPARC][INFO]                 Total Frames in Combined Trajectory: 255                
[SPARC][INFO] ================================================================================
[SPARC][INFO] Loaded 255 frames
[SPARC][INFO] 
[SPARC][INFO] DATA PROCESSING
[SPARC][INFO] -----------------
[SPARC][INFO] Trajectory file                TrajCombined.traj
[SPARC][INFO] Total frames                   255
[SPARC][INFO] Frames used                    255
[SPARC][INFO] Training frames                204 (80%)
[SPARC][INFO] Validation frames              51 (20%)
[SPARC][INFO] 
[SPARC][INFO] Original directory: /home/rverma7/My_Program/0.3_sparc/examples/CP2K/workflow
[SPARC][INFO] ================================================================================
[SPARC][INFO]  DeePMD-kit v3 Training
[SPARC][INFO]  Backend: PYTORCH
[SPARC][INFO] ================================================================================
[SPARC][INFO] ================================================================================
[SPARC][INFO]  Training Model 1/3
[SPARC][INFO]  Directory: iter_000001/01.train/training_1
[SPARC][INFO] ================================================================================
2026-04-17 19:23:08,949 - sparc.src.deepmd - INFO - Training directory: iter_000001/01.train/training_1
2026-04-17 19:23:08,949 - INFO - Training directory: iter_000001/01.train/training_1
[SPARC][INFO]  Training Model 1/3
[SPARC][INFO] Directory                      iter_000001/01.train/training_1
[SPARC][INFO] Running command: dp --pt train input.json
To get the best performance, it is recommended to adjust the number of threads by setting the environment variables OMP_NUM_THREADS, DP_INTRA_OP_PARALLELISM_THREADS, and DP_INTER_OP_PARALLELISM_THREADS. See https://deepmd.rtfd.io/parallelism/ for more information.
/home/rverma7/anaconda3/envs/sparcGNN/lib/python3.10/site-packages/e3nn/o3/_wigner.py:10: UserWarning: Environment variable TORCH_FORCE_NO_WEIGHTS_ONLY_LOAD detected, since the`weights_only` argument was not explicitly passed to `torch.load`, forcing weights_only=False.
  _Jd, _W3j_flat, _W3j_indices = torch.load(os.path.join(os.path.dirname(__file__), 'constants.pt'))
/home/rverma7/anaconda3/envs/sparcGNN/lib/python3.10/site-packages/nequip/__init__.py:20: UserWarning: !! PyTorch version 2.6.0 found. Upstream issues in PyTorch versions 1.13.* and 2.* have been seen to cause unusual performance degredations on some CUDA systems that become worse over time; see https://github.com/mir-group/nequip/discussions/311. The best tested PyTorch version to use with CUDA devices is 1.11; while using other versions if you observe this problem, an unexpected lack of this problem, or other strange behavior, please post in the linked GitHub issue.
  warnings.warn(
[2026-04-17 19:23:11,619] DEEPMD INFO    DeePMD version: 3.1.1
[2026-04-17 19:23:11,620] DEEPMD INFO    Configuration path: input.json
[2026-04-17 19:23:11,637] DEEPMD INFO     _____               _____   __  __  _____           _     _  _   
[2026-04-17 19:23:11,637] DEEPMD INFO    |  __ \             |  __ \ |  \/  ||  __ \         | |   (_)| |  
[2026-04-17 19:23:11,637] DEEPMD INFO    | |  | |  ___   ___ | |__) || \  / || |  | | ______ | | __ _ | |_ 
[2026-04-17 19:23:11,637] DEEPMD INFO    | |  | | / _ \ / _ \|  ___/ | |\/| || |  | ||______|| |/ /| || __|
[2026-04-17 19:23:11,637] DEEPMD INFO    | |__| ||  __/|  __/| |     | |  | || |__| |        |   < | || |_ 
[2026-04-17 19:23:11,637] DEEPMD INFO    |_____/  \___| \___||_|     |_|  |_||_____/         |_|\_\|_| \__|
[2026-04-17 19:23:11,637] DEEPMD INFO    Please read and cite:
[2026-04-17 19:23:11,637] DEEPMD INFO    Wang, Zhang, Han and E, Comput.Phys.Comm. 228, 178-184 (2018)
[2026-04-17 19:23:11,637] DEEPMD INFO    Zeng et al, J. Chem. Phys., 159, 054801 (2023)
[2026-04-17 19:23:11,637] DEEPMD INFO    Zeng et al, J. Chem. Theory Comput., 21, 4375-4385 (2025)
[2026-04-17 19:23:11,637] DEEPMD INFO    See https://deepmd.rtfd.io/credits/ for details.
[2026-04-17 19:23:11,637] DEEPMD INFO    ------------------------------------------------------------------------------------------------------------------------------
[2026-04-17 19:23:11,637] DEEPMD INFO    installed to:          /home/rverma7/anaconda3/envs/sparcGNN/lib/python3.10/site-packages/deepmd
[2026-04-17 19:23:11,637] DEEPMD INFO    source:                
[2026-04-17 19:23:11,637] DEEPMD INFO    source branch:         HEAD
[2026-04-17 19:23:11,637] DEEPMD INFO    source commit:         9b566bf
[2026-04-17 19:23:11,637] DEEPMD INFO    source commit at:      2025-10-01 20:34:25 +0200
[2026-04-17 19:23:11,637] DEEPMD INFO    use float prec:        double
[2026-04-17 19:23:11,637] DEEPMD INFO    build variant:         cuda
[2026-04-17 19:23:11,637] DEEPMD INFO    Backend:               PyTorch
[2026-04-17 19:23:11,637] DEEPMD INFO    PT ver:                v2.6.0-gUnknown
[2026-04-17 19:23:11,637] DEEPMD INFO    Enable custom OP:      True
[2026-04-17 19:23:11,637] DEEPMD INFO    build with PT ver:     2.6.0
[2026-04-17 19:23:11,638] DEEPMD INFO    build with PT inc:     /home/rverma7/anaconda3/envs/sparcGNN/lib/python3.10/site-packages/torch/include
[2026-04-17 19:23:11,638] DEEPMD INFO                           /home/rverma7/anaconda3/envs/sparcGNN/lib/python3.10/site-packages/torch/include/torch/csrc/api/include
[2026-04-17 19:23:11,638] DEEPMD INFO    build with PT lib:     /home/rverma7/anaconda3/envs/sparcGNN/lib/python3.10/site-packages/torch/lib
[2026-04-17 19:23:11,638] DEEPMD INFO    running on:            cbe-dt-319.che.ncsu.edu
[2026-04-17 19:23:11,638] DEEPMD INFO    computing device:      cuda:0
[2026-04-17 19:23:11,638] DEEPMD INFO    CUDA_VISIBLE_DEVICES:  unset
[2026-04-17 19:23:11,638] DEEPMD INFO    Count of visible GPUs: 2
[2026-04-17 19:23:11,638] DEEPMD INFO    num_intra_threads:     0
[2026-04-17 19:23:11,638] DEEPMD INFO    num_inter_threads:     0
[2026-04-17 19:23:11,638] DEEPMD INFO    ------------------------------------------------------------------------------------------------------------------------------
[2026-04-17 19:23:11,674] DEEPMD INFO    Calculate neighbor statistics... (add --skip-neighbor-stat to skip this step)
[2026-04-17 19:23:11,958] DEEPMD INFO    Adjust batch size from 1024 to 2048
[2026-04-17 19:23:11,985] DEEPMD INFO    Neighbor statistics: training data with minimal neighbor distance: 0.956954
[2026-04-17 19:23:11,985] DEEPMD INFO    Neighbor statistics: training data with maximum neighbor size: [1 6 1] (cutoff radius: 6.000000)
[2026-04-17 19:23:11,987] DEEPMD INFO    Constructing DataLoaders from 1 systems
[2026-04-17 19:23:11,994] DEEPMD INFO    Constructing DataLoaders from 1 systems
[2026-04-17 19:23:12,033] DEEPMD INFO    Packing data for statistics from 1 systems
[2026-04-17 19:23:12,238] DEEPMD INFO    RMSE of energy per atom after linear regression is: 0.013123087428574999 in the unit of energy.
[2026-04-17 19:23:12,239] DEEPMD INFO    ---Summary of DataSystem: training     -----------------------------------------------
[2026-04-17 19:23:12,239] DEEPMD INFO    found 1 system(s):
[2026-04-17 19:23:12,239] DEEPMD INFO                                        system  natoms  bch_sz   n_bch       prob  pbc
[2026-04-17 19:23:12,239] DEEPMD INFO    -- w/DeePMD_training/00.data/training_data       8       4      51  1.000e+00    T
[2026-04-17 19:23:12,239] DEEPMD INFO    --------------------------------------------------------------------------------------
[2026-04-17 19:23:12,240] DEEPMD INFO    ---Summary of DataSystem: validation   -----------------------------------------------
[2026-04-17 19:23:12,240] DEEPMD INFO    found 1 system(s):
[2026-04-17 19:23:12,240] DEEPMD INFO                                        system  natoms  bch_sz   n_bch       prob  pbc
[2026-04-17 19:23:12,240] DEEPMD INFO    -- DeePMD_training/00.data/validation_data       8       4      12  1.000e+00    T
[2026-04-17 19:23:12,240] DEEPMD INFO    --------------------------------------------------------------------------------------
[2026-04-17 19:23:12,241] DEEPMD INFO    Start to train 100000 steps.
[2026-04-17 19:23:12,849] DEEPMD INFO    batch       1: trn: rmse = 3.09e+01, rmse_e = 1.15e+00, rmse_f = 9.77e-01, lr = 1.00e-03
[2026-04-17 19:23:12,849] DEEPMD INFO    batch       1: val: rmse = 5.84e+01, rmse_e = 1.14e-01, rmse_f = 1.85e+00
[2026-04-17 19:23:12,849] DEEPMD INFO    batch       1: total wall time = 0.61 s, eta = 16:53:47
[2026-04-17 19:23:36,914] DEEPMD INFO    batch    1000: trn: rmse = 6.22e+00, rmse_e = 3.50e-01, rmse_f = 1.97e-01, lr = 1.00e-03
[2026-04-17 19:23:36,914] DEEPMD INFO    batch    1000: val: rmse = 6.03e+00, rmse_e = 3.56e-01, rmse_f = 1.91e-01
[2026-04-17 19:23:36,915] DEEPMD INFO    batch    1000: total wall time = 24.07 s, eta = 0:39:42
[2026-04-17 19:24:00,567] DEEPMD INFO    batch    2000: trn: rmse = 3.85e+00, rmse_e = 3.72e-02, rmse_f = 1.22e-01, lr = 1.00e-03
[2026-04-17 19:24:00,568] DEEPMD INFO    batch    2000: val: rmse = 3.87e+00, rmse_e = 1.99e-02, rmse_f = 1.23e-01
[2026-04-17 19:24:00,568] DEEPMD INFO    batch    2000: total wall time = 23.65 s, eta = 0:38:38
[2026-04-17 19:24:24,926] DEEPMD INFO    batch    3000: trn: rmse = 3.43e+00, rmse_e = 9.44e-03, rmse_f = 1.08e-01, lr = 1.00e-03
[2026-04-17 19:24:24,927] DEEPMD INFO    batch    3000: val: rmse = 4.73e+00, rmse_e = 4.42e-03, rmse_f = 1.49e-01
[2026-04-17 19:24:24,927] DEEPMD INFO    batch    3000: total wall time = 24.36 s, eta = 0:39:22
[2026-04-17 19:24:48,405] DEEPMD INFO    batch    4000: trn: rmse = 3.03e+00, rmse_e = 1.79e-02, rmse_f = 9.57e-02, lr = 1.00e-03
[2026-04-17 19:24:48,405] DEEPMD INFO    batch    4000: val: rmse = 2.69e+00, rmse_e = 2.33e-02, rmse_f = 8.51e-02
[2026-04-17 19:24:48,405] DEEPMD INFO    batch    4000: total wall time = 23.48 s, eta = 0:37:33
[2026-04-17 19:25:12,258] DEEPMD INFO    batch    5000: trn: rmse = 2.62e+00, rmse_e = 2.61e-03, rmse_f = 8.28e-02, lr = 1.00e-03
[2026-04-17 19:25:12,259] DEEPMD INFO    batch    5000: val: rmse = 2.72e+00, rmse_e = 3.17e-03, rmse_f = 8.61e-02
[2026-04-17 19:25:12,259] DEEPMD INFO    batch    5000: total wall time = 23.85 s, eta = 0:37:46
[2026-04-17 19:25:37,306] DEEPMD INFO    batch    6000: trn: rmse = 1.89e+00, rmse_e = 3.95e-03, rmse_f = 7.71e-02, lr = 5.99e-04
[2026-04-17 19:25:37,306] DEEPMD INFO    batch    6000: val: rmse = 1.62e+00, rmse_e = 5.85e-03, rmse_f = 6.60e-02
[2026-04-17 19:25:37,307] DEEPMD INFO    batch    6000: total wall time = 25.05 s, eta = 0:39:14
[2026-04-17 19:26:02,029] DEEPMD INFO    batch    7000: trn: rmse = 1.74e+00, rmse_e = 7.83e-03, rmse_f = 7.12e-02, lr = 5.99e-04
[2026-04-17 19:26:02,030] DEEPMD INFO    batch    7000: val: rmse = 2.01e+00, rmse_e = 2.99e-03, rmse_f = 8.21e-02
[2026-04-17 19:26:02,030] DEEPMD INFO    batch    7000: total wall time = 24.72 s, eta = 0:38:19
[2026-04-17 19:26:26,197] DEEPMD INFO    batch    8000: trn: rmse = 1.42e+00, rmse_e = 1.63e-03, rmse_f = 5.81e-02, lr = 5.99e-04
[2026-04-17 19:26:26,198] DEEPMD INFO    batch    8000: val: rmse = 1.65e+00, rmse_e = 1.10e-02, rmse_f = 6.74e-02
[2026-04-17 19:26:26,198] DEEPMD INFO    batch    8000: total wall time = 24.17 s, eta = 0:37:03
[2026-04-17 19:26:50,801] DEEPMD INFO    batch    9000: trn: rmse = 1.31e+00, rmse_e = 8.59e-03, rmse_f = 5.34e-02, lr = 5.99e-04
[2026-04-17 19:26:50,801] DEEPMD INFO    batch    9000: val: rmse = 1.59e+00, rmse_e = 1.86e-02, rmse_f = 6.48e-02
[2026-04-17 19:26:50,801] DEEPMD INFO    batch    9000: total wall time = 24.60 s, eta = 0:37:18
[2026-04-17 19:27:14,567] DEEPMD INFO    batch   10000: trn: rmse = 1.77e+00, rmse_e = 1.82e-02, rmse_f = 7.22e-02, lr = 5.99e-04
[2026-04-17 19:27:14,567] DEEPMD INFO    batch   10000: val: rmse = 1.95e+00, rmse_e = 2.61e-02, rmse_f = 7.97e-02
[2026-04-17 19:27:14,567] DEEPMD INFO    batch   10000: total wall time = 23.77 s, eta = 0:35:38
[2026-04-17 19:27:14,594] DEEPMD INFO    Saved model to model.ckpt-10000.pt
[2026-04-17 19:27:38,392] DEEPMD INFO    batch   11000: trn: rmse = 1.07e+00, rmse_e = 6.83e-03, rmse_f = 5.66e-02, lr = 3.59e-04
[2026-04-17 19:27:38,393] DEEPMD INFO    batch   11000: val: rmse = 1.05e+00, rmse_e = 4.07e-03, rmse_f = 5.52e-02
[2026-04-17 19:27:38,393] DEEPMD INFO    batch   11000: total wall time = 23.83 s, eta = 0:35:20
[2026-04-17 19:28:02,179] DEEPMD INFO    batch   12000: trn: rmse = 1.37e+00, rmse_e = 1.13e-02, rmse_f = 7.21e-02, lr = 3.59e-04
[2026-04-17 19:28:02,179] DEEPMD INFO    batch   12000: val: rmse = 1.18e+00, rmse_e = 1.72e-02, rmse_f = 6.25e-02
[2026-04-17 19:28:02,180] DEEPMD INFO    batch   12000: total wall time = 23.79 s, eta = 0:34:53
[2026-04-17 19:28:27,763] DEEPMD INFO    batch   13000: trn: rmse = 1.05e+00, rmse_e = 2.36e-03, rmse_f = 5.56e-02, lr = 3.59e-04
[2026-04-17 19:28:27,763] DEEPMD INFO    batch   13000: val: rmse = 1.13e+00, rmse_e = 6.62e-03, rmse_f = 5.98e-02
[2026-04-17 19:28:27,763] DEEPMD INFO    batch   13000: total wall time = 25.58 s, eta = 0:37:05
[2026-04-17 19:28:52,009] DEEPMD INFO    batch   14000: trn: rmse = 1.03e+00, rmse_e = 9.13e-03, rmse_f = 5.41e-02, lr = 3.59e-04
[2026-04-17 19:28:52,009] DEEPMD INFO    batch   14000: val: rmse = 9.10e-01, rmse_e = 5.75e-03, rmse_f = 4.80e-02
[2026-04-17 19:28:52,009] DEEPMD INFO    batch   14000: total wall time = 24.25 s, eta = 0:34:45
[2026-04-17 19:29:16,551] DEEPMD INFO    batch   15000: trn: rmse = 1.24e+00, rmse_e = 3.13e-03, rmse_f = 6.54e-02, lr = 3.59e-04
[2026-04-17 19:29:16,552] DEEPMD INFO    batch   15000: val: rmse = 1.21e+00, rmse_e = 3.27e-03, rmse_f = 6.37e-02
[2026-04-17 19:29:16,552] DEEPMD INFO    batch   15000: total wall time = 24.54 s, eta = 0:34:46
[2026-04-17 19:29:40,040] DEEPMD INFO    batch   16000: trn: rmse = 7.36e-01, rmse_e = 5.84e-03, rmse_f = 5.02e-02, lr = 2.15e-04
[2026-04-17 19:29:40,041] DEEPMD INFO    batch   16000: val: rmse = 7.92e-01, rmse_e = 2.36e-03, rmse_f = 5.40e-02
[2026-04-17 19:29:40,041] DEEPMD INFO    batch   16000: total wall time = 23.49 s, eta = 0:32:53
[2026-04-17 19:30:04,531] DEEPMD INFO    batch   17000: trn: rmse = 7.59e-01, rmse_e = 1.80e-02, rmse_f = 5.16e-02, lr = 2.15e-04
[2026-04-17 19:30:04,531] DEEPMD INFO    batch   17000: val: rmse = 7.33e-01, rmse_e = 1.63e-02, rmse_f = 4.98e-02
[2026-04-17 19:30:04,532] DEEPMD INFO    batch   17000: total wall time = 24.49 s, eta = 0:33:52
[2026-04-17 19:30:29,984] DEEPMD INFO    batch   18000: trn: rmse = 6.77e-01, rmse_e = 6.90e-03, rmse_f = 4.61e-02, lr = 2.15e-04
[2026-04-17 19:30:29,984] DEEPMD INFO    batch   18000: val: rmse = 8.89e-01, rmse_e = 4.07e-03, rmse_f = 6.06e-02
[2026-04-17 19:30:29,985] DEEPMD INFO    batch   18000: total wall time = 25.45 s, eta = 0:34:47
[2026-04-17 19:30:54,992] DEEPMD INFO    batch   19000: trn: rmse = 5.49e-01, rmse_e = 3.50e-03, rmse_f = 3.74e-02, lr = 2.15e-04
[2026-04-17 19:30:54,993] DEEPMD INFO    batch   19000: val: rmse = 6.71e-01, rmse_e = 2.47e-03, rmse_f = 4.57e-02
[2026-04-17 19:30:54,993] DEEPMD INFO    batch   19000: total wall time = 25.01 s, eta = 0:33:45
[2026-04-17 19:31:18,786] DEEPMD INFO    batch   20000: trn: rmse = 5.41e-01, rmse_e = 5.15e-03, rmse_f = 3.69e-02, lr = 2.15e-04
[2026-04-17 19:31:18,786] DEEPMD INFO    batch   20000: val: rmse = 5.32e-01, rmse_e = 2.11e-03, rmse_f = 3.63e-02
[2026-04-17 19:31:18,786] DEEPMD INFO    batch   20000: total wall time = 23.79 s, eta = 0:31:43
[2026-04-17 19:31:18,813] DEEPMD INFO    Saved model to model.ckpt-20000.pt
[2026-04-17 19:31:44,959] DEEPMD INFO    batch   21000: trn: rmse = 4.06e-01, rmse_e = 4.89e-03, rmse_f = 3.57e-02, lr = 1.29e-04
[2026-04-17 19:31:44,960] DEEPMD INFO    batch   21000: val: rmse = 3.45e-01, rmse_e = 2.87e-03, rmse_f = 3.03e-02
[2026-04-17 19:31:44,960] DEEPMD INFO    batch   21000: total wall time = 26.17 s, eta = 0:34:27
[2026-04-17 19:32:08,764] DEEPMD INFO    batch   22000: trn: rmse = 5.24e-01, rmse_e = 2.57e-03, rmse_f = 4.61e-02, lr = 1.29e-04
[2026-04-17 19:32:08,764] DEEPMD INFO    batch   22000: val: rmse = 5.25e-01, rmse_e = 1.91e-03, rmse_f = 4.61e-02
[2026-04-17 19:32:08,764] DEEPMD INFO    batch   22000: total wall time = 23.80 s, eta = 0:30:56
[2026-04-17 19:32:34,088] DEEPMD INFO    batch   23000: trn: rmse = 4.78e-01, rmse_e = 5.24e-03, rmse_f = 4.20e-02, lr = 1.29e-04
[2026-04-17 19:32:34,089] DEEPMD INFO    batch   23000: val: rmse = 3.30e-01, rmse_e = 6.15e-03, rmse_f = 2.89e-02
[2026-04-17 19:32:34,089] DEEPMD INFO    batch   23000: total wall time = 25.33 s, eta = 0:32:30
[2026-04-17 19:32:58,205] DEEPMD INFO    batch   24000: trn: rmse = 3.71e-01, rmse_e = 1.18e-02, rmse_f = 3.25e-02, lr = 1.29e-04
[2026-04-17 19:32:58,206] DEEPMD INFO    batch   24000: val: rmse = 4.90e-01, rmse_e = 1.11e-02, rmse_f = 4.30e-02
[2026-04-17 19:32:58,206] DEEPMD INFO    batch   24000: total wall time = 24.12 s, eta = 0:30:32
[2026-04-17 19:33:22,265] DEEPMD INFO    batch   25000: trn: rmse = 3.70e-01, rmse_e = 4.81e-04, rmse_f = 3.26e-02, lr = 1.29e-04
[2026-04-17 19:33:22,265] DEEPMD INFO    batch   25000: val: rmse = 5.66e-01, rmse_e = 1.42e-03, rmse_f = 4.97e-02
[2026-04-17 19:33:22,266] DEEPMD INFO    batch   25000: total wall time = 24.06 s, eta = 0:30:04
[2026-04-17 19:33:47,342] DEEPMD INFO    batch   26000: trn: rmse = 2.44e-01, rmse_e = 3.25e-03, rmse_f = 2.77e-02, lr = 7.70e-05
[2026-04-17 19:33:47,342] DEEPMD INFO    batch   26000: val: rmse = 2.94e-01, rmse_e = 2.86e-03, rmse_f = 3.32e-02
[2026-04-17 19:33:47,343] DEEPMD INFO    batch   26000: total wall time = 25.08 s, eta = 0:30:55
[2026-04-17 19:34:11,256] DEEPMD INFO    batch   27000: trn: rmse = 3.13e-01, rmse_e = 8.09e-04, rmse_f = 3.55e-02, lr = 7.70e-05
[2026-04-17 19:34:11,257] DEEPMD INFO    batch   27000: val: rmse = 4.03e-01, rmse_e = 1.41e-03, rmse_f = 4.57e-02
[2026-04-17 19:34:11,257] DEEPMD INFO    batch   27000: total wall time = 23.91 s, eta = 0:29:05
[2026-04-17 19:34:37,667] DEEPMD INFO    batch   28000: trn: rmse = 3.32e-01, rmse_e = 3.79e-03, rmse_f = 3.76e-02, lr = 7.70e-05
[2026-04-17 19:34:37,667] DEEPMD INFO    batch   28000: val: rmse = 2.97e-01, rmse_e = 4.92e-03, rmse_f = 3.37e-02
[2026-04-17 19:34:37,668] DEEPMD INFO    batch   28000: total wall time = 26.41 s, eta = 0:31:41
[2026-04-17 19:35:02,224] DEEPMD INFO    batch   29000: trn: rmse = 2.79e-01, rmse_e = 3.68e-03, rmse_f = 3.16e-02, lr = 7.70e-05
[2026-04-17 19:35:02,225] DEEPMD INFO    batch   29000: val: rmse = 4.98e-01, rmse_e = 2.65e-03, rmse_f = 5.64e-02
[2026-04-17 19:35:02,225] DEEPMD INFO    batch   29000: total wall time = 24.56 s, eta = 0:29:03
[2026-04-17 19:35:25,847] DEEPMD INFO    batch   30000: trn: rmse = 2.65e-01, rmse_e = 3.49e-03, rmse_f = 3.01e-02, lr = 7.70e-05
[2026-04-17 19:35:25,847] DEEPMD INFO    batch   30000: val: rmse = 4.29e-01, rmse_e = 4.49e-03, rmse_f = 4.86e-02
[2026-04-17 19:35:25,847] DEEPMD INFO    batch   30000: total wall time = 23.62 s, eta = 0:27:33
[2026-04-17 19:35:25,878] DEEPMD INFO    Saved model to model.ckpt-30000.pt
[2026-04-17 19:35:49,620] DEEPMD INFO    batch   31000: trn: rmse = 2.10e-01, rmse_e = 1.95e-03, rmse_f = 3.06e-02, lr = 4.61e-05
[2026-04-17 19:35:49,620] DEEPMD INFO    batch   31000: val: rmse = 2.48e-01, rmse_e = 2.37e-03, rmse_f = 3.61e-02
[2026-04-17 19:35:49,621] DEEPMD INFO    batch   31000: total wall time = 23.77 s, eta = 0:27:20
[2026-04-17 19:36:14,011] DEEPMD INFO    batch   32000: trn: rmse = 2.33e-01, rmse_e = 2.10e-03, rmse_f = 3.39e-02, lr = 4.61e-05
[2026-04-17 19:36:14,011] DEEPMD INFO    batch   32000: val: rmse = 2.98e-01, rmse_e = 1.24e-03, rmse_f = 4.34e-02
[2026-04-17 19:36:14,011] DEEPMD INFO    batch   32000: total wall time = 24.39 s, eta = 0:27:38
[2026-04-17 19:36:38,185] DEEPMD INFO    batch   33000: trn: rmse = 2.09e-01, rmse_e = 4.54e-03, rmse_f = 3.04e-02, lr = 4.61e-05
[2026-04-17 19:36:38,186] DEEPMD INFO    batch   33000: val: rmse = 2.66e-01, rmse_e = 3.63e-03, rmse_f = 3.88e-02
[2026-04-17 19:36:38,186] DEEPMD INFO    batch   33000: total wall time = 24.17 s, eta = 0:26:59
[2026-04-17 19:37:01,883] DEEPMD INFO    batch   34000: trn: rmse = 2.10e-01, rmse_e = 1.19e-03, rmse_f = 3.06e-02, lr = 4.61e-05
[2026-04-17 19:37:01,883] DEEPMD INFO    batch   34000: val: rmse = 1.93e-01, rmse_e = 1.42e-03, rmse_f = 2.81e-02
[2026-04-17 19:37:01,884] DEEPMD INFO    batch   34000: total wall time = 23.70 s, eta = 0:26:04
[2026-04-17 19:37:26,381] DEEPMD INFO    batch   35000: trn: rmse = 1.76e-01, rmse_e = 4.31e-04, rmse_f = 2.56e-02, lr = 4.61e-05
[2026-04-17 19:37:26,382] DEEPMD INFO    batch   35000: val: rmse = 1.94e-01, rmse_e = 1.88e-03, rmse_f = 2.83e-02
[2026-04-17 19:37:26,382] DEEPMD INFO    batch   35000: total wall time = 24.50 s, eta = 0:26:32
[2026-04-17 19:37:50,152] DEEPMD INFO    batch   36000: trn: rmse = 1.55e-01, rmse_e = 1.14e-03, rmse_f = 2.90e-02, lr = 2.76e-05
[2026-04-17 19:37:50,153] DEEPMD INFO    batch   36000: val: rmse = 2.04e-01, rmse_e = 1.24e-03, rmse_f = 3.82e-02
[2026-04-17 19:37:50,153] DEEPMD INFO    batch   36000: total wall time = 23.77 s, eta = 0:25:21
[2026-04-17 19:38:15,146] DEEPMD INFO    batch   37000: trn: rmse = 1.54e-01, rmse_e = 2.65e-03, rmse_f = 2.88e-02, lr = 2.76e-05
[2026-04-17 19:38:15,146] DEEPMD INFO    batch   37000: val: rmse = 1.41e-01, rmse_e = 3.35e-03, rmse_f = 2.64e-02
[2026-04-17 19:38:15,146] DEEPMD INFO    batch   37000: total wall time = 24.99 s, eta = 0:26:14
[2026-04-17 19:38:42,073] DEEPMD INFO    batch   38000: trn: rmse = 1.65e-01, rmse_e = 1.14e-03, rmse_f = 3.08e-02, lr = 2.76e-05
[2026-04-17 19:38:42,073] DEEPMD INFO    batch   38000: val: rmse = 1.38e-01, rmse_e = 7.37e-04, rmse_f = 2.58e-02
[2026-04-17 19:38:42,073] DEEPMD INFO    batch   38000: total wall time = 26.93 s, eta = 0:27:49
[2026-04-17 19:39:06,088] DEEPMD INFO    batch   39000: trn: rmse = 1.40e-01, rmse_e = 1.71e-03, rmse_f = 2.62e-02, lr = 2.76e-05
[2026-04-17 19:39:06,088] DEEPMD INFO    batch   39000: val: rmse = 8.83e-02, rmse_e = 1.19e-03, rmse_f = 1.65e-02
[2026-04-17 19:39:06,088] DEEPMD INFO    batch   39000: total wall time = 24.01 s, eta = 0:24:24
[2026-04-17 19:39:30,058] DEEPMD INFO    batch   40000: trn: rmse = 1.96e-01, rmse_e = 1.68e-03, rmse_f = 3.67e-02, lr = 2.76e-05
[2026-04-17 19:39:30,058] DEEPMD INFO    batch   40000: val: rmse = 1.57e-01, rmse_e = 1.85e-03, rmse_f = 2.93e-02
[2026-04-17 19:39:30,059] DEEPMD INFO    batch   40000: total wall time = 23.97 s, eta = 0:23:58
[2026-04-17 19:39:30,085] DEEPMD INFO    Saved model to model.ckpt-40000.pt
[2026-04-17 19:39:55,270] DEEPMD INFO    batch   41000: trn: rmse = 1.34e-01, rmse_e = 9.76e-04, rmse_f = 3.20e-02, lr = 1.65e-05
[2026-04-17 19:39:55,270] DEEPMD INFO    batch   41000: val: rmse = 1.23e-01, rmse_e = 1.18e-03, rmse_f = 2.93e-02
[2026-04-17 19:39:55,270] DEEPMD INFO    batch   41000: total wall time = 25.21 s, eta = 0:24:47
[2026-04-17 19:40:20,309] DEEPMD INFO    batch   42000: trn: rmse = 1.17e-01, rmse_e = 7.62e-04, rmse_f = 2.79e-02, lr = 1.65e-05
[2026-04-17 19:40:20,309] DEEPMD INFO    batch   42000: val: rmse = 1.37e-01, rmse_e = 1.14e-03, rmse_f = 3.28e-02
[2026-04-17 19:40:20,310] DEEPMD INFO    batch   42000: total wall time = 25.04 s, eta = 0:24:12
[2026-04-17 19:40:44,951] DEEPMD INFO    batch   43000: trn: rmse = 1.25e-01, rmse_e = 1.72e-03, rmse_f = 2.98e-02, lr = 1.65e-05
[2026-04-17 19:40:44,951] DEEPMD INFO    batch   43000: val: rmse = 1.62e-01, rmse_e = 1.99e-03, rmse_f = 3.86e-02
[2026-04-17 19:40:44,951] DEEPMD INFO    batch   43000: total wall time = 24.64 s, eta = 0:23:24
[2026-04-17 19:41:09,066] DEEPMD INFO    batch   44000: trn: rmse = 9.49e-02, rmse_e = 2.01e-03, rmse_f = 2.26e-02, lr = 1.65e-05
[2026-04-17 19:41:09,067] DEEPMD INFO    batch   44000: val: rmse = 1.37e-01, rmse_e = 1.77e-03, rmse_f = 3.27e-02
[2026-04-17 19:41:09,067] DEEPMD INFO    batch   44000: total wall time = 24.12 s, eta = 0:22:30
[2026-04-17 19:41:33,065] DEEPMD INFO    batch   45000: trn: rmse = 1.28e-01, rmse_e = 8.06e-04, rmse_f = 3.07e-02, lr = 1.65e-05
[2026-04-17 19:41:33,065] DEEPMD INFO    batch   45000: val: rmse = 1.34e-01, rmse_e = 3.63e-04, rmse_f = 3.21e-02
[2026-04-17 19:41:33,066] DEEPMD INFO    batch   45000: total wall time = 24.00 s, eta = 0:21:59
[2026-04-17 19:41:56,458] DEEPMD INFO    batch   46000: trn: rmse = 9.59e-02, rmse_e = 1.59e-03, rmse_f = 2.90e-02, lr = 9.89e-06
[2026-04-17 19:41:56,458] DEEPMD INFO    batch   46000: val: rmse = 9.13e-02, rmse_e = 1.07e-03, rmse_f = 2.77e-02
[2026-04-17 19:41:56,459] DEEPMD INFO    batch   46000: total wall time = 23.39 s, eta = 0:21:03
[2026-04-17 19:42:19,925] DEEPMD INFO    batch   47000: trn: rmse = 1.05e-01, rmse_e = 1.06e-03, rmse_f = 3.17e-02, lr = 9.89e-06
[2026-04-17 19:42:19,926] DEEPMD INFO    batch   47000: val: rmse = 9.86e-02, rmse_e = 1.16e-03, rmse_f = 2.99e-02
[2026-04-17 19:42:19,926] DEEPMD INFO    batch   47000: total wall time = 23.47 s, eta = 0:20:43
[2026-04-17 19:42:45,417] DEEPMD INFO    batch   48000: trn: rmse = 9.40e-02, rmse_e = 1.21e-03, rmse_f = 2.85e-02, lr = 9.89e-06
[2026-04-17 19:42:45,417] DEEPMD INFO    batch   48000: val: rmse = 8.92e-02, rmse_e = 8.32e-04, rmse_f = 2.70e-02
[2026-04-17 19:42:45,417] DEEPMD INFO    batch   48000: total wall time = 25.49 s, eta = 0:22:05
[2026-04-17 19:43:09,677] DEEPMD INFO    batch   49000: trn: rmse = 8.52e-02, rmse_e = 8.21e-04, rmse_f = 2.58e-02, lr = 9.89e-06
[2026-04-17 19:43:09,678] DEEPMD INFO    batch   49000: val: rmse = 1.27e-01, rmse_e = 1.09e-03, rmse_f = 3.86e-02
[2026-04-17 19:43:09,678] DEEPMD INFO    batch   49000: total wall time = 24.26 s, eta = 0:20:37
[2026-04-17 19:43:33,887] DEEPMD INFO    batch   50000: trn: rmse = 8.12e-02, rmse_e = 3.45e-04, rmse_f = 2.46e-02, lr = 9.89e-06
[2026-04-17 19:43:33,887] DEEPMD INFO    batch   50000: val: rmse = 1.08e-01, rmse_e = 8.85e-04, rmse_f = 3.28e-02
[2026-04-17 19:43:33,887] DEEPMD INFO    batch   50000: total wall time = 24.21 s, eta = 0:20:10
[2026-04-17 19:43:33,913] DEEPMD INFO    Saved model to model.ckpt-50000.pt
[2026-04-17 19:43:57,372] DEEPMD INFO    batch   51000: trn: rmse = 1.02e-01, rmse_e = 1.39e-03, rmse_f = 3.86e-02, lr = 5.92e-06
[2026-04-17 19:43:57,372] DEEPMD INFO    batch   51000: val: rmse = 1.06e-01, rmse_e = 1.02e-03, rmse_f = 4.03e-02
[2026-04-17 19:43:57,373] DEEPMD INFO    batch   51000: total wall time = 23.49 s, eta = 0:19:10
[2026-04-17 19:44:21,873] DEEPMD INFO    batch   52000: trn: rmse = 7.49e-02, rmse_e = 1.00e-03, rmse_f = 2.85e-02, lr = 5.92e-06
[2026-04-17 19:44:21,873] DEEPMD INFO    batch   52000: val: rmse = 8.29e-02, rmse_e = 9.48e-04, rmse_f = 3.15e-02
[2026-04-17 19:44:21,874] DEEPMD INFO    batch   52000: total wall time = 24.50 s, eta = 0:19:36
[2026-04-17 19:44:45,544] DEEPMD INFO    batch   53000: trn: rmse = 6.79e-02, rmse_e = 9.54e-04, rmse_f = 2.58e-02, lr = 5.92e-06
[2026-04-17 19:44:45,544] DEEPMD INFO    batch   53000: val: rmse = 8.42e-02, rmse_e = 3.60e-04, rmse_f = 3.20e-02
[2026-04-17 19:44:45,545] DEEPMD INFO    batch   53000: total wall time = 23.67 s, eta = 0:18:32
[2026-04-17 19:45:09,442] DEEPMD INFO    batch   54000: trn: rmse = 5.15e-02, rmse_e = 4.61e-04, rmse_f = 1.96e-02, lr = 5.92e-06
[2026-04-17 19:45:09,442] DEEPMD INFO    batch   54000: val: rmse = 9.60e-02, rmse_e = 9.88e-04, rmse_f = 3.65e-02
[2026-04-17 19:45:09,443] DEEPMD INFO    batch   54000: total wall time = 23.90 s, eta = 0:18:19
[2026-04-17 19:45:33,252] DEEPMD INFO    batch   55000: trn: rmse = 5.18e-02, rmse_e = 1.93e-04, rmse_f = 1.97e-02, lr = 5.92e-06
[2026-04-17 19:45:33,252] DEEPMD INFO    batch   55000: val: rmse = 6.85e-02, rmse_e = 6.60e-04, rmse_f = 2.60e-02
[2026-04-17 19:45:33,253] DEEPMD INFO    batch   55000: total wall time = 23.81 s, eta = 0:17:51
[2026-04-17 19:45:58,004] DEEPMD INFO    batch   56000: trn: rmse = 4.95e-02, rmse_e = 8.30e-04, rmse_f = 2.32e-02, lr = 3.55e-06
[2026-04-17 19:45:58,005] DEEPMD INFO    batch   56000: val: rmse = 7.31e-02, rmse_e = 1.26e-03, rmse_f = 3.42e-02
[2026-04-17 19:45:58,005] DEEPMD INFO    batch   56000: total wall time = 24.75 s, eta = 0:18:09
[2026-04-17 19:46:21,933] DEEPMD INFO    batch   57000: trn: rmse = 5.40e-02, rmse_e = 3.78e-04, rmse_f = 2.53e-02, lr = 3.55e-06
[2026-04-17 19:46:21,933] DEEPMD INFO    batch   57000: val: rmse = 6.50e-02, rmse_e = 6.92e-04, rmse_f = 3.05e-02
[2026-04-17 19:46:21,933] DEEPMD INFO    batch   57000: total wall time = 23.93 s, eta = 0:17:08
[2026-04-17 19:46:46,382] DEEPMD INFO    batch   58000: trn: rmse = 6.07e-02, rmse_e = 8.71e-04, rmse_f = 2.85e-02, lr = 3.55e-06
[2026-04-17 19:46:46,382] DEEPMD INFO    batch   58000: val: rmse = 7.68e-02, rmse_e = 9.03e-04, rmse_f = 3.60e-02
[2026-04-17 19:46:46,382] DEEPMD INFO    batch   58000: total wall time = 24.45 s, eta = 0:17:06
[2026-04-17 19:47:12,933] DEEPMD INFO    batch   59000: trn: rmse = 6.13e-02, rmse_e = 1.15e-03, rmse_f = 2.87e-02, lr = 3.55e-06
[2026-04-17 19:47:12,933] DEEPMD INFO    batch   59000: val: rmse = 7.39e-02, rmse_e = 9.60e-04, rmse_f = 3.46e-02
[2026-04-17 19:47:12,934] DEEPMD INFO    batch   59000: total wall time = 26.55 s, eta = 0:18:08
[2026-04-17 19:48:02,446] DEEPMD INFO    batch   60000: trn: rmse = 5.12e-02, rmse_e = 8.54e-04, rmse_f = 2.40e-02, lr = 3.55e-06
[2026-04-17 19:48:02,447] DEEPMD INFO    batch   60000: val: rmse = 5.01e-02, rmse_e = 1.17e-03, rmse_f = 2.34e-02
[2026-04-17 19:48:02,447] DEEPMD INFO    batch   60000: total wall time = 49.51 s, eta = 0:33:00
[2026-04-17 19:48:02,475] DEEPMD INFO    Saved model to model.ckpt-60000.pt
[2026-04-17 19:48:58,503] DEEPMD INFO    batch   61000: trn: rmse = 6.41e-02, rmse_e = 1.06e-03, rmse_f = 3.62e-02, lr = 2.12e-06
[2026-04-17 19:48:58,504] DEEPMD INFO    batch   61000: val: rmse = 5.33e-02, rmse_e = 7.05e-04, rmse_f = 3.02e-02
[2026-04-17 19:48:58,504] DEEPMD INFO    batch   61000: total wall time = 56.06 s, eta = 0:36:26
[2026-04-17 19:49:54,200] DEEPMD INFO    batch   62000: trn: rmse = 4.27e-02, rmse_e = 6.67e-04, rmse_f = 2.41e-02, lr = 2.12e-06
[2026-04-17 19:49:54,201] DEEPMD INFO    batch   62000: val: rmse = 4.40e-02, rmse_e = 4.16e-04, rmse_f = 2.49e-02
[2026-04-17 19:49:54,202] DEEPMD INFO    batch   62000: total wall time = 55.70 s, eta = 0:35:16
[2026-04-17 19:50:50,176] DEEPMD INFO    batch   63000: trn: rmse = 5.52e-02, rmse_e = 7.10e-04, rmse_f = 3.12e-02, lr = 2.12e-06
[2026-04-17 19:50:50,176] DEEPMD INFO    batch   63000: val: rmse = 6.28e-02, rmse_e = 8.50e-04, rmse_f = 3.55e-02
[2026-04-17 19:50:50,177] DEEPMD INFO    batch   63000: total wall time = 55.98 s, eta = 0:34:31
[2026-04-17 19:51:46,277] DEEPMD INFO    batch   64000: trn: rmse = 7.26e-02, rmse_e = 1.37e-03, rmse_f = 4.10e-02, lr = 2.12e-06
[2026-04-17 19:51:46,278] DEEPMD INFO    batch   64000: val: rmse = 3.03e-02, rmse_e = 4.35e-04, rmse_f = 1.71e-02
[2026-04-17 19:51:46,278] DEEPMD INFO    batch   64000: total wall time = 56.10 s, eta = 0:33:39
[2026-04-17 19:52:41,670] DEEPMD INFO    batch   65000: trn: rmse = 5.13e-02, rmse_e = 6.51e-04, rmse_f = 2.90e-02, lr = 2.12e-06
[2026-04-17 19:52:41,670] DEEPMD INFO    batch   65000: val: rmse = 5.12e-02, rmse_e = 7.90e-04, rmse_f = 2.90e-02
[2026-04-17 19:52:41,671] DEEPMD INFO    batch   65000: total wall time = 55.39 s, eta = 0:32:18
[2026-04-17 19:53:37,707] DEEPMD INFO    batch   66000: trn: rmse = 4.79e-02, rmse_e = 1.06e-03, rmse_f = 3.17e-02, lr = 1.27e-06
[2026-04-17 19:53:37,708] DEEPMD INFO    batch   66000: val: rmse = 5.51e-02, rmse_e = 4.77e-04, rmse_f = 3.66e-02
[2026-04-17 19:53:37,708] DEEPMD INFO    batch   66000: total wall time = 56.04 s, eta = 0:31:45
[2026-04-17 19:54:33,165] DEEPMD INFO    batch   67000: trn: rmse = 5.20e-02, rmse_e = 1.12e-03, rmse_f = 3.44e-02, lr = 1.27e-06
[2026-04-17 19:54:33,165] DEEPMD INFO    batch   67000: val: rmse = 5.75e-02, rmse_e = 7.69e-04, rmse_f = 3.81e-02
[2026-04-17 19:54:33,165] DEEPMD INFO    batch   67000: total wall time = 55.46 s, eta = 0:30:30
[2026-04-17 19:55:27,931] DEEPMD INFO    batch   68000: trn: rmse = 2.81e-02, rmse_e = 5.94e-04, rmse_f = 1.86e-02, lr = 1.27e-06
[2026-04-17 19:55:27,932] DEEPMD INFO    batch   68000: val: rmse = 5.04e-02, rmse_e = 1.01e-03, rmse_f = 3.34e-02
[2026-04-17 19:55:27,932] DEEPMD INFO    batch   68000: total wall time = 54.77 s, eta = 0:29:12
[2026-04-17 19:56:23,744] DEEPMD INFO    batch   69000: trn: rmse = 2.88e-02, rmse_e = 2.64e-04, rmse_f = 1.91e-02, lr = 1.27e-06
[2026-04-17 19:56:23,744] DEEPMD INFO    batch   69000: val: rmse = 5.81e-02, rmse_e = 1.17e-03, rmse_f = 3.85e-02
[2026-04-17 19:56:23,745] DEEPMD INFO    batch   69000: total wall time = 55.81 s, eta = 0:28:50
[2026-04-17 19:57:19,703] DEEPMD INFO    batch   70000: trn: rmse = 3.24e-02, rmse_e = 2.80e-04, rmse_f = 2.15e-02, lr = 1.27e-06
[2026-04-17 19:57:19,703] DEEPMD INFO    batch   70000: val: rmse = 4.32e-02, rmse_e = 8.68e-04, rmse_f = 2.86e-02
[2026-04-17 19:57:19,703] DEEPMD INFO    batch   70000: total wall time = 55.96 s, eta = 0:27:58
[2026-04-17 19:57:19,734] DEEPMD INFO    Saved model to model.ckpt-70000.pt
[2026-04-17 19:58:14,563] DEEPMD INFO    batch   71000: trn: rmse = 3.23e-02, rmse_e = 2.59e-04, rmse_f = 2.44e-02, lr = 7.62e-07
[2026-04-17 19:58:14,564] DEEPMD INFO    batch   71000: val: rmse = 3.73e-02, rmse_e = 8.80e-04, rmse_f = 2.81e-02
[2026-04-17 19:58:14,564] DEEPMD INFO    batch   71000: total wall time = 54.86 s, eta = 0:26:30
[2026-04-17 19:59:09,888] DEEPMD INFO    batch   72000: trn: rmse = 4.08e-02, rmse_e = 9.83e-04, rmse_f = 3.07e-02, lr = 7.62e-07
[2026-04-17 19:59:09,889] DEEPMD INFO    batch   72000: val: rmse = 6.29e-02, rmse_e = 1.40e-03, rmse_f = 4.73e-02
[2026-04-17 19:59:09,889] DEEPMD INFO    batch   72000: total wall time = 55.33 s, eta = 0:25:49
[2026-04-17 20:00:04,859] DEEPMD INFO    batch   73000: trn: rmse = 3.67e-02, rmse_e = 8.76e-04, rmse_f = 2.76e-02, lr = 7.62e-07
[2026-04-17 20:00:04,860] DEEPMD INFO    batch   73000: val: rmse = 4.66e-02, rmse_e = 1.05e-03, rmse_f = 3.50e-02
[2026-04-17 20:00:04,860] DEEPMD INFO    batch   73000: total wall time = 54.97 s, eta = 0:24:44
[2026-04-17 20:01:00,577] DEEPMD INFO    batch   74000: trn: rmse = 3.57e-02, rmse_e = 4.41e-04, rmse_f = 2.69e-02, lr = 7.62e-07
[2026-04-17 20:01:00,577] DEEPMD INFO    batch   74000: val: rmse = 3.89e-02, rmse_e = 9.75e-04, rmse_f = 2.92e-02
[2026-04-17 20:01:00,578] DEEPMD INFO    batch   74000: total wall time = 55.72 s, eta = 0:24:08
[2026-04-17 20:01:56,146] DEEPMD INFO    batch   75000: trn: rmse = 3.78e-02, rmse_e = 1.20e-03, rmse_f = 2.84e-02, lr = 7.62e-07
[2026-04-17 20:01:56,146] DEEPMD INFO    batch   75000: val: rmse = 2.86e-02, rmse_e = 6.93e-04, rmse_f = 2.15e-02
[2026-04-17 20:01:56,146] DEEPMD INFO    batch   75000: total wall time = 55.57 s, eta = 0:23:09
[2026-04-17 20:02:51,955] DEEPMD INFO    batch   76000: trn: rmse = 4.98e-02, rmse_e = 8.57e-04, rmse_f = 4.13e-02, lr = 4.56e-07
[2026-04-17 20:02:51,956] DEEPMD INFO    batch   76000: val: rmse = 2.94e-02, rmse_e = 4.51e-04, rmse_f = 2.43e-02
[2026-04-17 20:02:51,956] DEEPMD INFO    batch   76000: total wall time = 55.81 s, eta = 0:22:19
[2026-04-17 20:03:47,550] DEEPMD INFO    batch   77000: trn: rmse = 4.00e-02, rmse_e = 6.77e-04, rmse_f = 3.31e-02, lr = 4.56e-07
[2026-04-17 20:03:47,551] DEEPMD INFO    batch   77000: val: rmse = 2.88e-02, rmse_e = 3.78e-04, rmse_f = 2.39e-02
[2026-04-17 20:03:47,551] DEEPMD INFO    batch   77000: total wall time = 55.59 s, eta = 0:21:18
[2026-04-17 20:04:43,477] DEEPMD INFO    batch   78000: trn: rmse = 2.70e-02, rmse_e = 8.88e-04, rmse_f = 2.23e-02, lr = 4.56e-07
[2026-04-17 20:04:43,478] DEEPMD INFO    batch   78000: val: rmse = 4.13e-02, rmse_e = 4.19e-04, rmse_f = 3.42e-02
[2026-04-17 20:04:43,478] DEEPMD INFO    batch   78000: total wall time = 55.93 s, eta = 0:20:30
[2026-04-17 20:05:39,001] DEEPMD INFO    batch   79000: trn: rmse = 3.62e-02, rmse_e = 7.21e-04, rmse_f = 3.00e-02, lr = 4.56e-07
[2026-04-17 20:05:39,001] DEEPMD INFO    batch   79000: val: rmse = 4.81e-02, rmse_e = 9.66e-04, rmse_f = 3.98e-02
[2026-04-17 20:05:39,002] DEEPMD INFO    batch   79000: total wall time = 55.52 s, eta = 0:19:25
[2026-04-17 20:06:35,092] DEEPMD INFO    batch   80000: trn: rmse = 3.42e-02, rmse_e = 3.60e-04, rmse_f = 2.83e-02, lr = 4.56e-07
[2026-04-17 20:06:35,092] DEEPMD INFO    batch   80000: val: rmse = 4.11e-02, rmse_e = 9.04e-04, rmse_f = 3.40e-02
[2026-04-17 20:06:35,093] DEEPMD INFO    batch   80000: total wall time = 56.09 s, eta = 0:18:41
[2026-04-17 20:06:35,127] DEEPMD INFO    Saved model to model.ckpt-80000.pt
[2026-04-17 20:07:30,726] DEEPMD INFO    batch   81000: trn: rmse = 2.48e-02, rmse_e = 1.73e-04, rmse_f = 2.20e-02, lr = 2.73e-07
[2026-04-17 20:07:30,726] DEEPMD INFO    batch   81000: val: rmse = 3.20e-02, rmse_e = 1.07e-03, rmse_f = 2.82e-02
[2026-04-17 20:07:30,727] DEEPMD INFO    batch   81000: total wall time = 55.63 s, eta = 0:17:37
[2026-04-17 20:08:26,107] DEEPMD INFO    batch   82000: trn: rmse = 3.28e-02, rmse_e = 6.94e-04, rmse_f = 2.90e-02, lr = 2.73e-07
[2026-04-17 20:08:26,108] DEEPMD INFO    batch   82000: val: rmse = 3.45e-02, rmse_e = 6.76e-04, rmse_f = 3.06e-02
[2026-04-17 20:08:26,108] DEEPMD INFO    batch   82000: total wall time = 55.38 s, eta = 0:16:36
[2026-04-17 20:09:21,802] DEEPMD INFO    batch   83000: trn: rmse = 2.42e-02, rmse_e = 2.50e-04, rmse_f = 2.14e-02, lr = 2.73e-07
[2026-04-17 20:09:21,802] DEEPMD INFO    batch   83000: val: rmse = 3.00e-02, rmse_e = 2.54e-04, rmse_f = 2.66e-02
[2026-04-17 20:09:21,803] DEEPMD INFO    batch   83000: total wall time = 55.69 s, eta = 0:15:46
[2026-04-17 20:10:16,794] DEEPMD INFO    batch   84000: trn: rmse = 3.05e-02, rmse_e = 5.71e-04, rmse_f = 2.70e-02, lr = 2.73e-07
[2026-04-17 20:10:16,795] DEEPMD INFO    batch   84000: val: rmse = 2.52e-02, rmse_e = 3.11e-04, rmse_f = 2.23e-02
[2026-04-17 20:10:16,795] DEEPMD INFO    batch   84000: total wall time = 54.99 s, eta = 0:14:39
[2026-04-17 20:11:12,474] DEEPMD INFO    batch   85000: trn: rmse = 3.51e-02, rmse_e = 9.77e-04, rmse_f = 3.10e-02, lr = 2.73e-07
[2026-04-17 20:11:12,475] DEEPMD INFO    batch   85000: val: rmse = 2.74e-02, rmse_e = 3.79e-04, rmse_f = 2.43e-02
[2026-04-17 20:11:12,476] DEEPMD INFO    batch   85000: total wall time = 55.68 s, eta = 0:13:55
[2026-04-17 20:12:07,435] DEEPMD INFO    batch   86000: trn: rmse = 3.61e-02, rmse_e = 6.85e-04, rmse_f = 3.34e-02, lr = 1.63e-07
[2026-04-17 20:12:07,436] DEEPMD INFO    batch   86000: val: rmse = 3.86e-02, rmse_e = 8.64e-04, rmse_f = 3.57e-02
[2026-04-17 20:12:07,437] DEEPMD INFO    batch   86000: total wall time = 54.96 s, eta = 0:12:49
[2026-04-17 20:13:03,081] DEEPMD INFO    batch   87000: trn: rmse = 2.02e-02, rmse_e = 7.56e-04, rmse_f = 1.87e-02, lr = 1.63e-07
[2026-04-17 20:13:03,081] DEEPMD INFO    batch   87000: val: rmse = 3.85e-02, rmse_e = 9.78e-04, rmse_f = 3.56e-02
[2026-04-17 20:13:03,081] DEEPMD INFO    batch   87000: total wall time = 55.64 s, eta = 0:12:03
[2026-04-17 20:13:58,258] DEEPMD INFO    batch   88000: trn: rmse = 2.39e-02, rmse_e = 3.13e-04, rmse_f = 2.22e-02, lr = 1.63e-07
[2026-04-17 20:13:58,258] DEEPMD INFO    batch   88000: val: rmse = 2.54e-02, rmse_e = 3.23e-04, rmse_f = 2.36e-02
[2026-04-17 20:13:58,259] DEEPMD INFO    batch   88000: total wall time = 55.18 s, eta = 0:11:02
[2026-04-17 20:14:54,590] DEEPMD INFO    batch   89000: trn: rmse = 2.95e-02, rmse_e = 7.79e-04, rmse_f = 2.72e-02, lr = 1.63e-07
[2026-04-17 20:14:54,591] DEEPMD INFO    batch   89000: val: rmse = 3.57e-02, rmse_e = 4.60e-04, rmse_f = 3.30e-02
[2026-04-17 20:14:54,592] DEEPMD INFO    batch   89000: total wall time = 56.33 s, eta = 0:10:19
[2026-04-17 20:15:51,027] DEEPMD INFO    batch   90000: trn: rmse = 3.34e-02, rmse_e = 1.12e-03, rmse_f = 3.08e-02, lr = 1.63e-07
[2026-04-17 20:15:51,028] DEEPMD INFO    batch   90000: val: rmse = 2.21e-02, rmse_e = 1.78e-04, rmse_f = 2.05e-02
[2026-04-17 20:15:51,028] DEEPMD INFO    batch   90000: total wall time = 56.44 s, eta = 0:09:24
[2026-04-17 20:15:51,055] DEEPMD INFO    Saved model to model.ckpt-90000.pt
[2026-04-17 20:16:45,849] DEEPMD INFO    batch   91000: trn: rmse = 2.49e-02, rmse_e = 5.39e-04, rmse_f = 2.37e-02, lr = 9.79e-08
[2026-04-17 20:16:45,850] DEEPMD INFO    batch   91000: val: rmse = 3.38e-02, rmse_e = 4.92e-04, rmse_f = 3.22e-02
[2026-04-17 20:16:45,850] DEEPMD INFO    batch   91000: total wall time = 54.82 s, eta = 0:08:13
[2026-04-17 20:17:41,519] DEEPMD INFO    batch   92000: trn: rmse = 3.03e-02, rmse_e = 8.79e-04, rmse_f = 2.88e-02, lr = 9.79e-08
[2026-04-17 20:17:41,519] DEEPMD INFO    batch   92000: val: rmse = 3.17e-02, rmse_e = 6.38e-04, rmse_f = 3.02e-02
[2026-04-17 20:17:41,520] DEEPMD INFO    batch   92000: total wall time = 55.67 s, eta = 0:07:25
[2026-04-17 20:18:37,568] DEEPMD INFO    batch   93000: trn: rmse = 2.68e-02, rmse_e = 2.63e-04, rmse_f = 2.55e-02, lr = 9.79e-08
[2026-04-17 20:18:37,569] DEEPMD INFO    batch   93000: val: rmse = 3.33e-02, rmse_e = 8.69e-04, rmse_f = 3.17e-02
[2026-04-17 20:18:37,569] DEEPMD INFO    batch   93000: total wall time = 56.05 s, eta = 0:06:32
[2026-04-17 20:19:32,993] DEEPMD INFO    batch   94000: trn: rmse = 3.00e-02, rmse_e = 1.17e-03, rmse_f = 2.84e-02, lr = 9.79e-08
[2026-04-17 20:19:32,994] DEEPMD INFO    batch   94000: val: rmse = 2.47e-02, rmse_e = 1.02e-03, rmse_f = 2.34e-02
[2026-04-17 20:19:32,994] DEEPMD INFO    batch   94000: total wall time = 55.42 s, eta = 0:05:32
[2026-04-17 20:20:28,435] DEEPMD INFO    batch   95000: trn: rmse = 3.26e-02, rmse_e = 7.29e-04, rmse_f = 3.11e-02, lr = 9.79e-08
[2026-04-17 20:20:28,435] DEEPMD INFO    batch   95000: val: rmse = 3.34e-02, rmse_e = 8.31e-04, rmse_f = 3.18e-02
[2026-04-17 20:20:28,436] DEEPMD INFO    batch   95000: total wall time = 55.44 s, eta = 0:04:37
[2026-04-17 20:21:23,607] DEEPMD INFO    batch   96000: trn: rmse = 3.38e-02, rmse_e = 1.02e-03, rmse_f = 3.28e-02, lr = 5.86e-08
[2026-04-17 20:21:23,607] DEEPMD INFO    batch   96000: val: rmse = 4.08e-02, rmse_e = 5.76e-04, rmse_f = 3.96e-02
[2026-04-17 20:21:23,607] DEEPMD INFO    batch   96000: total wall time = 55.17 s, eta = 0:03:40
[2026-04-17 20:22:18,294] DEEPMD INFO    batch   97000: trn: rmse = 2.84e-02, rmse_e = 6.01e-04, rmse_f = 2.76e-02, lr = 5.86e-08
[2026-04-17 20:22:18,295] DEEPMD INFO    batch   97000: val: rmse = 2.34e-02, rmse_e = 8.04e-04, rmse_f = 2.27e-02
[2026-04-17 20:22:18,295] DEEPMD INFO    batch   97000: total wall time = 54.69 s, eta = 0:02:44
[2026-04-17 20:23:14,373] DEEPMD INFO    batch   98000: trn: rmse = 2.18e-02, rmse_e = 5.05e-04, rmse_f = 2.12e-02, lr = 5.86e-08
[2026-04-17 20:23:14,374] DEEPMD INFO    batch   98000: val: rmse = 2.16e-02, rmse_e = 6.29e-04, rmse_f = 2.09e-02
[2026-04-17 20:23:14,374] DEEPMD INFO    batch   98000: total wall time = 56.08 s, eta = 0:01:52
[2026-04-17 20:24:10,159] DEEPMD INFO    batch   99000: trn: rmse = 2.90e-02, rmse_e = 1.07e-03, rmse_f = 2.81e-02, lr = 5.86e-08
[2026-04-17 20:24:10,159] DEEPMD INFO    batch   99000: val: rmse = 2.31e-02, rmse_e = 2.90e-04, rmse_f = 2.24e-02
[2026-04-17 20:24:10,160] DEEPMD INFO    batch   99000: total wall time = 55.79 s, eta = 0:00:55
[2026-04-17 20:25:06,508] DEEPMD INFO    batch  100000: trn: rmse = 2.94e-02, rmse_e = 8.18e-04, rmse_f = 2.85e-02, lr = 5.86e-08
[2026-04-17 20:25:06,508] DEEPMD INFO    batch  100000: val: rmse = 2.70e-02, rmse_e = 5.30e-04, rmse_f = 2.62e-02
[2026-04-17 20:25:06,508] DEEPMD INFO    batch  100000: total wall time = 56.35 s, eta = 0:00:00
[2026-04-17 20:25:06,535] DEEPMD INFO    Saved model to model.ckpt-100000.pt
[2026-04-17 20:25:06,537] DEEPMD INFO    average training time: 0.0373 s/batch (1000 batches excluded)
[2026-04-17 20:25:06,537] DEEPMD INFO    Trained model has been saved to: model.ckpt
2026-04-17 20:25:07,359 - sparc.src.deepmd - INFO - Training completed successfully
2026-04-17 20:25:07,359 - INFO - Training completed successfully
[SPARC][INFO] Freezing model: dp --pt freeze -o frozen_model_1.pth
To get the best performance, it is recommended to adjust the number of threads by setting the environment variables OMP_NUM_THREADS, DP_INTRA_OP_PARALLELISM_THREADS, and DP_INTER_OP_PARALLELISM_THREADS. See https://deepmd.rtfd.io/parallelism/ for more information.
/home/rverma7/anaconda3/envs/sparcGNN/lib/python3.10/site-packages/e3nn/o3/_wigner.py:10: UserWarning: Environment variable TORCH_FORCE_NO_WEIGHTS_ONLY_LOAD detected, since the`weights_only` argument was not explicitly passed to `torch.load`, forcing weights_only=False.
  _Jd, _W3j_flat, _W3j_indices = torch.load(os.path.join(os.path.dirname(__file__), 'constants.pt'))
/home/rverma7/anaconda3/envs/sparcGNN/lib/python3.10/site-packages/nequip/__init__.py:20: UserWarning: !! PyTorch version 2.6.0 found. Upstream issues in PyTorch versions 1.13.* and 2.* have been seen to cause unusual performance degredations on some CUDA systems that become worse over time; see https://github.com/mir-group/nequip/discussions/311. The best tested PyTorch version to use with CUDA devices is 1.11; while using other versions if you observe this problem, an unexpected lack of this problem, or other strange behavior, please post in the linked GitHub issue.
  warnings.warn(
[2026-04-17 20:25:10,095] DEEPMD INFO    DeePMD version: 3.1.1
[2026-04-17 20:25:10,857] DEEPMD INFO    Saved frozen model to frozen_model_1.pth
2026-04-17 20:25:11,589 - sparc.src.deepmd - INFO - Model frozen successfully
2026-04-17 20:25:11,589 - INFO - Model frozen successfully
[SPARC][INFO] ================================================================================
[SPARC][INFO] DeepMD Model Evaluation Results
[SPARC][INFO] --------------------------------------------------------------------------------
[SPARC][INFO] [2026-04-17 20:25:13,101] DEEPMD WARNING To get the best performance, it is recommended to adjust the number of threads by setting the environment variables OMP_NUM_THREADS, DP_INTRA_OP_PARALLELISM_THREADS, and DP_INTER_OP_PARALLELISM_THREADS. See https://deepmd.rtfd.io/parallelism/ for more information.
/home/rverma7/anaconda3/envs/sparcGNN/lib/python3.10/site-packages/e3nn/o3/_wigner.py:10: UserWarning: Environment variable TORCH_FORCE_NO_WEIGHTS_ONLY_LOAD detected, since the`weights_only` argument was not explicitly passed to `torch.load`, forcing weights_only=False.
  _Jd, _W3j_flat, _W3j_indices = torch.load(os.path.join(os.path.dirname(__file__), 'constants.pt'))
/home/rverma7/anaconda3/envs/sparcGNN/lib/python3.10/site-packages/nequip/__init__.py:20: UserWarning: !! PyTorch version 2.6.0 found. Upstream issues in PyTorch versions 1.13.* and 2.* have been seen to cause unusual performance degredations on some CUDA systems that become worse over time; see https://github.com/mir-group/nequip/discussions/311. The best tested PyTorch version to use with CUDA devices is 1.11; while using other versions if you observe this problem, an unexpected lack of this problem, or other strange behavior, please post in the linked GitHub issue.
  warnings.warn(
[2026-04-17 20:25:15,030] DEEPMD INFO    # ---------------output of dp test--------------- 
[2026-04-17 20:25:15,030] DEEPMD INFO    # testing system : /home/rverma7/My_Program/0.3_sparc/examples/CP2K/workflow/DeePMD_training/00.data/validation_data
[2026-04-17 20:25:16,072] DEEPMD INFO    # number of test data : 51 
[2026-04-17 20:25:16,073] DEEPMD INFO    Energy MAE         : 4.477470e-03 eV
[2026-04-17 20:25:16,073] DEEPMD INFO    Energy RMSE        : 5.789697e-03 eV
[2026-04-17 20:25:16,073] DEEPMD INFO    Energy MAE/Natoms  : 5.596838e-04 eV
[2026-04-17 20:25:16,073] DEEPMD INFO    Energy RMSE/Natoms : 7.237121e-04 eV
[2026-04-17 20:25:16,073] DEEPMD INFO    Force  MAE         : 2.236428e-02 eV/Å
[2026-04-17 20:25:16,073] DEEPMD INFO    Force  RMSE        : 3.074515e-02 eV/Å
[2026-04-17 20:25:16,073] DEEPMD INFO    # ----------------------------------------------- 
[2026-04-17 20:25:16,073] DEEPMD INFO    # ----------weighted average of errors----------- 
[2026-04-17 20:25:16,073] DEEPMD INFO    # number of systems : 1
[2026-04-17 20:25:16,073] DEEPMD INFO    Energy MAE         : 4.477470e-03 eV
[2026-04-17 20:25:16,073] DEEPMD INFO    Energy RMSE        : 5.789697e-03 eV
[2026-04-17 20:25:16,073] DEEPMD INFO    Energy MAE/Natoms  : 5.596838e-04 eV
[2026-04-17 20:25:16,073] DEEPMD INFO    Energy RMSE/Natoms : 7.237121e-04 eV
[2026-04-17 20:25:16,073] DEEPMD INFO    Force  MAE         : 2.236428e-02 eV/Å
[2026-04-17 20:25:16,073] DEEPMD INFO    Force  RMSE        : 3.074515e-02 eV/Å
[2026-04-17 20:25:16,073] DEEPMD INFO    # -----------------------------------------------
[SPARC][INFO] ================================================================================
[SPARC][INFO] ================================================================================
[SPARC][INFO]  Training Model 2/3
[SPARC][INFO]  Directory: iter_000001/01.train/training_2
[SPARC][INFO] ================================================================================
2026-04-17 20:25:17,015 - sparc.src.deepmd - INFO - Training directory: iter_000001/01.train/training_2
2026-04-17 20:25:17,015 - INFO - Training directory: iter_000001/01.train/training_2
[SPARC][INFO]  Training Model 2/3
[SPARC][INFO] Directory                      iter_000001/01.train/training_2
[SPARC][INFO] Running command: dp --pt train input.json
To get the best performance, it is recommended to adjust the number of threads by setting the environment variables OMP_NUM_THREADS, DP_INTRA_OP_PARALLELISM_THREADS, and DP_INTER_OP_PARALLELISM_THREADS. See https://deepmd.rtfd.io/parallelism/ for more information.
/home/rverma7/anaconda3/envs/sparcGNN/lib/python3.10/site-packages/e3nn/o3/_wigner.py:10: UserWarning: Environment variable TORCH_FORCE_NO_WEIGHTS_ONLY_LOAD detected, since the`weights_only` argument was not explicitly passed to `torch.load`, forcing weights_only=False.
  _Jd, _W3j_flat, _W3j_indices = torch.load(os.path.join(os.path.dirname(__file__), 'constants.pt'))
/home/rverma7/anaconda3/envs/sparcGNN/lib/python3.10/site-packages/nequip/__init__.py:20: UserWarning: !! PyTorch version 2.6.0 found. Upstream issues in PyTorch versions 1.13.* and 2.* have been seen to cause unusual performance degredations on some CUDA systems that become worse over time; see https://github.com/mir-group/nequip/discussions/311. The best tested PyTorch version to use with CUDA devices is 1.11; while using other versions if you observe this problem, an unexpected lack of this problem, or other strange behavior, please post in the linked GitHub issue.
  warnings.warn(
[2026-04-17 20:25:20,020] DEEPMD INFO    DeePMD version: 3.1.1
[2026-04-17 20:25:20,020] DEEPMD INFO    Configuration path: input.json
[2026-04-17 20:25:20,038] DEEPMD INFO     _____               _____   __  __  _____           _     _  _   
[2026-04-17 20:25:20,038] DEEPMD INFO    |  __ \             |  __ \ |  \/  ||  __ \         | |   (_)| |  
[2026-04-17 20:25:20,038] DEEPMD INFO    | |  | |  ___   ___ | |__) || \  / || |  | | ______ | | __ _ | |_ 
[2026-04-17 20:25:20,038] DEEPMD INFO    | |  | | / _ \ / _ \|  ___/ | |\/| || |  | ||______|| |/ /| || __|
[2026-04-17 20:25:20,038] DEEPMD INFO    | |__| ||  __/|  __/| |     | |  | || |__| |        |   < | || |_ 
[2026-04-17 20:25:20,038] DEEPMD INFO    |_____/  \___| \___||_|     |_|  |_||_____/         |_|\_\|_| \__|
[2026-04-17 20:25:20,038] DEEPMD INFO    Please read and cite:
[2026-04-17 20:25:20,038] DEEPMD INFO    Wang, Zhang, Han and E, Comput.Phys.Comm. 228, 178-184 (2018)
[2026-04-17 20:25:20,038] DEEPMD INFO    Zeng et al, J. Chem. Phys., 159, 054801 (2023)
[2026-04-17 20:25:20,038] DEEPMD INFO    Zeng et al, J. Chem. Theory Comput., 21, 4375-4385 (2025)
[2026-04-17 20:25:20,038] DEEPMD INFO    See https://deepmd.rtfd.io/credits/ for details.
[2026-04-17 20:25:20,038] DEEPMD INFO    ------------------------------------------------------------------------------------------------------------------------------
[2026-04-17 20:25:20,038] DEEPMD INFO    installed to:          /home/rverma7/anaconda3/envs/sparcGNN/lib/python3.10/site-packages/deepmd
[2026-04-17 20:25:20,038] DEEPMD INFO    source:                
[2026-04-17 20:25:20,038] DEEPMD INFO    source branch:         HEAD
[2026-04-17 20:25:20,038] DEEPMD INFO    source commit:         9b566bf
[2026-04-17 20:25:20,038] DEEPMD INFO    source commit at:      2025-10-01 20:34:25 +0200
[2026-04-17 20:25:20,038] DEEPMD INFO    use float prec:        double
[2026-04-17 20:25:20,038] DEEPMD INFO    build variant:         cuda
[2026-04-17 20:25:20,038] DEEPMD INFO    Backend:               PyTorch
[2026-04-17 20:25:20,039] DEEPMD INFO    PT ver:                v2.6.0-gUnknown
[2026-04-17 20:25:20,039] DEEPMD INFO    Enable custom OP:      True
[2026-04-17 20:25:20,039] DEEPMD INFO    build with PT ver:     2.6.0
[2026-04-17 20:25:20,039] DEEPMD INFO    build with PT inc:     /home/rverma7/anaconda3/envs/sparcGNN/lib/python3.10/site-packages/torch/include
[2026-04-17 20:25:20,039] DEEPMD INFO                           /home/rverma7/anaconda3/envs/sparcGNN/lib/python3.10/site-packages/torch/include/torch/csrc/api/include
[2026-04-17 20:25:20,039] DEEPMD INFO    build with PT lib:     /home/rverma7/anaconda3/envs/sparcGNN/lib/python3.10/site-packages/torch/lib
[2026-04-17 20:25:20,039] DEEPMD INFO    running on:            cbe-dt-319.che.ncsu.edu
[2026-04-17 20:25:20,039] DEEPMD INFO    computing device:      cuda:0
[2026-04-17 20:25:20,039] DEEPMD INFO    CUDA_VISIBLE_DEVICES:  unset
[2026-04-17 20:25:20,039] DEEPMD INFO    Count of visible GPUs: 2
[2026-04-17 20:25:20,039] DEEPMD INFO    num_intra_threads:     0
[2026-04-17 20:25:20,039] DEEPMD INFO    num_inter_threads:     0
[2026-04-17 20:25:20,039] DEEPMD INFO    ------------------------------------------------------------------------------------------------------------------------------
[2026-04-17 20:25:20,085] DEEPMD INFO    Calculate neighbor statistics... (add --skip-neighbor-stat to skip this step)
[2026-04-17 20:25:20,427] DEEPMD INFO    Adjust batch size from 1024 to 2048
[2026-04-17 20:25:20,465] DEEPMD INFO    Neighbor statistics: training data with minimal neighbor distance: 0.956954
[2026-04-17 20:25:20,465] DEEPMD INFO    Neighbor statistics: training data with maximum neighbor size: [1 6 1] (cutoff radius: 6.000000)
[2026-04-17 20:25:20,467] DEEPMD INFO    Constructing DataLoaders from 1 systems
[2026-04-17 20:25:20,474] DEEPMD INFO    Constructing DataLoaders from 1 systems
[2026-04-17 20:25:20,536] DEEPMD INFO    Packing data for statistics from 1 systems
[2026-04-17 20:25:20,750] DEEPMD INFO    RMSE of energy per atom after linear regression is: 0.018554896960490203 in the unit of energy.
[2026-04-17 20:25:20,752] DEEPMD INFO    ---Summary of DataSystem: training     -----------------------------------------------
[2026-04-17 20:25:20,752] DEEPMD INFO    found 1 system(s):
[2026-04-17 20:25:20,752] DEEPMD INFO                                        system  natoms  bch_sz   n_bch       prob  pbc
[2026-04-17 20:25:20,752] DEEPMD INFO    -- w/DeePMD_training/00.data/training_data       8       4      51  1.000e+00    T
[2026-04-17 20:25:20,752] DEEPMD INFO    --------------------------------------------------------------------------------------
[2026-04-17 20:25:20,753] DEEPMD INFO    ---Summary of DataSystem: validation   -----------------------------------------------
[2026-04-17 20:25:20,753] DEEPMD INFO    found 1 system(s):
[2026-04-17 20:25:20,753] DEEPMD INFO                                        system  natoms  bch_sz   n_bch       prob  pbc
[2026-04-17 20:25:20,753] DEEPMD INFO    -- DeePMD_training/00.data/validation_data       8       4      12  1.000e+00    T
[2026-04-17 20:25:20,753] DEEPMD INFO    --------------------------------------------------------------------------------------
[2026-04-17 20:25:20,754] DEEPMD INFO    Start to train 100000 steps.
[2026-04-17 20:25:21,504] DEEPMD INFO    batch       1: trn: rmse = 3.20e+01, rmse_e = 1.36e-01, rmse_f = 1.01e+00, lr = 1.00e-03
[2026-04-17 20:25:21,504] DEEPMD INFO    batch       1: val: rmse = 5.24e+01, rmse_e = 9.51e-01, rmse_f = 1.66e+00
[2026-04-17 20:25:21,505] DEEPMD INFO    batch       1: total wall time = 0.75 s, eta = 20:51:22
[2026-04-17 20:26:17,890] DEEPMD INFO    batch    1000: trn: rmse = 7.70e+00, rmse_e = 3.60e-01, rmse_f = 2.43e-01, lr = 1.00e-03
[2026-04-17 20:26:17,891] DEEPMD INFO    batch    1000: val: rmse = 7.48e+00, rmse_e = 3.82e-01, rmse_f = 2.36e-01
[2026-04-17 20:26:17,891] DEEPMD INFO    batch    1000: total wall time = 56.39 s, eta = 1:33:02
[2026-04-17 20:27:12,439] DEEPMD INFO    batch    2000: trn: rmse = 3.31e+00, rmse_e = 3.76e-02, rmse_f = 1.05e-01, lr = 1.00e-03
[2026-04-17 20:27:12,439] DEEPMD INFO    batch    2000: val: rmse = 5.31e+00, rmse_e = 4.85e-03, rmse_f = 1.68e-01
[2026-04-17 20:27:12,440] DEEPMD INFO    batch    2000: total wall time = 54.55 s, eta = 1:29:05
[2026-04-17 20:28:07,296] DEEPMD INFO    batch    3000: trn: rmse = 3.28e+00, rmse_e = 2.73e-02, rmse_f = 1.04e-01, lr = 1.00e-03
[2026-04-17 20:28:07,296] DEEPMD INFO    batch    3000: val: rmse = 2.88e+00, rmse_e = 2.25e-02, rmse_f = 9.09e-02
[2026-04-17 20:28:07,296] DEEPMD INFO    batch    3000: total wall time = 54.86 s, eta = 1:28:41
[2026-04-17 20:29:03,864] DEEPMD INFO    batch    4000: trn: rmse = 4.47e+00, rmse_e = 4.92e-02, rmse_f = 1.41e-01, lr = 1.00e-03
[2026-04-17 20:29:03,864] DEEPMD INFO    batch    4000: val: rmse = 3.90e+00, rmse_e = 4.79e-02, rmse_f = 1.23e-01
[2026-04-17 20:29:03,864] DEEPMD INFO    batch    4000: total wall time = 56.57 s, eta = 1:30:30
[2026-04-17 20:29:59,331] DEEPMD INFO    batch    5000: trn: rmse = 2.48e+00, rmse_e = 4.01e-02, rmse_f = 7.83e-02, lr = 1.00e-03
[2026-04-17 20:29:59,331] DEEPMD INFO    batch    5000: val: rmse = 2.86e+00, rmse_e = 4.03e-02, rmse_f = 9.05e-02
[2026-04-17 20:29:59,332] DEEPMD INFO    batch    5000: total wall time = 55.47 s, eta = 1:27:49
[2026-04-17 20:30:52,530] DEEPMD INFO    batch    6000: trn: rmse = 1.73e+00, rmse_e = 9.00e-03, rmse_f = 7.07e-02, lr = 5.99e-04
[2026-04-17 20:30:52,531] DEEPMD INFO    batch    6000: val: rmse = 1.77e+00, rmse_e = 8.23e-03, rmse_f = 7.23e-02
[2026-04-17 20:30:52,531] DEEPMD INFO    batch    6000: total wall time = 53.20 s, eta = 1:23:20
[2026-04-17 20:31:47,841] DEEPMD INFO    batch    7000: trn: rmse = 1.95e+00, rmse_e = 2.25e-02, rmse_f = 7.95e-02, lr = 5.99e-04
[2026-04-17 20:31:47,842] DEEPMD INFO    batch    7000: val: rmse = 1.71e+00, rmse_e = 2.39e-02, rmse_f = 7.00e-02
[2026-04-17 20:31:47,842] DEEPMD INFO    batch    7000: total wall time = 55.31 s, eta = 1:25:43
[2026-04-17 20:32:44,273] DEEPMD INFO    batch    8000: trn: rmse = 1.29e+00, rmse_e = 8.39e-03, rmse_f = 5.29e-02, lr = 5.99e-04
[2026-04-17 20:32:44,274] DEEPMD INFO    batch    8000: val: rmse = 1.42e+00, rmse_e = 1.18e-02, rmse_f = 5.82e-02
[2026-04-17 20:32:44,275] DEEPMD INFO    batch    8000: total wall time = 56.43 s, eta = 1:26:31
[2026-04-17 20:33:40,020] DEEPMD INFO    batch    9000: trn: rmse = 1.29e+00, rmse_e = 3.80e-03, rmse_f = 5.26e-02, lr = 5.99e-04
[2026-04-17 20:33:40,020] DEEPMD INFO    batch    9000: val: rmse = 1.39e+00, rmse_e = 4.24e-03, rmse_f = 5.68e-02
[2026-04-17 20:33:40,020] DEEPMD INFO    batch    9000: total wall time = 55.75 s, eta = 1:24:32
[2026-04-17 20:34:35,877] DEEPMD INFO    batch   10000: trn: rmse = 1.29e+00, rmse_e = 2.60e-02, rmse_f = 5.27e-02, lr = 5.99e-04
[2026-04-17 20:34:35,877] DEEPMD INFO    batch   10000: val: rmse = 1.63e+00, rmse_e = 2.49e-02, rmse_f = 6.64e-02
[2026-04-17 20:34:35,877] DEEPMD INFO    batch   10000: total wall time = 55.86 s, eta = 1:23:47
[2026-04-17 20:34:35,904] DEEPMD INFO    Saved model to model.ckpt-10000.pt
[2026-04-17 20:35:30,676] DEEPMD INFO    batch   11000: trn: rmse = 9.45e-01, rmse_e = 7.15e-03, rmse_f = 4.98e-02, lr = 3.59e-04
[2026-04-17 20:35:30,676] DEEPMD INFO    batch   11000: val: rmse = 1.07e+00, rmse_e = 9.67e-03, rmse_f = 5.67e-02
[2026-04-17 20:35:30,676] DEEPMD INFO    batch   11000: total wall time = 54.80 s, eta = 1:21:17
[2026-04-17 20:36:26,027] DEEPMD INFO    batch   12000: trn: rmse = 1.09e+00, rmse_e = 3.97e-03, rmse_f = 5.74e-02, lr = 3.59e-04
[2026-04-17 20:36:26,028] DEEPMD INFO    batch   12000: val: rmse = 1.25e+00, rmse_e = 2.79e-03, rmse_f = 6.59e-02
[2026-04-17 20:36:26,028] DEEPMD INFO    batch   12000: total wall time = 55.35 s, eta = 1:21:10
[2026-04-17 20:37:22,318] DEEPMD INFO    batch   13000: trn: rmse = 1.05e+00, rmse_e = 1.97e-03, rmse_f = 5.53e-02, lr = 3.59e-04
[2026-04-17 20:37:22,319] DEEPMD INFO    batch   13000: val: rmse = 9.64e-01, rmse_e = 6.62e-03, rmse_f = 5.09e-02
[2026-04-17 20:37:22,320] DEEPMD INFO    batch   13000: total wall time = 56.29 s, eta = 1:21:37
[2026-04-17 20:38:17,570] DEEPMD INFO    batch   14000: trn: rmse = 1.24e+00, rmse_e = 1.84e-03, rmse_f = 6.53e-02, lr = 3.59e-04
[2026-04-17 20:38:17,571] DEEPMD INFO    batch   14000: val: rmse = 1.04e+00, rmse_e = 3.85e-03, rmse_f = 5.47e-02
[2026-04-17 20:38:17,571] DEEPMD INFO    batch   14000: total wall time = 55.25 s, eta = 1:19:11
[2026-04-17 20:39:11,879] DEEPMD INFO    batch   15000: trn: rmse = 6.03e-01, rmse_e = 1.45e-03, rmse_f = 3.18e-02, lr = 3.59e-04
[2026-04-17 20:39:11,880] DEEPMD INFO    batch   15000: val: rmse = 9.32e-01, rmse_e = 5.08e-03, rmse_f = 4.92e-02
[2026-04-17 20:39:11,880] DEEPMD INFO    batch   15000: total wall time = 54.31 s, eta = 1:16:56
[2026-04-17 20:40:07,326] DEEPMD INFO    batch   16000: trn: rmse = 5.68e-01, rmse_e = 4.33e-03, rmse_f = 3.87e-02, lr = 2.15e-04
[2026-04-17 20:40:07,327] DEEPMD INFO    batch   16000: val: rmse = 7.40e-01, rmse_e = 3.33e-03, rmse_f = 5.04e-02
[2026-04-17 20:40:07,327] DEEPMD INFO    batch   16000: total wall time = 55.45 s, eta = 1:17:37
[2026-04-17 20:41:03,312] DEEPMD INFO    batch   17000: trn: rmse = 6.10e-01, rmse_e = 2.36e-03, rmse_f = 4.15e-02, lr = 2.15e-04
[2026-04-17 20:41:03,312] DEEPMD INFO    batch   17000: val: rmse = 6.28e-01, rmse_e = 2.33e-03, rmse_f = 4.28e-02
[2026-04-17 20:41:03,313] DEEPMD INFO    batch   17000: total wall time = 55.99 s, eta = 1:17:26
[2026-04-17 20:41:59,035] DEEPMD INFO    batch   18000: trn: rmse = 6.35e-01, rmse_e = 4.49e-03, rmse_f = 4.33e-02, lr = 2.15e-04
[2026-04-17 20:41:59,036] DEEPMD INFO    batch   18000: val: rmse = 5.74e-01, rmse_e = 1.17e-03, rmse_f = 3.91e-02
[2026-04-17 20:41:59,037] DEEPMD INFO    batch   18000: total wall time = 55.72 s, eta = 1:16:09
[2026-04-17 20:42:53,773] DEEPMD INFO    batch   19000: trn: rmse = 5.57e-01, rmse_e = 3.55e-03, rmse_f = 3.79e-02, lr = 2.15e-04
[2026-04-17 20:42:53,773] DEEPMD INFO    batch   19000: val: rmse = 5.95e-01, rmse_e = 4.46e-03, rmse_f = 4.05e-02
[2026-04-17 20:42:53,774] DEEPMD INFO    batch   19000: total wall time = 54.74 s, eta = 1:13:53
[2026-04-17 20:43:49,205] DEEPMD INFO    batch   20000: trn: rmse = 4.20e-01, rmse_e = 8.08e-03, rmse_f = 2.86e-02, lr = 2.15e-04
[2026-04-17 20:43:49,205] DEEPMD INFO    batch   20000: val: rmse = 6.25e-01, rmse_e = 5.72e-03, rmse_f = 4.26e-02
[2026-04-17 20:43:49,205] DEEPMD INFO    batch   20000: total wall time = 55.43 s, eta = 1:13:54
[2026-04-17 20:43:49,236] DEEPMD INFO    Saved model to model.ckpt-20000.pt
[2026-04-17 20:44:43,610] DEEPMD INFO    batch   21000: trn: rmse = 3.38e-01, rmse_e = 1.47e-03, rmse_f = 2.97e-02, lr = 1.29e-04
[2026-04-17 20:44:43,610] DEEPMD INFO    batch   21000: val: rmse = 4.83e-01, rmse_e = 1.75e-03, rmse_f = 4.25e-02
[2026-04-17 20:44:43,610] DEEPMD INFO    batch   21000: total wall time = 54.40 s, eta = 1:11:37
[2026-04-17 20:45:39,765] DEEPMD INFO    batch   22000: trn: rmse = 3.98e-01, rmse_e = 1.03e-03, rmse_f = 3.50e-02, lr = 1.29e-04
[2026-04-17 20:45:39,765] DEEPMD INFO    batch   22000: val: rmse = 3.66e-01, rmse_e = 1.60e-03, rmse_f = 3.22e-02
[2026-04-17 20:45:39,765] DEEPMD INFO    batch   22000: total wall time = 56.16 s, eta = 1:13:00
[2026-04-17 20:46:35,930] DEEPMD INFO    batch   23000: trn: rmse = 3.00e-01, rmse_e = 2.01e-03, rmse_f = 2.64e-02, lr = 1.29e-04
[2026-04-17 20:46:35,931] DEEPMD INFO    batch   23000: val: rmse = 4.80e-01, rmse_e = 1.85e-03, rmse_f = 4.22e-02
[2026-04-17 20:46:35,931] DEEPMD INFO    batch   23000: total wall time = 56.17 s, eta = 1:12:04
[2026-04-17 20:47:30,698] DEEPMD INFO    batch   24000: trn: rmse = 4.27e-01, rmse_e = 1.64e-03, rmse_f = 3.76e-02, lr = 1.29e-04
[2026-04-17 20:47:30,699] DEEPMD INFO    batch   24000: val: rmse = 4.43e-01, rmse_e = 1.04e-03, rmse_f = 3.90e-02
[2026-04-17 20:47:30,700] DEEPMD INFO    batch   24000: total wall time = 54.77 s, eta = 1:09:22
[2026-04-17 20:48:26,461] DEEPMD INFO    batch   25000: trn: rmse = 3.28e-01, rmse_e = 3.05e-03, rmse_f = 2.88e-02, lr = 1.29e-04
[2026-04-17 20:48:26,462] DEEPMD INFO    batch   25000: val: rmse = 5.07e-01, rmse_e = 1.49e-03, rmse_f = 4.46e-02
[2026-04-17 20:48:26,462] DEEPMD INFO    batch   25000: total wall time = 55.76 s, eta = 1:09:42
[2026-04-17 20:49:21,090] DEEPMD INFO    batch   26000: trn: rmse = 2.81e-01, rmse_e = 4.81e-03, rmse_f = 3.18e-02, lr = 7.70e-05
[2026-04-17 20:49:21,091] DEEPMD INFO    batch   26000: val: rmse = 2.85e-01, rmse_e = 3.54e-03, rmse_f = 3.23e-02
[2026-04-17 20:49:21,091] DEEPMD INFO    batch   26000: total wall time = 54.63 s, eta = 1:07:22
[2026-04-17 20:50:16,321] DEEPMD INFO    batch   27000: trn: rmse = 2.39e-01, rmse_e = 6.12e-04, rmse_f = 2.70e-02, lr = 7.70e-05
[2026-04-17 20:50:16,322] DEEPMD INFO    batch   27000: val: rmse = 3.81e-01, rmse_e = 2.37e-03, rmse_f = 4.32e-02
[2026-04-17 20:50:16,322] DEEPMD INFO    batch   27000: total wall time = 55.23 s, eta = 1:07:11
[2026-04-17 20:51:11,504] DEEPMD INFO    batch   28000: trn: rmse = 2.65e-01, rmse_e = 1.14e-03, rmse_f = 3.01e-02, lr = 7.70e-05
[2026-04-17 20:51:11,504] DEEPMD INFO    batch   28000: val: rmse = 2.37e-01, rmse_e = 6.43e-04, rmse_f = 2.68e-02
[2026-04-17 20:51:11,505] DEEPMD INFO    batch   28000: total wall time = 55.18 s, eta = 1:06:13
[2026-04-17 20:52:07,673] DEEPMD INFO    batch   29000: trn: rmse = 2.62e-01, rmse_e = 1.03e-03, rmse_f = 2.97e-02, lr = 7.70e-05
[2026-04-17 20:52:07,673] DEEPMD INFO    batch   29000: val: rmse = 2.42e-01, rmse_e = 2.43e-03, rmse_f = 2.75e-02
[2026-04-17 20:52:07,673] DEEPMD INFO    batch   29000: total wall time = 56.17 s, eta = 1:06:27
[2026-04-17 20:53:02,182] DEEPMD INFO    batch   30000: trn: rmse = 2.69e-01, rmse_e = 3.14e-03, rmse_f = 3.05e-02, lr = 7.70e-05
[2026-04-17 20:53:02,182] DEEPMD INFO    batch   30000: val: rmse = 2.64e-01, rmse_e = 3.15e-03, rmse_f = 2.99e-02
[2026-04-17 20:53:02,183] DEEPMD INFO    batch   30000: total wall time = 54.51 s, eta = 1:03:35
[2026-04-17 20:53:02,213] DEEPMD INFO    Saved model to model.ckpt-30000.pt
[2026-04-17 20:53:57,465] DEEPMD INFO    batch   31000: trn: rmse = 1.65e-01, rmse_e = 1.42e-04, rmse_f = 2.41e-02, lr = 4.61e-05
[2026-04-17 20:53:57,465] DEEPMD INFO    batch   31000: val: rmse = 1.99e-01, rmse_e = 1.34e-03, rmse_f = 2.90e-02
[2026-04-17 20:53:57,465] DEEPMD INFO    batch   31000: total wall time = 55.28 s, eta = 1:03:34
[2026-04-17 20:54:53,075] DEEPMD INFO    batch   32000: trn: rmse = 1.65e-01, rmse_e = 1.50e-03, rmse_f = 2.41e-02, lr = 4.61e-05
[2026-04-17 20:54:53,076] DEEPMD INFO    batch   32000: val: rmse = 1.68e-01, rmse_e = 1.24e-03, rmse_f = 2.44e-02
[2026-04-17 20:54:53,077] DEEPMD INFO    batch   32000: total wall time = 55.61 s, eta = 1:03:01
[2026-04-17 20:55:48,399] DEEPMD INFO    batch   33000: trn: rmse = 2.50e-01, rmse_e = 1.49e-03, rmse_f = 3.64e-02, lr = 4.61e-05
[2026-04-17 20:55:48,399] DEEPMD INFO    batch   33000: val: rmse = 2.39e-01, rmse_e = 1.63e-03, rmse_f = 3.48e-02
[2026-04-17 20:55:48,399] DEEPMD INFO    batch   33000: total wall time = 55.32 s, eta = 1:01:46
[2026-04-17 20:56:43,235] DEEPMD INFO    batch   34000: trn: rmse = 1.57e-01, rmse_e = 5.41e-04, rmse_f = 2.29e-02, lr = 4.61e-05
[2026-04-17 20:56:43,235] DEEPMD INFO    batch   34000: val: rmse = 2.22e-01, rmse_e = 1.70e-03, rmse_f = 3.24e-02
[2026-04-17 20:56:43,235] DEEPMD INFO    batch   34000: total wall time = 54.84 s, eta = 1:00:19
[2026-04-17 20:57:40,212] DEEPMD INFO    batch   35000: trn: rmse = 2.03e-01, rmse_e = 2.23e-03, rmse_f = 2.96e-02, lr = 4.61e-05
[2026-04-17 20:57:40,212] DEEPMD INFO    batch   35000: val: rmse = 2.27e-01, rmse_e = 1.20e-03, rmse_f = 3.31e-02
[2026-04-17 20:57:40,213] DEEPMD INFO    batch   35000: total wall time = 56.98 s, eta = 1:01:43
[2026-04-17 20:58:35,389] DEEPMD INFO    batch   36000: trn: rmse = 1.37e-01, rmse_e = 1.05e-03, rmse_f = 2.56e-02, lr = 2.76e-05
[2026-04-17 20:58:35,390] DEEPMD INFO    batch   36000: val: rmse = 1.59e-01, rmse_e = 2.18e-03, rmse_f = 2.97e-02
[2026-04-17 20:58:35,390] DEEPMD INFO    batch   36000: total wall time = 55.18 s, eta = 0:58:51
[2026-04-17 20:59:31,826] DEEPMD INFO    batch   37000: trn: rmse = 1.27e-01, rmse_e = 7.55e-04, rmse_f = 2.38e-02, lr = 2.76e-05
[2026-04-17 20:59:31,826] DEEPMD INFO    batch   37000: val: rmse = 1.46e-01, rmse_e = 7.72e-04, rmse_f = 2.73e-02
[2026-04-17 20:59:31,827] DEEPMD INFO    batch   37000: total wall time = 56.44 s, eta = 0:59:15
[2026-04-17 21:00:27,070] DEEPMD INFO    batch   38000: trn: rmse = 1.36e-01, rmse_e = 4.81e-04, rmse_f = 2.54e-02, lr = 2.76e-05
[2026-04-17 21:00:27,070] DEEPMD INFO    batch   38000: val: rmse = 1.66e-01, rmse_e = 2.92e-03, rmse_f = 3.10e-02
[2026-04-17 21:00:27,070] DEEPMD INFO    batch   38000: total wall time = 55.24 s, eta = 0:57:05
[2026-04-17 21:01:23,677] DEEPMD INFO    batch   39000: trn: rmse = 1.38e-01, rmse_e = 6.64e-04, rmse_f = 2.58e-02, lr = 2.76e-05
[2026-04-17 21:01:23,678] DEEPMD INFO    batch   39000: val: rmse = 1.66e-01, rmse_e = 8.80e-04, rmse_f = 3.11e-02
[2026-04-17 21:01:23,679] DEEPMD INFO    batch   39000: total wall time = 56.61 s, eta = 0:57:33
[2026-04-17 21:02:19,428] DEEPMD INFO    batch   40000: trn: rmse = 1.49e-01, rmse_e = 5.79e-04, rmse_f = 2.78e-02, lr = 2.76e-05
[2026-04-17 21:02:19,428] DEEPMD INFO    batch   40000: val: rmse = 1.70e-01, rmse_e = 1.28e-03, rmse_f = 3.17e-02
[2026-04-17 21:02:19,429] DEEPMD INFO    batch   40000: total wall time = 55.75 s, eta = 0:55:45
[2026-04-17 21:02:19,456] DEEPMD INFO    Saved model to model.ckpt-40000.pt
[2026-04-17 21:03:15,353] DEEPMD INFO    batch   41000: trn: rmse = 1.11e-01, rmse_e = 5.59e-04, rmse_f = 2.64e-02, lr = 1.65e-05
[2026-04-17 21:03:15,353] DEEPMD INFO    batch   41000: val: rmse = 7.83e-02, rmse_e = 4.99e-04, rmse_f = 1.87e-02
[2026-04-17 21:03:15,354] DEEPMD INFO    batch   41000: total wall time = 55.93 s, eta = 0:54:59
[2026-04-17 21:04:12,035] DEEPMD INFO    batch   42000: trn: rmse = 1.23e-01, rmse_e = 1.30e-03, rmse_f = 2.93e-02, lr = 1.65e-05
[2026-04-17 21:04:12,035] DEEPMD INFO    batch   42000: val: rmse = 1.40e-01, rmse_e = 9.87e-04, rmse_f = 3.36e-02
[2026-04-17 21:04:12,036] DEEPMD INFO    batch   42000: total wall time = 56.68 s, eta = 0:54:47
[2026-04-17 21:05:07,617] DEEPMD INFO    batch   43000: trn: rmse = 1.11e-01, rmse_e = 1.13e-03, rmse_f = 2.64e-02, lr = 1.65e-05
[2026-04-17 21:05:07,617] DEEPMD INFO    batch   43000: val: rmse = 1.12e-01, rmse_e = 1.39e-03, rmse_f = 2.67e-02
[2026-04-17 21:05:07,618] DEEPMD INFO    batch   43000: total wall time = 55.58 s, eta = 0:52:48
[2026-04-17 21:06:03,038] DEEPMD INFO    batch   44000: trn: rmse = 1.05e-01, rmse_e = 6.54e-04, rmse_f = 2.51e-02, lr = 1.65e-05
[2026-04-17 21:06:03,038] DEEPMD INFO    batch   44000: val: rmse = 1.39e-01, rmse_e = 1.32e-03, rmse_f = 3.32e-02
[2026-04-17 21:06:03,039] DEEPMD INFO    batch   44000: total wall time = 55.42 s, eta = 0:51:43
[2026-04-17 21:06:58,858] DEEPMD INFO    batch   45000: trn: rmse = 1.15e-01, rmse_e = 8.87e-04, rmse_f = 2.76e-02, lr = 1.65e-05
[2026-04-17 21:06:58,858] DEEPMD INFO    batch   45000: val: rmse = 1.47e-01, rmse_e = 8.40e-04, rmse_f = 3.52e-02
[2026-04-17 21:06:58,858] DEEPMD INFO    batch   45000: total wall time = 55.82 s, eta = 0:51:10
[2026-04-17 21:07:54,201] DEEPMD INFO    batch   46000: trn: rmse = 6.99e-02, rmse_e = 2.87e-04, rmse_f = 2.12e-02, lr = 9.89e-06
[2026-04-17 21:07:54,202] DEEPMD INFO    batch   46000: val: rmse = 8.66e-02, rmse_e = 7.07e-04, rmse_f = 2.63e-02
[2026-04-17 21:07:54,202] DEEPMD INFO    batch   46000: total wall time = 55.34 s, eta = 0:49:48
[2026-04-17 21:08:49,168] DEEPMD INFO    batch   47000: trn: rmse = 9.00e-02, rmse_e = 1.48e-03, rmse_f = 2.72e-02, lr = 9.89e-06
[2026-04-17 21:08:49,168] DEEPMD INFO    batch   47000: val: rmse = 7.38e-02, rmse_e = 2.24e-04, rmse_f = 2.24e-02
[2026-04-17 21:08:49,169] DEEPMD INFO    batch   47000: total wall time = 54.97 s, eta = 0:48:33
[2026-04-17 21:09:44,699] DEEPMD INFO    batch   48000: trn: rmse = 9.54e-02, rmse_e = 1.14e-03, rmse_f = 2.89e-02, lr = 9.89e-06
[2026-04-17 21:09:44,700] DEEPMD INFO    batch   48000: val: rmse = 1.13e-01, rmse_e = 9.10e-04, rmse_f = 3.41e-02
[2026-04-17 21:09:44,700] DEEPMD INFO    batch   48000: total wall time = 55.53 s, eta = 0:48:07
[2026-04-17 21:10:40,373] DEEPMD INFO    batch   49000: trn: rmse = 8.85e-02, rmse_e = 9.90e-04, rmse_f = 2.68e-02, lr = 9.89e-06
[2026-04-17 21:10:40,373] DEEPMD INFO    batch   49000: val: rmse = 6.65e-02, rmse_e = 8.68e-04, rmse_f = 2.01e-02
[2026-04-17 21:10:40,374] DEEPMD INFO    batch   49000: total wall time = 55.67 s, eta = 0:47:19
[2026-04-17 21:11:36,832] DEEPMD INFO    batch   50000: trn: rmse = 4.90e-02, rmse_e = 1.39e-03, rmse_f = 1.48e-02, lr = 9.89e-06
[2026-04-17 21:11:36,832] DEEPMD INFO    batch   50000: val: rmse = 1.18e-01, rmse_e = 1.23e-03, rmse_f = 3.57e-02
[2026-04-17 21:11:36,833] DEEPMD INFO    batch   50000: total wall time = 56.46 s, eta = 0:47:02
[2026-04-17 21:11:36,860] DEEPMD INFO    Saved model to model.ckpt-50000.pt
[2026-04-17 21:12:31,606] DEEPMD INFO    batch   51000: trn: rmse = 6.37e-02, rmse_e = 9.11e-04, rmse_f = 2.42e-02, lr = 5.92e-06
[2026-04-17 21:12:31,607] DEEPMD INFO    batch   51000: val: rmse = 6.19e-02, rmse_e = 5.41e-04, rmse_f = 2.35e-02
[2026-04-17 21:12:31,607] DEEPMD INFO    batch   51000: total wall time = 54.77 s, eta = 0:44:43
[2026-04-17 21:13:27,478] DEEPMD INFO    batch   52000: trn: rmse = 7.69e-02, rmse_e = 8.00e-04, rmse_f = 2.92e-02, lr = 5.92e-06
[2026-04-17 21:13:27,479] DEEPMD INFO    batch   52000: val: rmse = 1.00e-01, rmse_e = 1.19e-03, rmse_f = 3.81e-02
[2026-04-17 21:13:27,479] DEEPMD INFO    batch   52000: total wall time = 55.87 s, eta = 0:44:41
[2026-04-17 21:14:23,494] DEEPMD INFO    batch   53000: trn: rmse = 6.80e-02, rmse_e = 1.83e-03, rmse_f = 2.58e-02, lr = 5.92e-06
[2026-04-17 21:14:23,494] DEEPMD INFO    batch   53000: val: rmse = 8.08e-02, rmse_e = 1.11e-03, rmse_f = 3.07e-02
[2026-04-17 21:14:23,495] DEEPMD INFO    batch   53000: total wall time = 56.02 s, eta = 0:43:52
[2026-04-17 21:15:18,661] DEEPMD INFO    batch   54000: trn: rmse = 6.58e-02, rmse_e = 2.01e-03, rmse_f = 2.49e-02, lr = 5.92e-06
[2026-04-17 21:15:18,662] DEEPMD INFO    batch   54000: val: rmse = 6.24e-02, rmse_e = 2.19e-03, rmse_f = 2.36e-02
[2026-04-17 21:15:18,662] DEEPMD INFO    batch   54000: total wall time = 55.17 s, eta = 0:42:17
[2026-04-17 21:16:14,613] DEEPMD INFO    batch   55000: trn: rmse = 6.69e-02, rmse_e = 5.87e-04, rmse_f = 2.54e-02, lr = 5.92e-06
[2026-04-17 21:16:14,614] DEEPMD INFO    batch   55000: val: rmse = 5.93e-02, rmse_e = 5.86e-04, rmse_f = 2.25e-02
[2026-04-17 21:16:14,614] DEEPMD INFO    batch   55000: total wall time = 55.95 s, eta = 0:41:57
[2026-04-17 21:17:10,673] DEEPMD INFO    batch   56000: trn: rmse = 4.77e-02, rmse_e = 5.45e-04, rmse_f = 2.24e-02, lr = 3.55e-06
[2026-04-17 21:17:10,673] DEEPMD INFO    batch   56000: val: rmse = 3.84e-02, rmse_e = 5.21e-04, rmse_f = 1.80e-02
[2026-04-17 21:17:10,674] DEEPMD INFO    batch   56000: total wall time = 56.06 s, eta = 0:41:06
[2026-04-17 21:18:06,715] DEEPMD INFO    batch   57000: trn: rmse = 5.96e-02, rmse_e = 6.13e-04, rmse_f = 2.79e-02, lr = 3.55e-06
[2026-04-17 21:18:06,716] DEEPMD INFO    batch   57000: val: rmse = 8.66e-02, rmse_e = 9.39e-04, rmse_f = 4.06e-02
[2026-04-17 21:18:06,716] DEEPMD INFO    batch   57000: total wall time = 56.04 s, eta = 0:40:09
[2026-04-17 21:19:03,096] DEEPMD INFO    batch   58000: trn: rmse = 4.68e-02, rmse_e = 6.93e-04, rmse_f = 2.19e-02, lr = 3.55e-06
[2026-04-17 21:19:03,096] DEEPMD INFO    batch   58000: val: rmse = 5.74e-02, rmse_e = 3.91e-04, rmse_f = 2.69e-02
[2026-04-17 21:19:03,097] DEEPMD INFO    batch   58000: total wall time = 56.38 s, eta = 0:39:27
[2026-04-17 21:19:58,819] DEEPMD INFO    batch   59000: trn: rmse = 5.01e-02, rmse_e = 8.47e-04, rmse_f = 2.35e-02, lr = 3.55e-06
[2026-04-17 21:19:58,819] DEEPMD INFO    batch   59000: val: rmse = 5.95e-02, rmse_e = 7.04e-04, rmse_f = 2.79e-02
[2026-04-17 21:19:58,819] DEEPMD INFO    batch   59000: total wall time = 55.72 s, eta = 0:38:04
[2026-04-17 21:20:54,362] DEEPMD INFO    batch   60000: trn: rmse = 2.85e-02, rmse_e = 9.47e-04, rmse_f = 1.33e-02, lr = 3.55e-06
[2026-04-17 21:20:54,363] DEEPMD INFO    batch   60000: val: rmse = 8.23e-02, rmse_e = 1.49e-03, rmse_f = 3.86e-02
[2026-04-17 21:20:54,363] DEEPMD INFO    batch   60000: total wall time = 55.54 s, eta = 0:37:01
[2026-04-17 21:20:54,390] DEEPMD INFO    Saved model to model.ckpt-60000.pt
[2026-04-17 21:21:49,898] DEEPMD INFO    batch   61000: trn: rmse = 5.10e-02, rmse_e = 9.99e-04, rmse_f = 2.88e-02, lr = 2.12e-06
[2026-04-17 21:21:49,898] DEEPMD INFO    batch   61000: val: rmse = 3.87e-02, rmse_e = 6.41e-04, rmse_f = 2.19e-02
[2026-04-17 21:21:49,898] DEEPMD INFO    batch   61000: total wall time = 55.54 s, eta = 0:36:05
[2026-04-17 21:22:45,572] DEEPMD INFO    batch   62000: trn: rmse = 3.49e-02, rmse_e = 4.43e-04, rmse_f = 1.97e-02, lr = 2.12e-06
[2026-04-17 21:22:45,573] DEEPMD INFO    batch   62000: val: rmse = 4.46e-02, rmse_e = 5.68e-04, rmse_f = 2.52e-02
[2026-04-17 21:22:45,573] DEEPMD INFO    batch   62000: total wall time = 55.67 s, eta = 0:35:15
[2026-04-17 21:23:42,244] DEEPMD INFO    batch   63000: trn: rmse = 4.45e-02, rmse_e = 1.04e-03, rmse_f = 2.51e-02, lr = 2.12e-06
[2026-04-17 21:23:42,244] DEEPMD INFO    batch   63000: val: rmse = 6.32e-02, rmse_e = 1.29e-03, rmse_f = 3.57e-02
[2026-04-17 21:23:42,245] DEEPMD INFO    batch   63000: total wall time = 56.67 s, eta = 0:34:56
[2026-04-17 21:24:38,112] DEEPMD INFO    batch   64000: trn: rmse = 3.48e-02, rmse_e = 7.56e-04, rmse_f = 1.97e-02, lr = 2.12e-06
[2026-04-17 21:24:38,113] DEEPMD INFO    batch   64000: val: rmse = 5.18e-02, rmse_e = 1.15e-03, rmse_f = 2.93e-02
[2026-04-17 21:24:38,113] DEEPMD INFO    batch   64000: total wall time = 55.87 s, eta = 0:33:31
[2026-04-17 21:25:34,119] DEEPMD INFO    batch   65000: trn: rmse = 3.15e-02, rmse_e = 4.20e-04, rmse_f = 1.78e-02, lr = 2.12e-06
[2026-04-17 21:25:34,119] DEEPMD INFO    batch   65000: val: rmse = 4.11e-02, rmse_e = 3.75e-04, rmse_f = 2.33e-02
[2026-04-17 21:25:34,120] DEEPMD INFO    batch   65000: total wall time = 56.01 s, eta = 0:32:40
[2026-04-17 21:26:30,211] DEEPMD INFO    batch   66000: trn: rmse = 3.83e-02, rmse_e = 2.67e-04, rmse_f = 2.54e-02, lr = 1.27e-06
[2026-04-17 21:26:30,211] DEEPMD INFO    batch   66000: val: rmse = 4.89e-02, rmse_e = 2.22e-04, rmse_f = 3.24e-02
[2026-04-17 21:26:30,212] DEEPMD INFO    batch   66000: total wall time = 56.09 s, eta = 0:31:47
[2026-04-17 21:27:26,418] DEEPMD INFO    batch   67000: trn: rmse = 3.60e-02, rmse_e = 5.46e-04, rmse_f = 2.39e-02, lr = 1.27e-06
[2026-04-17 21:27:26,418] DEEPMD INFO    batch   67000: val: rmse = 3.37e-02, rmse_e = 3.77e-04, rmse_f = 2.23e-02
[2026-04-17 21:27:26,418] DEEPMD INFO    batch   67000: total wall time = 56.21 s, eta = 0:30:54
[2026-04-17 21:28:22,330] DEEPMD INFO    batch   68000: trn: rmse = 3.61e-02, rmse_e = 3.39e-04, rmse_f = 2.40e-02, lr = 1.27e-06
[2026-04-17 21:28:22,331] DEEPMD INFO    batch   68000: val: rmse = 4.24e-02, rmse_e = 9.36e-04, rmse_f = 2.81e-02
[2026-04-17 21:28:22,331] DEEPMD INFO    batch   68000: total wall time = 55.91 s, eta = 0:29:49
[2026-04-17 21:29:16,782] DEEPMD INFO    batch   69000: trn: rmse = 3.24e-02, rmse_e = 4.99e-04, rmse_f = 2.15e-02, lr = 1.27e-06
[2026-04-17 21:29:16,782] DEEPMD INFO    batch   69000: val: rmse = 3.71e-02, rmse_e = 6.88e-04, rmse_f = 2.46e-02
[2026-04-17 21:29:16,783] DEEPMD INFO    batch   69000: total wall time = 54.45 s, eta = 0:28:07
[2026-04-17 21:30:12,482] DEEPMD INFO    batch   70000: trn: rmse = 5.17e-02, rmse_e = 6.50e-04, rmse_f = 3.43e-02, lr = 1.27e-06
[2026-04-17 21:30:12,483] DEEPMD INFO    batch   70000: val: rmse = 3.51e-02, rmse_e = 5.18e-04, rmse_f = 2.33e-02
[2026-04-17 21:30:12,483] DEEPMD INFO    batch   70000: total wall time = 55.70 s, eta = 0:27:51
[2026-04-17 21:30:12,516] DEEPMD INFO    Saved model to model.ckpt-70000.pt
[2026-04-17 21:31:08,803] DEEPMD INFO    batch   71000: trn: rmse = 3.18e-02, rmse_e = 3.76e-04, rmse_f = 2.39e-02, lr = 7.62e-07
[2026-04-17 21:31:08,803] DEEPMD INFO    batch   71000: val: rmse = 4.90e-02, rmse_e = 6.38e-04, rmse_f = 3.69e-02
[2026-04-17 21:31:08,803] DEEPMD INFO    batch   71000: total wall time = 56.32 s, eta = 0:27:13
[2026-04-17 21:32:03,730] DEEPMD INFO    batch   72000: trn: rmse = 2.71e-02, rmse_e = 2.71e-04, rmse_f = 2.04e-02, lr = 7.62e-07
[2026-04-17 21:32:03,730] DEEPMD INFO    batch   72000: val: rmse = 3.65e-02, rmse_e = 5.90e-04, rmse_f = 2.75e-02
[2026-04-17 21:32:03,731] DEEPMD INFO    batch   72000: total wall time = 54.93 s, eta = 0:25:37
[2026-04-17 21:32:59,915] DEEPMD INFO    batch   73000: trn: rmse = 3.54e-02, rmse_e = 7.03e-04, rmse_f = 2.67e-02, lr = 7.62e-07
[2026-04-17 21:32:59,916] DEEPMD INFO    batch   73000: val: rmse = 2.99e-02, rmse_e = 1.90e-04, rmse_f = 2.25e-02
[2026-04-17 21:32:59,917] DEEPMD INFO    batch   73000: total wall time = 56.19 s, eta = 0:25:17
[2026-04-17 21:33:55,690] DEEPMD INFO    batch   74000: trn: rmse = 2.92e-02, rmse_e = 7.18e-04, rmse_f = 2.20e-02, lr = 7.62e-07
[2026-04-17 21:33:55,690] DEEPMD INFO    batch   74000: val: rmse = 3.96e-02, rmse_e = 8.07e-04, rmse_f = 2.98e-02
[2026-04-17 21:33:55,691] DEEPMD INFO    batch   74000: total wall time = 55.77 s, eta = 0:24:10
[2026-04-17 21:34:50,710] DEEPMD INFO    batch   75000: trn: rmse = 3.64e-02, rmse_e = 8.07e-04, rmse_f = 2.74e-02, lr = 7.62e-07
[2026-04-17 21:34:50,710] DEEPMD INFO    batch   75000: val: rmse = 4.42e-02, rmse_e = 7.84e-04, rmse_f = 3.33e-02
[2026-04-17 21:34:50,710] DEEPMD INFO    batch   75000: total wall time = 55.02 s, eta = 0:22:55
[2026-04-17 21:35:46,508] DEEPMD INFO    batch   76000: trn: rmse = 3.03e-02, rmse_e = 6.70e-04, rmse_f = 2.51e-02, lr = 4.56e-07
[2026-04-17 21:35:46,509] DEEPMD INFO    batch   76000: val: rmse = 2.66e-02, rmse_e = 4.84e-04, rmse_f = 2.20e-02
[2026-04-17 21:35:46,509] DEEPMD INFO    batch   76000: total wall time = 55.80 s, eta = 0:22:19
[2026-04-17 21:36:42,417] DEEPMD INFO    batch   77000: trn: rmse = 2.86e-02, rmse_e = 1.15e-03, rmse_f = 2.36e-02, lr = 4.56e-07
[2026-04-17 21:36:42,417] DEEPMD INFO    batch   77000: val: rmse = 3.72e-02, rmse_e = 1.00e-03, rmse_f = 3.08e-02
[2026-04-17 21:36:42,418] DEEPMD INFO    batch   77000: total wall time = 55.91 s, eta = 0:21:25
[2026-04-17 21:37:38,044] DEEPMD INFO    batch   78000: trn: rmse = 2.54e-02, rmse_e = 8.72e-04, rmse_f = 2.10e-02, lr = 4.56e-07
[2026-04-17 21:37:38,046] DEEPMD INFO    batch   78000: val: rmse = 3.31e-02, rmse_e = 5.54e-04, rmse_f = 2.74e-02
[2026-04-17 21:37:38,046] DEEPMD INFO    batch   78000: total wall time = 55.63 s, eta = 0:20:23
[2026-04-17 21:38:35,442] DEEPMD INFO    batch   79000: trn: rmse = 2.56e-02, rmse_e = 6.37e-04, rmse_f = 2.11e-02, lr = 4.56e-07
[2026-04-17 21:38:35,442] DEEPMD INFO    batch   79000: val: rmse = 3.17e-02, rmse_e = 4.25e-04, rmse_f = 2.63e-02
[2026-04-17 21:38:35,443] DEEPMD INFO    batch   79000: total wall time = 57.40 s, eta = 0:20:05
[2026-04-17 21:39:31,383] DEEPMD INFO    batch   80000: trn: rmse = 2.65e-02, rmse_e = 4.25e-04, rmse_f = 2.20e-02, lr = 4.56e-07
[2026-04-17 21:39:31,384] DEEPMD INFO    batch   80000: val: rmse = 3.30e-02, rmse_e = 5.79e-04, rmse_f = 2.74e-02
[2026-04-17 21:39:31,384] DEEPMD INFO    batch   80000: total wall time = 55.94 s, eta = 0:18:38
[2026-04-17 21:39:31,412] DEEPMD INFO    Saved model to model.ckpt-80000.pt
[2026-04-17 21:40:26,863] DEEPMD INFO    batch   81000: trn: rmse = 2.30e-02, rmse_e = 3.95e-04, rmse_f = 2.04e-02, lr = 2.73e-07
[2026-04-17 21:40:26,863] DEEPMD INFO    batch   81000: val: rmse = 2.58e-02, rmse_e = 6.58e-04, rmse_f = 2.28e-02
[2026-04-17 21:40:26,863] DEEPMD INFO    batch   81000: total wall time = 55.48 s, eta = 0:17:34
[2026-04-17 21:41:21,577] DEEPMD INFO    batch   82000: trn: rmse = 2.67e-02, rmse_e = 4.09e-04, rmse_f = 2.37e-02, lr = 2.73e-07
[2026-04-17 21:41:21,578] DEEPMD INFO    batch   82000: val: rmse = 3.86e-02, rmse_e = 8.55e-04, rmse_f = 3.41e-02
[2026-04-17 21:41:21,578] DEEPMD INFO    batch   82000: total wall time = 54.71 s, eta = 0:16:24
[2026-04-17 21:42:17,279] DEEPMD INFO    batch   83000: trn: rmse = 2.85e-02, rmse_e = 4.67e-04, rmse_f = 2.52e-02, lr = 2.73e-07
[2026-04-17 21:42:17,280] DEEPMD INFO    batch   83000: val: rmse = 2.78e-02, rmse_e = 7.69e-04, rmse_f = 2.46e-02
[2026-04-17 21:42:17,280] DEEPMD INFO    batch   83000: total wall time = 55.70 s, eta = 0:15:46
[2026-04-17 21:43:12,001] DEEPMD INFO    batch   84000: trn: rmse = 2.25e-02, rmse_e = 2.02e-04, rmse_f = 1.99e-02, lr = 2.73e-07
[2026-04-17 21:43:12,001] DEEPMD INFO    batch   84000: val: rmse = 2.77e-02, rmse_e = 7.51e-04, rmse_f = 2.44e-02
[2026-04-17 21:43:12,002] DEEPMD INFO    batch   84000: total wall time = 54.72 s, eta = 0:14:35
[2026-04-17 21:44:07,138] DEEPMD INFO    batch   85000: trn: rmse = 2.49e-02, rmse_e = 8.35e-04, rmse_f = 2.19e-02, lr = 2.73e-07
[2026-04-17 21:44:07,139] DEEPMD INFO    batch   85000: val: rmse = 2.75e-02, rmse_e = 2.82e-04, rmse_f = 2.43e-02
[2026-04-17 21:44:07,139] DEEPMD INFO    batch   85000: total wall time = 55.14 s, eta = 0:13:47
[2026-04-17 21:45:02,528] DEEPMD INFO    batch   86000: trn: rmse = 3.50e-02, rmse_e = 8.99e-04, rmse_f = 3.23e-02, lr = 1.63e-07
[2026-04-17 21:45:02,529] DEEPMD INFO    batch   86000: val: rmse = 2.67e-02, rmse_e = 5.26e-04, rmse_f = 2.47e-02
[2026-04-17 21:45:02,529] DEEPMD INFO    batch   86000: total wall time = 55.39 s, eta = 0:12:55
[2026-04-17 21:45:57,542] DEEPMD INFO    batch   87000: trn: rmse = 2.52e-02, rmse_e = 5.47e-04, rmse_f = 2.34e-02, lr = 1.63e-07
[2026-04-17 21:45:57,543] DEEPMD INFO    batch   87000: val: rmse = 2.49e-02, rmse_e = 3.13e-04, rmse_f = 2.30e-02
[2026-04-17 21:45:57,543] DEEPMD INFO    batch   87000: total wall time = 55.01 s, eta = 0:11:55
[2026-04-17 21:46:53,195] DEEPMD INFO    batch   88000: trn: rmse = 2.06e-02, rmse_e = 3.39e-04, rmse_f = 1.91e-02, lr = 1.63e-07
[2026-04-17 21:46:53,196] DEEPMD INFO    batch   88000: val: rmse = 2.61e-02, rmse_e = 1.21e-04, rmse_f = 2.42e-02
[2026-04-17 21:46:53,196] DEEPMD INFO    batch   88000: total wall time = 55.65 s, eta = 0:11:07
[2026-04-17 21:47:48,817] DEEPMD INFO    batch   89000: trn: rmse = 2.78e-02, rmse_e = 9.73e-04, rmse_f = 2.56e-02, lr = 1.63e-07
[2026-04-17 21:47:48,817] DEEPMD INFO    batch   89000: val: rmse = 2.66e-02, rmse_e = 3.99e-04, rmse_f = 2.46e-02
[2026-04-17 21:47:48,817] DEEPMD INFO    batch   89000: total wall time = 55.62 s, eta = 0:10:11
[2026-04-17 21:48:45,630] DEEPMD INFO    batch   90000: trn: rmse = 2.17e-02, rmse_e = 7.89e-04, rmse_f = 2.01e-02, lr = 1.63e-07
[2026-04-17 21:48:45,630] DEEPMD INFO    batch   90000: val: rmse = 2.70e-02, rmse_e = 7.30e-04, rmse_f = 2.50e-02
[2026-04-17 21:48:45,631] DEEPMD INFO    batch   90000: total wall time = 56.81 s, eta = 0:09:28
[2026-04-17 21:48:45,658] DEEPMD INFO    Saved model to model.ckpt-90000.pt
[2026-04-17 21:49:41,603] DEEPMD INFO    batch   91000: trn: rmse = 2.13e-02, rmse_e = 6.09e-04, rmse_f = 2.03e-02, lr = 9.79e-08
[2026-04-17 21:49:41,604] DEEPMD INFO    batch   91000: val: rmse = 2.10e-02, rmse_e = 7.04e-04, rmse_f = 1.99e-02
[2026-04-17 21:49:41,604] DEEPMD INFO    batch   91000: total wall time = 55.97 s, eta = 0:08:23
[2026-04-17 21:50:37,879] DEEPMD INFO    batch   92000: trn: rmse = 2.43e-02, rmse_e = 6.09e-04, rmse_f = 2.32e-02, lr = 9.79e-08
[2026-04-17 21:50:37,880] DEEPMD INFO    batch   92000: val: rmse = 2.15e-02, rmse_e = 4.55e-04, rmse_f = 2.04e-02
[2026-04-17 21:50:37,881] DEEPMD INFO    batch   92000: total wall time = 56.28 s, eta = 0:07:30
[2026-04-17 21:51:34,248] DEEPMD INFO    batch   93000: trn: rmse = 2.49e-02, rmse_e = 6.58e-04, rmse_f = 2.37e-02, lr = 9.79e-08
[2026-04-17 21:51:34,249] DEEPMD INFO    batch   93000: val: rmse = 2.62e-02, rmse_e = 4.47e-04, rmse_f = 2.50e-02
[2026-04-17 21:51:34,249] DEEPMD INFO    batch   93000: total wall time = 56.37 s, eta = 0:06:34
[2026-04-17 21:52:29,477] DEEPMD INFO    batch   94000: trn: rmse = 1.73e-02, rmse_e = 5.26e-04, rmse_f = 1.65e-02, lr = 9.79e-08
[2026-04-17 21:52:29,478] DEEPMD INFO    batch   94000: val: rmse = 2.69e-02, rmse_e = 5.82e-04, rmse_f = 2.56e-02
[2026-04-17 21:52:29,478] DEEPMD INFO    batch   94000: total wall time = 55.23 s, eta = 0:05:31
[2026-04-17 21:53:24,719] DEEPMD INFO    batch   95000: trn: rmse = 2.19e-02, rmse_e = 3.54e-04, rmse_f = 2.09e-02, lr = 9.79e-08
[2026-04-17 21:53:24,720] DEEPMD INFO    batch   95000: val: rmse = 2.06e-02, rmse_e = 2.21e-04, rmse_f = 1.97e-02
[2026-04-17 21:53:24,720] DEEPMD INFO    batch   95000: total wall time = 55.24 s, eta = 0:04:36
[2026-04-17 21:54:20,687] DEEPMD INFO    batch   96000: trn: rmse = 1.95e-02, rmse_e = 6.66e-04, rmse_f = 1.88e-02, lr = 5.86e-08
[2026-04-17 21:54:20,688] DEEPMD INFO    batch   96000: val: rmse = 2.07e-02, rmse_e = 6.41e-04, rmse_f = 2.01e-02
[2026-04-17 21:54:20,688] DEEPMD INFO    batch   96000: total wall time = 55.97 s, eta = 0:03:43
[2026-04-17 21:55:17,230] DEEPMD INFO    batch   97000: trn: rmse = 2.98e-02, rmse_e = 7.06e-04, rmse_f = 2.89e-02, lr = 5.86e-08
[2026-04-17 21:55:17,231] DEEPMD INFO    batch   97000: val: rmse = 3.09e-02, rmse_e = 3.83e-04, rmse_f = 3.01e-02
[2026-04-17 21:55:17,231] DEEPMD INFO    batch   97000: total wall time = 56.54 s, eta = 0:02:49
[2026-04-17 21:56:12,864] DEEPMD INFO    batch   98000: trn: rmse = 2.59e-02, rmse_e = 5.37e-04, rmse_f = 2.52e-02, lr = 5.86e-08
[2026-04-17 21:56:12,864] DEEPMD INFO    batch   98000: val: rmse = 2.38e-02, rmse_e = 3.97e-04, rmse_f = 2.31e-02
[2026-04-17 21:56:12,865] DEEPMD INFO    batch   98000: total wall time = 55.63 s, eta = 0:01:51
[2026-04-17 21:57:08,848] DEEPMD INFO    batch   99000: trn: rmse = 1.85e-02, rmse_e = 4.43e-04, rmse_f = 1.79e-02, lr = 5.86e-08
[2026-04-17 21:57:08,848] DEEPMD INFO    batch   99000: val: rmse = 2.68e-02, rmse_e = 4.47e-04, rmse_f = 2.60e-02
[2026-04-17 21:57:08,849] DEEPMD INFO    batch   99000: total wall time = 55.98 s, eta = 0:00:55
[2026-04-17 21:58:05,018] DEEPMD INFO    batch  100000: trn: rmse = 2.76e-02, rmse_e = 8.75e-04, rmse_f = 2.67e-02, lr = 5.86e-08
[2026-04-17 21:58:05,018] DEEPMD INFO    batch  100000: val: rmse = 2.85e-02, rmse_e = 3.38e-04, rmse_f = 2.77e-02
[2026-04-17 21:58:05,018] DEEPMD INFO    batch  100000: total wall time = 56.17 s, eta = 0:00:00
[2026-04-17 21:58:05,046] DEEPMD INFO    Saved model to model.ckpt-100000.pt
[2026-04-17 21:58:05,047] DEEPMD INFO    average training time: 0.0556 s/batch (1000 batches excluded)
[2026-04-17 21:58:05,047] DEEPMD INFO    Trained model has been saved to: model.ckpt
2026-04-17 21:58:05,890 - sparc.src.deepmd - INFO - Training completed successfully
2026-04-17 21:58:05,890 - INFO - Training completed successfully
[SPARC][INFO] Freezing model: dp --pt freeze -o frozen_model_2.pth
To get the best performance, it is recommended to adjust the number of threads by setting the environment variables OMP_NUM_THREADS, DP_INTRA_OP_PARALLELISM_THREADS, and DP_INTER_OP_PARALLELISM_THREADS. See https://deepmd.rtfd.io/parallelism/ for more information.
/home/rverma7/anaconda3/envs/sparcGNN/lib/python3.10/site-packages/e3nn/o3/_wigner.py:10: UserWarning: Environment variable TORCH_FORCE_NO_WEIGHTS_ONLY_LOAD detected, since the`weights_only` argument was not explicitly passed to `torch.load`, forcing weights_only=False.
  _Jd, _W3j_flat, _W3j_indices = torch.load(os.path.join(os.path.dirname(__file__), 'constants.pt'))
/home/rverma7/anaconda3/envs/sparcGNN/lib/python3.10/site-packages/nequip/__init__.py:20: UserWarning: !! PyTorch version 2.6.0 found. Upstream issues in PyTorch versions 1.13.* and 2.* have been seen to cause unusual performance degredations on some CUDA systems that become worse over time; see https://github.com/mir-group/nequip/discussions/311. The best tested PyTorch version to use with CUDA devices is 1.11; while using other versions if you observe this problem, an unexpected lack of this problem, or other strange behavior, please post in the linked GitHub issue.
  warnings.warn(
[2026-04-17 21:58:08,638] DEEPMD INFO    DeePMD version: 3.1.1
[2026-04-17 21:58:09,420] DEEPMD INFO    Saved frozen model to frozen_model_2.pth
2026-04-17 21:58:10,151 - sparc.src.deepmd - INFO - Model frozen successfully
2026-04-17 21:58:10,151 - INFO - Model frozen successfully
[SPARC][INFO] ================================================================================
[SPARC][INFO] DeepMD Model Evaluation Results
[SPARC][INFO] --------------------------------------------------------------------------------
[SPARC][INFO] [2026-04-17 21:58:11,656] DEEPMD WARNING To get the best performance, it is recommended to adjust the number of threads by setting the environment variables OMP_NUM_THREADS, DP_INTRA_OP_PARALLELISM_THREADS, and DP_INTER_OP_PARALLELISM_THREADS. See https://deepmd.rtfd.io/parallelism/ for more information.
/home/rverma7/anaconda3/envs/sparcGNN/lib/python3.10/site-packages/e3nn/o3/_wigner.py:10: UserWarning: Environment variable TORCH_FORCE_NO_WEIGHTS_ONLY_LOAD detected, since the`weights_only` argument was not explicitly passed to `torch.load`, forcing weights_only=False.
  _Jd, _W3j_flat, _W3j_indices = torch.load(os.path.join(os.path.dirname(__file__), 'constants.pt'))
/home/rverma7/anaconda3/envs/sparcGNN/lib/python3.10/site-packages/nequip/__init__.py:20: UserWarning: !! PyTorch version 2.6.0 found. Upstream issues in PyTorch versions 1.13.* and 2.* have been seen to cause unusual performance degredations on some CUDA systems that become worse over time; see https://github.com/mir-group/nequip/discussions/311. The best tested PyTorch version to use with CUDA devices is 1.11; while using other versions if you observe this problem, an unexpected lack of this problem, or other strange behavior, please post in the linked GitHub issue.
  warnings.warn(
[2026-04-17 21:58:13,541] DEEPMD INFO    # ---------------output of dp test--------------- 
[2026-04-17 21:58:13,541] DEEPMD INFO    # testing system : /home/rverma7/My_Program/0.3_sparc/examples/CP2K/workflow/DeePMD_training/00.data/validation_data
[2026-04-17 21:58:14,601] DEEPMD INFO    # number of test data : 51 
[2026-04-17 21:58:14,601] DEEPMD INFO    Energy MAE         : 3.681705e-03 eV
[2026-04-17 21:58:14,601] DEEPMD INFO    Energy RMSE        : 4.922646e-03 eV
[2026-04-17 21:58:14,601] DEEPMD INFO    Energy MAE/Natoms  : 4.602131e-04 eV
[2026-04-17 21:58:14,601] DEEPMD INFO    Energy RMSE/Natoms : 6.153307e-04 eV
[2026-04-17 21:58:14,601] DEEPMD INFO    Force  MAE         : 1.972320e-02 eV/Å
[2026-04-17 21:58:14,602] DEEPMD INFO    Force  RMSE        : 2.714116e-02 eV/Å
[2026-04-17 21:58:14,602] DEEPMD INFO    # ----------------------------------------------- 
[2026-04-17 21:58:14,602] DEEPMD INFO    # ----------weighted average of errors----------- 
[2026-04-17 21:58:14,602] DEEPMD INFO    # number of systems : 1
[2026-04-17 21:58:14,602] DEEPMD INFO    Energy MAE         : 3.681705e-03 eV
[2026-04-17 21:58:14,602] DEEPMD INFO    Energy RMSE        : 4.922646e-03 eV
[2026-04-17 21:58:14,602] DEEPMD INFO    Energy MAE/Natoms  : 4.602131e-04 eV
[2026-04-17 21:58:14,602] DEEPMD INFO    Energy RMSE/Natoms : 6.153307e-04 eV
[2026-04-17 21:58:14,602] DEEPMD INFO    Force  MAE         : 1.972320e-02 eV/Å
[2026-04-17 21:58:14,602] DEEPMD INFO    Force  RMSE        : 2.714116e-02 eV/Å
[2026-04-17 21:58:14,602] DEEPMD INFO    # -----------------------------------------------
[SPARC][INFO] ================================================================================
[SPARC][INFO] ================================================================================
[SPARC][INFO]  Training Model 3/3
[SPARC][INFO]  Directory: iter_000001/01.train/training_3
[SPARC][INFO] ================================================================================
2026-04-17 21:58:15,502 - sparc.src.deepmd - INFO - Training directory: iter_000001/01.train/training_3
2026-04-17 21:58:15,502 - INFO - Training directory: iter_000001/01.train/training_3
[SPARC][INFO]  Training Model 3/3
[SPARC][INFO] Directory                      iter_000001/01.train/training_3
[SPARC][INFO] Running command: dp --pt train input.json
To get the best performance, it is recommended to adjust the number of threads by setting the environment variables OMP_NUM_THREADS, DP_INTRA_OP_PARALLELISM_THREADS, and DP_INTER_OP_PARALLELISM_THREADS. See https://deepmd.rtfd.io/parallelism/ for more information.
/home/rverma7/anaconda3/envs/sparcGNN/lib/python3.10/site-packages/e3nn/o3/_wigner.py:10: UserWarning: Environment variable TORCH_FORCE_NO_WEIGHTS_ONLY_LOAD detected, since the`weights_only` argument was not explicitly passed to `torch.load`, forcing weights_only=False.
  _Jd, _W3j_flat, _W3j_indices = torch.load(os.path.join(os.path.dirname(__file__), 'constants.pt'))
/home/rverma7/anaconda3/envs/sparcGNN/lib/python3.10/site-packages/nequip/__init__.py:20: UserWarning: !! PyTorch version 2.6.0 found. Upstream issues in PyTorch versions 1.13.* and 2.* have been seen to cause unusual performance degredations on some CUDA systems that become worse over time; see https://github.com/mir-group/nequip/discussions/311. The best tested PyTorch version to use with CUDA devices is 1.11; while using other versions if you observe this problem, an unexpected lack of this problem, or other strange behavior, please post in the linked GitHub issue.
  warnings.warn(
[2026-04-17 21:58:18,233] DEEPMD INFO    DeePMD version: 3.1.1
[2026-04-17 21:58:18,233] DEEPMD INFO    Configuration path: input.json
[2026-04-17 21:58:18,251] DEEPMD INFO     _____               _____   __  __  _____           _     _  _   
[2026-04-17 21:58:18,251] DEEPMD INFO    |  __ \             |  __ \ |  \/  ||  __ \         | |   (_)| |  
[2026-04-17 21:58:18,251] DEEPMD INFO    | |  | |  ___   ___ | |__) || \  / || |  | | ______ | | __ _ | |_ 
[2026-04-17 21:58:18,251] DEEPMD INFO    | |  | | / _ \ / _ \|  ___/ | |\/| || |  | ||______|| |/ /| || __|
[2026-04-17 21:58:18,251] DEEPMD INFO    | |__| ||  __/|  __/| |     | |  | || |__| |        |   < | || |_ 
[2026-04-17 21:58:18,251] DEEPMD INFO    |_____/  \___| \___||_|     |_|  |_||_____/         |_|\_\|_| \__|
[2026-04-17 21:58:18,251] DEEPMD INFO    Please read and cite:
[2026-04-17 21:58:18,251] DEEPMD INFO    Wang, Zhang, Han and E, Comput.Phys.Comm. 228, 178-184 (2018)
[2026-04-17 21:58:18,251] DEEPMD INFO    Zeng et al, J. Chem. Phys., 159, 054801 (2023)
[2026-04-17 21:58:18,251] DEEPMD INFO    Zeng et al, J. Chem. Theory Comput., 21, 4375-4385 (2025)
[2026-04-17 21:58:18,251] DEEPMD INFO    See https://deepmd.rtfd.io/credits/ for details.
[2026-04-17 21:58:18,251] DEEPMD INFO    ------------------------------------------------------------------------------------------------------------------------------
[2026-04-17 21:58:18,251] DEEPMD INFO    installed to:          /home/rverma7/anaconda3/envs/sparcGNN/lib/python3.10/site-packages/deepmd
[2026-04-17 21:58:18,251] DEEPMD INFO    source:                
[2026-04-17 21:58:18,251] DEEPMD INFO    source branch:         HEAD
[2026-04-17 21:58:18,251] DEEPMD INFO    source commit:         9b566bf
[2026-04-17 21:58:18,251] DEEPMD INFO    source commit at:      2025-10-01 20:34:25 +0200
[2026-04-17 21:58:18,251] DEEPMD INFO    use float prec:        double
[2026-04-17 21:58:18,251] DEEPMD INFO    build variant:         cuda
[2026-04-17 21:58:18,251] DEEPMD INFO    Backend:               PyTorch
[2026-04-17 21:58:18,251] DEEPMD INFO    PT ver:                v2.6.0-gUnknown
[2026-04-17 21:58:18,251] DEEPMD INFO    Enable custom OP:      True
[2026-04-17 21:58:18,251] DEEPMD INFO    build with PT ver:     2.6.0
[2026-04-17 21:58:18,251] DEEPMD INFO    build with PT inc:     /home/rverma7/anaconda3/envs/sparcGNN/lib/python3.10/site-packages/torch/include
[2026-04-17 21:58:18,251] DEEPMD INFO                           /home/rverma7/anaconda3/envs/sparcGNN/lib/python3.10/site-packages/torch/include/torch/csrc/api/include
[2026-04-17 21:58:18,251] DEEPMD INFO    build with PT lib:     /home/rverma7/anaconda3/envs/sparcGNN/lib/python3.10/site-packages/torch/lib
[2026-04-17 21:58:18,251] DEEPMD INFO    running on:            cbe-dt-319.che.ncsu.edu
[2026-04-17 21:58:18,252] DEEPMD INFO    computing device:      cuda:0
[2026-04-17 21:58:18,252] DEEPMD INFO    CUDA_VISIBLE_DEVICES:  unset
[2026-04-17 21:58:18,252] DEEPMD INFO    Count of visible GPUs: 2
[2026-04-17 21:58:18,252] DEEPMD INFO    num_intra_threads:     0
[2026-04-17 21:58:18,252] DEEPMD INFO    num_inter_threads:     0
[2026-04-17 21:58:18,252] DEEPMD INFO    ------------------------------------------------------------------------------------------------------------------------------
[2026-04-17 21:58:18,288] DEEPMD INFO    Calculate neighbor statistics... (add --skip-neighbor-stat to skip this step)
[2026-04-17 21:58:18,617] DEEPMD INFO    Adjust batch size from 1024 to 2048
[2026-04-17 21:58:18,651] DEEPMD INFO    Neighbor statistics: training data with minimal neighbor distance: 0.956954
[2026-04-17 21:58:18,651] DEEPMD INFO    Neighbor statistics: training data with maximum neighbor size: [1 6 1] (cutoff radius: 6.000000)
[2026-04-17 21:58:18,653] DEEPMD INFO    Constructing DataLoaders from 1 systems
[2026-04-17 21:58:18,659] DEEPMD INFO    Constructing DataLoaders from 1 systems
[2026-04-17 21:58:18,715] DEEPMD INFO    Packing data for statistics from 1 systems
[2026-04-17 21:58:18,923] DEEPMD INFO    RMSE of energy per atom after linear regression is: 0.013898702228217286 in the unit of energy.
[2026-04-17 21:58:18,925] DEEPMD INFO    ---Summary of DataSystem: training     -----------------------------------------------
[2026-04-17 21:58:18,925] DEEPMD INFO    found 1 system(s):
[2026-04-17 21:58:18,925] DEEPMD INFO                                        system  natoms  bch_sz   n_bch       prob  pbc
[2026-04-17 21:58:18,925] DEEPMD INFO    -- w/DeePMD_training/00.data/training_data       8       4      51  1.000e+00    T
[2026-04-17 21:58:18,925] DEEPMD INFO    --------------------------------------------------------------------------------------
[2026-04-17 21:58:18,926] DEEPMD INFO    ---Summary of DataSystem: validation   -----------------------------------------------
[2026-04-17 21:58:18,926] DEEPMD INFO    found 1 system(s):
[2026-04-17 21:58:18,926] DEEPMD INFO                                        system  natoms  bch_sz   n_bch       prob  pbc
[2026-04-17 21:58:18,926] DEEPMD INFO    -- DeePMD_training/00.data/validation_data       8       4      12  1.000e+00    T
[2026-04-17 21:58:18,926] DEEPMD INFO    --------------------------------------------------------------------------------------
[2026-04-17 21:58:18,927] DEEPMD INFO    Start to train 100000 steps.
[2026-04-17 21:58:19,624] DEEPMD INFO    batch       1: trn: rmse = 3.15e+01, rmse_e = 3.46e-01, rmse_f = 9.97e-01, lr = 1.00e-03
[2026-04-17 21:58:19,624] DEEPMD INFO    batch       1: val: rmse = 5.77e+01, rmse_e = 1.61e-01, rmse_f = 1.82e+00
[2026-04-17 21:58:19,625] DEEPMD INFO    batch       1: total wall time = 0.70 s, eta = 19:22:37
[2026-04-17 21:59:15,695] DEEPMD INFO    batch    1000: trn: rmse = 7.40e+00, rmse_e = 4.73e-01, rmse_f = 2.34e-01, lr = 1.00e-03
[2026-04-17 21:59:15,695] DEEPMD INFO    batch    1000: val: rmse = 9.28e+00, rmse_e = 5.00e-01, rmse_f = 2.93e-01
[2026-04-17 21:59:15,696] DEEPMD INFO    batch    1000: total wall time = 56.07 s, eta = 1:32:30
[2026-04-17 22:00:11,793] DEEPMD INFO    batch    2000: trn: rmse = 3.57e+00, rmse_e = 6.74e-03, rmse_f = 1.13e-01, lr = 1.00e-03
[2026-04-17 22:00:11,793] DEEPMD INFO    batch    2000: val: rmse = 3.90e+00, rmse_e = 7.32e-03, rmse_f = 1.23e-01
[2026-04-17 22:00:11,793] DEEPMD INFO    batch    2000: total wall time = 56.10 s, eta = 1:31:37
[2026-04-17 22:01:07,140] DEEPMD INFO    batch    3000: trn: rmse = 3.83e+00, rmse_e = 1.39e-02, rmse_f = 1.21e-01, lr = 1.00e-03
[2026-04-17 22:01:07,140] DEEPMD INFO    batch    3000: val: rmse = 4.02e+00, rmse_e = 3.23e-02, rmse_f = 1.27e-01
[2026-04-17 22:01:07,140] DEEPMD INFO    batch    3000: total wall time = 55.35 s, eta = 1:29:28
[2026-04-17 22:02:02,826] DEEPMD INFO    batch    4000: trn: rmse = 3.56e+00, rmse_e = 4.79e-02, rmse_f = 1.13e-01, lr = 1.00e-03
[2026-04-17 22:02:02,827] DEEPMD INFO    batch    4000: val: rmse = 2.97e+00, rmse_e = 5.25e-02, rmse_f = 9.41e-02
[2026-04-17 22:02:02,828] DEEPMD INFO    batch    4000: total wall time = 55.69 s, eta = 1:29:05
[2026-04-17 22:02:57,208] DEEPMD INFO    batch    5000: trn: rmse = 2.08e+00, rmse_e = 7.82e-02, rmse_f = 6.58e-02, lr = 1.00e-03
[2026-04-17 22:02:57,209] DEEPMD INFO    batch    5000: val: rmse = 2.90e+00, rmse_e = 8.00e-02, rmse_f = 9.18e-02
[2026-04-17 22:02:57,209] DEEPMD INFO    batch    5000: total wall time = 54.38 s, eta = 1:26:06
[2026-04-17 22:03:52,887] DEEPMD INFO    batch    6000: trn: rmse = 1.92e+00, rmse_e = 1.50e-02, rmse_f = 7.84e-02, lr = 5.99e-04
[2026-04-17 22:03:52,887] DEEPMD INFO    batch    6000: val: rmse = 1.59e+00, rmse_e = 1.70e-02, rmse_f = 6.48e-02
[2026-04-17 22:03:52,887] DEEPMD INFO    batch    6000: total wall time = 55.68 s, eta = 1:27:13
[2026-04-17 22:04:49,081] DEEPMD INFO    batch    7000: trn: rmse = 1.70e+00, rmse_e = 7.91e-03, rmse_f = 6.93e-02, lr = 5.99e-04
[2026-04-17 22:04:49,081] DEEPMD INFO    batch    7000: val: rmse = 1.93e+00, rmse_e = 7.37e-03, rmse_f = 7.90e-02
[2026-04-17 22:04:49,081] DEEPMD INFO    batch    7000: total wall time = 56.19 s, eta = 1:27:06
[2026-04-17 22:05:44,101] DEEPMD INFO    batch    8000: trn: rmse = 1.76e+00, rmse_e = 1.99e-02, rmse_f = 7.18e-02, lr = 5.99e-04
[2026-04-17 22:05:44,101] DEEPMD INFO    batch    8000: val: rmse = 2.50e+00, rmse_e = 6.05e-03, rmse_f = 1.02e-01
[2026-04-17 22:05:44,101] DEEPMD INFO    batch    8000: total wall time = 55.02 s, eta = 1:24:21
[2026-04-17 22:06:37,825] DEEPMD INFO    batch    9000: trn: rmse = 1.34e+00, rmse_e = 8.47e-03, rmse_f = 5.47e-02, lr = 5.99e-04
[2026-04-17 22:06:37,826] DEEPMD INFO    batch    9000: val: rmse = 1.52e+00, rmse_e = 4.98e-03, rmse_f = 6.21e-02
[2026-04-17 22:06:37,826] DEEPMD INFO    batch    9000: total wall time = 53.72 s, eta = 1:21:28
[2026-04-17 22:07:33,681] DEEPMD INFO    batch   10000: trn: rmse = 1.56e+00, rmse_e = 7.56e-03, rmse_f = 6.36e-02, lr = 5.99e-04
[2026-04-17 22:07:33,681] DEEPMD INFO    batch   10000: val: rmse = 1.49e+00, rmse_e = 5.06e-03, rmse_f = 6.09e-02
[2026-04-17 22:07:33,682] DEEPMD INFO    batch   10000: total wall time = 55.86 s, eta = 1:23:47
[2026-04-17 22:07:33,720] DEEPMD INFO    Saved model to model.ckpt-10000.pt
[2026-04-17 22:08:29,476] DEEPMD INFO    batch   11000: trn: rmse = 1.01e+00, rmse_e = 2.52e-03, rmse_f = 5.33e-02, lr = 3.59e-04
[2026-04-17 22:08:29,476] DEEPMD INFO    batch   11000: val: rmse = 1.09e+00, rmse_e = 1.95e-03, rmse_f = 5.76e-02
[2026-04-17 22:08:29,476] DEEPMD INFO    batch   11000: total wall time = 55.79 s, eta = 1:22:45
[2026-04-17 22:09:25,380] DEEPMD INFO    batch   12000: trn: rmse = 8.05e-01, rmse_e = 6.09e-03, rmse_f = 4.25e-02, lr = 3.59e-04
[2026-04-17 22:09:25,381] DEEPMD INFO    batch   12000: val: rmse = 8.12e-01, rmse_e = 2.10e-03, rmse_f = 4.28e-02
[2026-04-17 22:09:25,381] DEEPMD INFO    batch   12000: total wall time = 55.90 s, eta = 1:21:59
[2026-04-17 22:10:20,283] DEEPMD INFO    batch   13000: trn: rmse = 7.52e-01, rmse_e = 3.77e-03, rmse_f = 3.97e-02, lr = 3.59e-04
[2026-04-17 22:10:20,283] DEEPMD INFO    batch   13000: val: rmse = 7.84e-01, rmse_e = 3.20e-03, rmse_f = 4.14e-02
[2026-04-17 22:10:20,284] DEEPMD INFO    batch   13000: total wall time = 54.90 s, eta = 1:19:36
[2026-04-17 22:11:16,257] DEEPMD INFO    batch   14000: trn: rmse = 9.76e-01, rmse_e = 2.18e-03, rmse_f = 5.15e-02, lr = 3.59e-04
[2026-04-17 22:11:16,257] DEEPMD INFO    batch   14000: val: rmse = 8.44e-01, rmse_e = 2.46e-03, rmse_f = 4.45e-02
[2026-04-17 22:11:16,257] DEEPMD INFO    batch   14000: total wall time = 55.97 s, eta = 1:20:13
[2026-04-17 22:12:11,536] DEEPMD INFO    batch   15000: trn: rmse = 7.92e-01, rmse_e = 1.34e-02, rmse_f = 4.17e-02, lr = 3.59e-04
[2026-04-17 22:12:11,536] DEEPMD INFO    batch   15000: val: rmse = 7.68e-01, rmse_e = 1.07e-02, rmse_f = 4.05e-02
[2026-04-17 22:12:11,537] DEEPMD INFO    batch   15000: total wall time = 55.28 s, eta = 1:18:18
[2026-04-17 22:13:06,722] DEEPMD INFO    batch   16000: trn: rmse = 7.65e-01, rmse_e = 1.54e-03, rmse_f = 5.21e-02, lr = 2.15e-04
[2026-04-17 22:13:06,722] DEEPMD INFO    batch   16000: val: rmse = 6.58e-01, rmse_e = 2.20e-03, rmse_f = 4.48e-02
[2026-04-17 22:13:06,722] DEEPMD INFO    batch   16000: total wall time = 55.19 s, eta = 1:17:15
[2026-04-17 22:14:03,017] DEEPMD INFO    batch   17000: trn: rmse = 4.91e-01, rmse_e = 2.11e-03, rmse_f = 3.34e-02, lr = 2.15e-04
[2026-04-17 22:14:03,017] DEEPMD INFO    batch   17000: val: rmse = 6.24e-01, rmse_e = 6.79e-03, rmse_f = 4.25e-02
[2026-04-17 22:14:03,018] DEEPMD INFO    batch   17000: total wall time = 56.30 s, eta = 1:17:52
[2026-04-17 22:14:58,290] DEEPMD INFO    batch   18000: trn: rmse = 5.40e-01, rmse_e = 4.69e-03, rmse_f = 3.68e-02, lr = 2.15e-04
[2026-04-17 22:14:58,290] DEEPMD INFO    batch   18000: val: rmse = 6.11e-01, rmse_e = 4.95e-03, rmse_f = 4.16e-02
[2026-04-17 22:14:58,291] DEEPMD INFO    batch   18000: total wall time = 55.27 s, eta = 1:15:32
[2026-04-17 22:15:53,656] DEEPMD INFO    batch   19000: trn: rmse = 5.90e-01, rmse_e = 3.55e-03, rmse_f = 4.02e-02, lr = 2.15e-04
[2026-04-17 22:15:53,656] DEEPMD INFO    batch   19000: val: rmse = 5.76e-01, rmse_e = 4.67e-03, rmse_f = 3.93e-02
[2026-04-17 22:15:53,657] DEEPMD INFO    batch   19000: total wall time = 55.37 s, eta = 1:14:44
[2026-04-17 22:16:49,029] DEEPMD INFO    batch   20000: trn: rmse = 6.52e-01, rmse_e = 6.48e-03, rmse_f = 4.44e-02, lr = 2.15e-04
[2026-04-17 22:16:49,030] DEEPMD INFO    batch   20000: val: rmse = 5.78e-01, rmse_e = 7.06e-03, rmse_f = 3.94e-02
[2026-04-17 22:16:49,030] DEEPMD INFO    batch   20000: total wall time = 55.37 s, eta = 1:13:49
[2026-04-17 22:16:49,059] DEEPMD INFO    Saved model to model.ckpt-20000.pt
[2026-04-17 22:17:43,114] DEEPMD INFO    batch   21000: trn: rmse = 3.23e-01, rmse_e = 4.91e-04, rmse_f = 2.84e-02, lr = 1.29e-04
[2026-04-17 22:17:43,115] DEEPMD INFO    batch   21000: val: rmse = 3.96e-01, rmse_e = 4.41e-04, rmse_f = 3.48e-02
[2026-04-17 22:17:43,115] DEEPMD INFO    batch   21000: total wall time = 54.08 s, eta = 1:11:12
[2026-04-17 22:18:38,784] DEEPMD INFO    batch   22000: trn: rmse = 3.69e-01, rmse_e = 7.46e-04, rmse_f = 3.24e-02, lr = 1.29e-04
[2026-04-17 22:18:38,784] DEEPMD INFO    batch   22000: val: rmse = 4.07e-01, rmse_e = 1.57e-03, rmse_f = 3.58e-02
[2026-04-17 22:18:38,785] DEEPMD INFO    batch   22000: total wall time = 55.67 s, eta = 1:12:22
[2026-04-17 22:19:35,066] DEEPMD INFO    batch   23000: trn: rmse = 3.65e-01, rmse_e = 1.78e-03, rmse_f = 3.21e-02, lr = 1.29e-04
[2026-04-17 22:19:35,066] DEEPMD INFO    batch   23000: val: rmse = 4.39e-01, rmse_e = 3.02e-03, rmse_f = 3.86e-02
[2026-04-17 22:19:35,067] DEEPMD INFO    batch   23000: total wall time = 56.28 s, eta = 1:12:13
[2026-04-17 22:20:31,003] DEEPMD INFO    batch   24000: trn: rmse = 3.67e-01, rmse_e = 2.49e-03, rmse_f = 3.22e-02, lr = 1.29e-04
[2026-04-17 22:20:31,003] DEEPMD INFO    batch   24000: val: rmse = 3.61e-01, rmse_e = 1.42e-03, rmse_f = 3.18e-02
[2026-04-17 22:20:31,004] DEEPMD INFO    batch   24000: total wall time = 55.94 s, eta = 1:10:51
[2026-04-17 22:21:27,030] DEEPMD INFO    batch   25000: trn: rmse = 3.33e-01, rmse_e = 9.33e-04, rmse_f = 2.92e-02, lr = 1.29e-04
[2026-04-17 22:21:27,030] DEEPMD INFO    batch   25000: val: rmse = 5.14e-01, rmse_e = 2.23e-03, rmse_f = 4.52e-02
[2026-04-17 22:21:27,031] DEEPMD INFO    batch   25000: total wall time = 56.03 s, eta = 1:10:01
[2026-04-17 22:22:22,836] DEEPMD INFO    batch   26000: trn: rmse = 3.01e-01, rmse_e = 2.29e-03, rmse_f = 3.41e-02, lr = 7.70e-05
[2026-04-17 22:22:22,836] DEEPMD INFO    batch   26000: val: rmse = 2.74e-01, rmse_e = 1.85e-03, rmse_f = 3.10e-02
[2026-04-17 22:22:22,837] DEEPMD INFO    batch   26000: total wall time = 55.81 s, eta = 1:08:49
[2026-04-17 22:23:19,220] DEEPMD INFO    batch   27000: trn: rmse = 2.19e-01, rmse_e = 7.18e-04, rmse_f = 2.48e-02, lr = 7.70e-05
[2026-04-17 22:23:19,220] DEEPMD INFO    batch   27000: val: rmse = 2.85e-01, rmse_e = 6.65e-04, rmse_f = 3.23e-02
[2026-04-17 22:23:19,221] DEEPMD INFO    batch   27000: total wall time = 56.38 s, eta = 1:08:36
[2026-04-17 22:24:15,058] DEEPMD INFO    batch   28000: trn: rmse = 2.89e-01, rmse_e = 1.97e-03, rmse_f = 3.28e-02, lr = 7.70e-05
[2026-04-17 22:24:15,059] DEEPMD INFO    batch   28000: val: rmse = 3.31e-01, rmse_e = 7.82e-04, rmse_f = 3.75e-02
[2026-04-17 22:24:15,059] DEEPMD INFO    batch   28000: total wall time = 55.84 s, eta = 1:07:00
[2026-04-17 22:25:10,528] DEEPMD INFO    batch   29000: trn: rmse = 2.53e-01, rmse_e = 1.99e-03, rmse_f = 2.87e-02, lr = 7.70e-05
[2026-04-17 22:25:10,528] DEEPMD INFO    batch   29000: val: rmse = 2.26e-01, rmse_e = 8.58e-04, rmse_f = 2.56e-02
[2026-04-17 22:25:10,528] DEEPMD INFO    batch   29000: total wall time = 55.47 s, eta = 1:05:38
[2026-04-17 22:26:07,647] DEEPMD INFO    batch   30000: trn: rmse = 2.24e-01, rmse_e = 2.91e-03, rmse_f = 2.54e-02, lr = 7.70e-05
[2026-04-17 22:26:07,648] DEEPMD INFO    batch   30000: val: rmse = 2.93e-01, rmse_e = 2.57e-03, rmse_f = 3.32e-02
[2026-04-17 22:26:07,649] DEEPMD INFO    batch   30000: total wall time = 57.12 s, eta = 1:06:38
[2026-04-17 22:26:07,679] DEEPMD INFO    Saved model to model.ckpt-30000.pt
[2026-04-17 22:27:02,867] DEEPMD INFO    batch   31000: trn: rmse = 1.57e-01, rmse_e = 1.63e-03, rmse_f = 2.28e-02, lr = 4.61e-05
[2026-04-17 22:27:02,868] DEEPMD INFO    batch   31000: val: rmse = 1.92e-01, rmse_e = 7.91e-04, rmse_f = 2.80e-02
[2026-04-17 22:27:02,869] DEEPMD INFO    batch   31000: total wall time = 55.22 s, eta = 1:03:30
[2026-04-17 22:27:58,260] DEEPMD INFO    batch   32000: trn: rmse = 2.40e-01, rmse_e = 1.67e-03, rmse_f = 3.51e-02, lr = 4.61e-05
[2026-04-17 22:27:58,260] DEEPMD INFO    batch   32000: val: rmse = 2.12e-01, rmse_e = 1.87e-03, rmse_f = 3.09e-02
[2026-04-17 22:27:58,261] DEEPMD INFO    batch   32000: total wall time = 55.39 s, eta = 1:02:46
[2026-04-17 22:28:54,881] DEEPMD INFO    batch   33000: trn: rmse = 1.92e-01, rmse_e = 4.51e-04, rmse_f = 2.80e-02, lr = 4.61e-05
[2026-04-17 22:28:54,881] DEEPMD INFO    batch   33000: val: rmse = 2.43e-01, rmse_e = 6.47e-04, rmse_f = 3.55e-02
[2026-04-17 22:28:54,881] DEEPMD INFO    batch   33000: total wall time = 56.62 s, eta = 1:03:13
[2026-04-17 22:29:51,108] DEEPMD INFO    batch   34000: trn: rmse = 1.78e-01, rmse_e = 1.33e-03, rmse_f = 2.60e-02, lr = 4.61e-05
[2026-04-17 22:29:51,108] DEEPMD INFO    batch   34000: val: rmse = 2.32e-01, rmse_e = 7.52e-04, rmse_f = 3.38e-02
[2026-04-17 22:29:51,108] DEEPMD INFO    batch   34000: total wall time = 56.23 s, eta = 1:01:50
[2026-04-17 22:30:46,361] DEEPMD INFO    batch   35000: trn: rmse = 1.83e-01, rmse_e = 1.25e-03, rmse_f = 2.66e-02, lr = 4.61e-05
[2026-04-17 22:30:46,362] DEEPMD INFO    batch   35000: val: rmse = 1.86e-01, rmse_e = 1.68e-03, rmse_f = 2.71e-02
[2026-04-17 22:30:46,362] DEEPMD INFO    batch   35000: total wall time = 55.25 s, eta = 0:59:51
[2026-04-17 22:31:41,702] DEEPMD INFO    batch   36000: trn: rmse = 1.92e-01, rmse_e = 1.33e-03, rmse_f = 3.58e-02, lr = 2.76e-05
[2026-04-17 22:31:41,702] DEEPMD INFO    batch   36000: val: rmse = 1.68e-01, rmse_e = 7.36e-04, rmse_f = 3.14e-02
[2026-04-17 22:31:41,703] DEEPMD INFO    batch   36000: total wall time = 55.34 s, eta = 0:59:01
[2026-04-17 22:32:37,496] DEEPMD INFO    batch   37000: trn: rmse = 1.56e-01, rmse_e = 1.10e-03, rmse_f = 2.92e-02, lr = 2.76e-05
[2026-04-17 22:32:37,497] DEEPMD INFO    batch   37000: val: rmse = 1.50e-01, rmse_e = 7.52e-04, rmse_f = 2.80e-02
[2026-04-17 22:32:37,497] DEEPMD INFO    batch   37000: total wall time = 55.79 s, eta = 0:58:35
[2026-04-17 22:33:33,855] DEEPMD INFO    batch   38000: trn: rmse = 1.30e-01, rmse_e = 3.39e-04, rmse_f = 2.44e-02, lr = 2.76e-05
[2026-04-17 22:33:33,855] DEEPMD INFO    batch   38000: val: rmse = 1.30e-01, rmse_e = 5.15e-04, rmse_f = 2.44e-02
[2026-04-17 22:33:33,855] DEEPMD INFO    batch   38000: total wall time = 56.36 s, eta = 0:58:14
[2026-04-17 22:34:29,268] DEEPMD INFO    batch   39000: trn: rmse = 1.15e-01, rmse_e = 3.70e-04, rmse_f = 2.15e-02, lr = 2.76e-05
[2026-04-17 22:34:29,269] DEEPMD INFO    batch   39000: val: rmse = 1.39e-01, rmse_e = 4.15e-04, rmse_f = 2.61e-02
[2026-04-17 22:34:29,269] DEEPMD INFO    batch   39000: total wall time = 55.41 s, eta = 0:56:20
[2026-04-17 22:35:24,354] DEEPMD INFO    batch   40000: trn: rmse = 1.14e-01, rmse_e = 9.02e-04, rmse_f = 2.13e-02, lr = 2.76e-05
[2026-04-17 22:35:24,355] DEEPMD INFO    batch   40000: val: rmse = 1.51e-01, rmse_e = 1.10e-03, rmse_f = 2.82e-02
[2026-04-17 22:35:24,355] DEEPMD INFO    batch   40000: total wall time = 55.09 s, eta = 0:55:05
[2026-04-17 22:35:24,383] DEEPMD INFO    Saved model to model.ckpt-40000.pt
[2026-04-17 22:36:20,253] DEEPMD INFO    batch   41000: trn: rmse = 1.16e-01, rmse_e = 8.40e-04, rmse_f = 2.78e-02, lr = 1.65e-05
[2026-04-17 22:36:20,254] DEEPMD INFO    batch   41000: val: rmse = 9.93e-02, rmse_e = 1.88e-03, rmse_f = 2.37e-02
[2026-04-17 22:36:20,254] DEEPMD INFO    batch   41000: total wall time = 55.90 s, eta = 0:54:58
[2026-04-17 22:37:16,191] DEEPMD INFO    batch   42000: trn: rmse = 9.37e-02, rmse_e = 1.06e-03, rmse_f = 2.24e-02, lr = 1.65e-05
[2026-04-17 22:37:16,191] DEEPMD INFO    batch   42000: val: rmse = 1.07e-01, rmse_e = 6.98e-04, rmse_f = 2.57e-02
[2026-04-17 22:37:16,192] DEEPMD INFO    batch   42000: total wall time = 55.94 s, eta = 0:54:04
[2026-04-17 22:38:11,340] DEEPMD INFO    batch   43000: trn: rmse = 1.28e-01, rmse_e = 1.75e-03, rmse_f = 3.07e-02, lr = 1.65e-05
[2026-04-17 22:38:11,341] DEEPMD INFO    batch   43000: val: rmse = 1.35e-01, rmse_e = 3.36e-04, rmse_f = 3.23e-02
[2026-04-17 22:38:11,341] DEEPMD INFO    batch   43000: total wall time = 55.15 s, eta = 0:52:23
[2026-04-17 22:39:06,831] DEEPMD INFO    batch   44000: trn: rmse = 9.42e-02, rmse_e = 9.72e-04, rmse_f = 2.25e-02, lr = 1.65e-05
[2026-04-17 22:39:06,832] DEEPMD INFO    batch   44000: val: rmse = 8.04e-02, rmse_e = 2.78e-04, rmse_f = 1.92e-02
[2026-04-17 22:39:06,832] DEEPMD INFO    batch   44000: total wall time = 55.49 s, eta = 0:51:47
[2026-04-17 22:40:02,734] DEEPMD INFO    batch   45000: trn: rmse = 9.19e-02, rmse_e = 1.70e-03, rmse_f = 2.19e-02, lr = 1.65e-05
[2026-04-17 22:40:02,735] DEEPMD INFO    batch   45000: val: rmse = 1.42e-01, rmse_e = 1.09e-03, rmse_f = 3.38e-02
[2026-04-17 22:40:02,735] DEEPMD INFO    batch   45000: total wall time = 55.90 s, eta = 0:51:14
[2026-04-17 22:40:57,783] DEEPMD INFO    batch   46000: trn: rmse = 7.27e-02, rmse_e = 2.62e-04, rmse_f = 2.20e-02, lr = 9.89e-06
[2026-04-17 22:40:57,784] DEEPMD INFO    batch   46000: val: rmse = 9.68e-02, rmse_e = 6.35e-04, rmse_f = 2.93e-02
[2026-04-17 22:40:57,784] DEEPMD INFO    batch   46000: total wall time = 55.05 s, eta = 0:49:32
[2026-04-17 22:41:52,775] DEEPMD INFO    batch   47000: trn: rmse = 9.39e-02, rmse_e = 8.34e-04, rmse_f = 2.84e-02, lr = 9.89e-06
[2026-04-17 22:41:52,775] DEEPMD INFO    batch   47000: val: rmse = 9.96e-02, rmse_e = 1.08e-03, rmse_f = 3.02e-02
[2026-04-17 22:41:52,775] DEEPMD INFO    batch   47000: total wall time = 54.99 s, eta = 0:48:34
[2026-04-17 22:42:48,995] DEEPMD INFO    batch   48000: trn: rmse = 7.32e-02, rmse_e = 4.59e-04, rmse_f = 2.22e-02, lr = 9.89e-06
[2026-04-17 22:42:48,995] DEEPMD INFO    batch   48000: val: rmse = 7.85e-02, rmse_e = 3.78e-04, rmse_f = 2.38e-02
[2026-04-17 22:42:48,995] DEEPMD INFO    batch   48000: total wall time = 56.22 s, eta = 0:48:43
[2026-04-17 22:43:44,601] DEEPMD INFO    batch   49000: trn: rmse = 9.12e-02, rmse_e = 7.71e-04, rmse_f = 2.76e-02, lr = 9.89e-06
[2026-04-17 22:43:44,601] DEEPMD INFO    batch   49000: val: rmse = 8.25e-02, rmse_e = 5.53e-04, rmse_f = 2.50e-02
[2026-04-17 22:43:44,602] DEEPMD INFO    batch   49000: total wall time = 55.61 s, eta = 0:47:15
[2026-04-17 22:44:39,491] DEEPMD INFO    batch   50000: trn: rmse = 7.32e-02, rmse_e = 1.34e-03, rmse_f = 2.22e-02, lr = 9.89e-06
[2026-04-17 22:44:39,491] DEEPMD INFO    batch   50000: val: rmse = 8.63e-02, rmse_e = 1.06e-03, rmse_f = 2.61e-02
[2026-04-17 22:44:39,492] DEEPMD INFO    batch   50000: total wall time = 54.89 s, eta = 0:45:44
[2026-04-17 22:44:39,520] DEEPMD INFO    Saved model to model.ckpt-50000.pt
[2026-04-17 22:45:34,259] DEEPMD INFO    batch   51000: trn: rmse = 4.56e-02, rmse_e = 4.41e-04, rmse_f = 1.73e-02, lr = 5.92e-06
[2026-04-17 22:45:34,260] DEEPMD INFO    batch   51000: val: rmse = 7.07e-02, rmse_e = 3.59e-04, rmse_f = 2.69e-02
[2026-04-17 22:45:34,260] DEEPMD INFO    batch   51000: total wall time = 54.77 s, eta = 0:44:43
[2026-04-17 22:46:30,312] DEEPMD INFO    batch   52000: trn: rmse = 5.11e-02, rmse_e = 1.21e-03, rmse_f = 1.94e-02, lr = 5.92e-06
[2026-04-17 22:46:30,312] DEEPMD INFO    batch   52000: val: rmse = 8.38e-02, rmse_e = 1.87e-03, rmse_f = 3.18e-02
[2026-04-17 22:46:30,313] DEEPMD INFO    batch   52000: total wall time = 56.05 s, eta = 0:44:50
[2026-04-17 22:47:26,718] DEEPMD INFO    batch   53000: trn: rmse = 5.08e-02, rmse_e = 5.78e-04, rmse_f = 1.93e-02, lr = 5.92e-06
[2026-04-17 22:47:26,718] DEEPMD INFO    batch   53000: val: rmse = 7.05e-02, rmse_e = 1.64e-04, rmse_f = 2.68e-02
[2026-04-17 22:47:26,719] DEEPMD INFO    batch   53000: total wall time = 56.41 s, eta = 0:44:11
[2026-04-17 22:48:22,922] DEEPMD INFO    batch   54000: trn: rmse = 5.85e-02, rmse_e = 9.42e-04, rmse_f = 2.22e-02, lr = 5.92e-06
[2026-04-17 22:48:22,923] DEEPMD INFO    batch   54000: val: rmse = 9.07e-02, rmse_e = 5.23e-04, rmse_f = 3.45e-02
[2026-04-17 22:48:22,923] DEEPMD INFO    batch   54000: total wall time = 56.20 s, eta = 0:43:05
[2026-04-17 22:49:19,017] DEEPMD INFO    batch   55000: trn: rmse = 7.68e-02, rmse_e = 3.72e-04, rmse_f = 2.92e-02, lr = 5.92e-06
[2026-04-17 22:49:19,017] DEEPMD INFO    batch   55000: val: rmse = 5.00e-02, rmse_e = 1.20e-04, rmse_f = 1.90e-02
[2026-04-17 22:49:19,018] DEEPMD INFO    batch   55000: total wall time = 56.09 s, eta = 0:42:04
[2026-04-17 22:50:15,634] DEEPMD INFO    batch   56000: trn: rmse = 4.75e-02, rmse_e = 3.38e-04, rmse_f = 2.23e-02, lr = 3.55e-06
[2026-04-17 22:50:15,635] DEEPMD INFO    batch   56000: val: rmse = 3.97e-02, rmse_e = 3.35e-04, rmse_f = 1.86e-02
[2026-04-17 22:50:15,635] DEEPMD INFO    batch   56000: total wall time = 56.62 s, eta = 0:41:31
[2026-04-17 22:51:10,863] DEEPMD INFO    batch   57000: trn: rmse = 5.74e-02, rmse_e = 6.86e-04, rmse_f = 2.69e-02, lr = 3.55e-06
[2026-04-17 22:51:10,863] DEEPMD INFO    batch   57000: val: rmse = 5.26e-02, rmse_e = 7.69e-04, rmse_f = 2.47e-02
[2026-04-17 22:51:10,863] DEEPMD INFO    batch   57000: total wall time = 55.23 s, eta = 0:39:34
[2026-04-17 22:52:06,821] DEEPMD INFO    batch   58000: trn: rmse = 5.32e-02, rmse_e = 9.21e-04, rmse_f = 2.49e-02, lr = 3.55e-06
[2026-04-17 22:52:06,822] DEEPMD INFO    batch   58000: val: rmse = 4.86e-02, rmse_e = 4.59e-04, rmse_f = 2.28e-02
[2026-04-17 22:52:06,822] DEEPMD INFO    batch   58000: total wall time = 55.96 s, eta = 0:39:10
[2026-04-17 22:53:03,230] DEEPMD INFO    batch   59000: trn: rmse = 4.12e-02, rmse_e = 6.82e-04, rmse_f = 1.93e-02, lr = 3.55e-06
[2026-04-17 22:53:03,230] DEEPMD INFO    batch   59000: val: rmse = 4.56e-02, rmse_e = 4.12e-04, rmse_f = 2.14e-02
[2026-04-17 22:53:03,230] DEEPMD INFO    batch   59000: total wall time = 56.41 s, eta = 0:38:32
[2026-04-17 22:53:59,367] DEEPMD INFO    batch   60000: trn: rmse = 4.30e-02, rmse_e = 9.39e-05, rmse_f = 2.02e-02, lr = 3.55e-06
[2026-04-17 22:53:59,368] DEEPMD INFO    batch   60000: val: rmse = 6.82e-02, rmse_e = 3.96e-04, rmse_f = 3.20e-02
[2026-04-17 22:53:59,368] DEEPMD INFO    batch   60000: total wall time = 56.14 s, eta = 0:37:25
[2026-04-17 22:53:59,395] DEEPMD INFO    Saved model to model.ckpt-60000.pt
[2026-04-17 22:54:54,704] DEEPMD INFO    batch   61000: trn: rmse = 3.93e-02, rmse_e = 4.88e-04, rmse_f = 2.22e-02, lr = 2.12e-06
[2026-04-17 22:54:54,704] DEEPMD INFO    batch   61000: val: rmse = 4.52e-02, rmse_e = 6.93e-04, rmse_f = 2.56e-02
[2026-04-17 22:54:54,705] DEEPMD INFO    batch   61000: total wall time = 55.34 s, eta = 0:35:58
[2026-04-17 22:55:50,847] DEEPMD INFO    batch   62000: trn: rmse = 3.53e-02, rmse_e = 3.65e-04, rmse_f = 2.00e-02, lr = 2.12e-06
[2026-04-17 22:55:50,847] DEEPMD INFO    batch   62000: val: rmse = 3.38e-02, rmse_e = 1.07e-04, rmse_f = 1.91e-02
[2026-04-17 22:55:50,848] DEEPMD INFO    batch   62000: total wall time = 56.14 s, eta = 0:35:33
[2026-04-17 22:56:46,168] DEEPMD INFO    batch   63000: trn: rmse = 3.19e-02, rmse_e = 2.67e-04, rmse_f = 1.80e-02, lr = 2.12e-06
[2026-04-17 22:56:46,169] DEEPMD INFO    batch   63000: val: rmse = 5.16e-02, rmse_e = 7.77e-04, rmse_f = 2.92e-02
[2026-04-17 22:56:46,169] DEEPMD INFO    batch   63000: total wall time = 55.32 s, eta = 0:34:06
[2026-04-17 22:57:41,761] DEEPMD INFO    batch   64000: trn: rmse = 4.95e-02, rmse_e = 2.22e-04, rmse_f = 2.80e-02, lr = 2.12e-06
[2026-04-17 22:57:41,761] DEEPMD INFO    batch   64000: val: rmse = 3.21e-02, rmse_e = 4.31e-04, rmse_f = 1.82e-02
[2026-04-17 22:57:41,761] DEEPMD INFO    batch   64000: total wall time = 55.59 s, eta = 0:33:21
[2026-04-17 22:58:36,732] DEEPMD INFO    batch   65000: trn: rmse = 3.60e-02, rmse_e = 4.92e-04, rmse_f = 2.04e-02, lr = 2.12e-06
[2026-04-17 22:58:36,732] DEEPMD INFO    batch   65000: val: rmse = 3.82e-02, rmse_e = 3.29e-04, rmse_f = 2.16e-02
[2026-04-17 22:58:36,733] DEEPMD INFO    batch   65000: total wall time = 54.97 s, eta = 0:32:04
[2026-04-17 22:59:32,310] DEEPMD INFO    batch   66000: trn: rmse = 3.83e-02, rmse_e = 8.40e-04, rmse_f = 2.54e-02, lr = 1.27e-06
[2026-04-17 22:59:32,310] DEEPMD INFO    batch   66000: val: rmse = 2.44e-02, rmse_e = 2.86e-04, rmse_f = 1.62e-02
[2026-04-17 22:59:32,311] DEEPMD INFO    batch   66000: total wall time = 55.58 s, eta = 0:31:29
[2026-04-17 23:00:28,589] DEEPMD INFO    batch   67000: trn: rmse = 3.80e-02, rmse_e = 6.87e-04, rmse_f = 2.52e-02, lr = 1.27e-06
[2026-04-17 23:00:28,589] DEEPMD INFO    batch   67000: val: rmse = 4.99e-02, rmse_e = 4.95e-04, rmse_f = 3.31e-02
[2026-04-17 23:00:28,589] DEEPMD INFO    batch   67000: total wall time = 56.28 s, eta = 0:30:57
[2026-04-17 23:01:24,811] DEEPMD INFO    batch   68000: trn: rmse = 3.35e-02, rmse_e = 6.42e-04, rmse_f = 2.22e-02, lr = 1.27e-06
[2026-04-17 23:01:24,812] DEEPMD INFO    batch   68000: val: rmse = 3.50e-02, rmse_e = 1.86e-04, rmse_f = 2.32e-02
[2026-04-17 23:01:24,812] DEEPMD INFO    batch   68000: total wall time = 56.22 s, eta = 0:29:59
[2026-04-17 23:02:19,221] DEEPMD INFO    batch   69000: trn: rmse = 3.24e-02, rmse_e = 2.86e-04, rmse_f = 2.15e-02, lr = 1.27e-06
[2026-04-17 23:02:19,221] DEEPMD INFO    batch   69000: val: rmse = 2.88e-02, rmse_e = 3.40e-04, rmse_f = 1.91e-02
[2026-04-17 23:02:19,222] DEEPMD INFO    batch   69000: total wall time = 54.41 s, eta = 0:28:06
[2026-04-17 23:03:15,373] DEEPMD INFO    batch   70000: trn: rmse = 3.42e-02, rmse_e = 6.19e-04, rmse_f = 2.27e-02, lr = 1.27e-06
[2026-04-17 23:03:15,373] DEEPMD INFO    batch   70000: val: rmse = 3.97e-02, rmse_e = 1.45e-03, rmse_f = 2.62e-02
[2026-04-17 23:03:15,374] DEEPMD INFO    batch   70000: total wall time = 56.15 s, eta = 0:28:04
[2026-04-17 23:03:15,405] DEEPMD INFO    Saved model to model.ckpt-70000.pt
[2026-04-17 23:04:11,028] DEEPMD INFO    batch   71000: trn: rmse = 3.07e-02, rmse_e = 5.29e-04, rmse_f = 2.31e-02, lr = 7.62e-07
[2026-04-17 23:04:11,028] DEEPMD INFO    batch   71000: val: rmse = 3.67e-02, rmse_e = 7.12e-04, rmse_f = 2.76e-02
[2026-04-17 23:04:11,029] DEEPMD INFO    batch   71000: total wall time = 55.65 s, eta = 0:26:53
[2026-04-17 23:05:05,183] DEEPMD INFO    batch   72000: trn: rmse = 2.59e-02, rmse_e = 5.43e-04, rmse_f = 1.95e-02, lr = 7.62e-07
[2026-04-17 23:05:05,183] DEEPMD INFO    batch   72000: val: rmse = 2.64e-02, rmse_e = 4.15e-04, rmse_f = 1.99e-02
[2026-04-17 23:05:05,183] DEEPMD INFO    batch   72000: total wall time = 54.15 s, eta = 0:25:16
[2026-04-17 23:06:00,776] DEEPMD INFO    batch   73000: trn: rmse = 2.90e-02, rmse_e = 7.00e-04, rmse_f = 2.18e-02, lr = 7.62e-07
[2026-04-17 23:06:00,776] DEEPMD INFO    batch   73000: val: rmse = 3.83e-02, rmse_e = 6.21e-04, rmse_f = 2.88e-02
[2026-04-17 23:06:00,777] DEEPMD INFO    batch   73000: total wall time = 55.59 s, eta = 0:25:01
[2026-04-17 23:06:56,758] DEEPMD INFO    batch   74000: trn: rmse = 2.68e-02, rmse_e = 3.10e-04, rmse_f = 2.02e-02, lr = 7.62e-07
[2026-04-17 23:06:56,758] DEEPMD INFO    batch   74000: val: rmse = 2.82e-02, rmse_e = 2.97e-04, rmse_f = 2.13e-02
[2026-04-17 23:06:56,758] DEEPMD INFO    batch   74000: total wall time = 55.98 s, eta = 0:24:15
[2026-04-17 23:07:52,875] DEEPMD INFO    batch   75000: trn: rmse = 2.78e-02, rmse_e = 3.32e-04, rmse_f = 2.09e-02, lr = 7.62e-07
[2026-04-17 23:07:52,875] DEEPMD INFO    batch   75000: val: rmse = 3.07e-02, rmse_e = 5.01e-04, rmse_f = 2.31e-02
[2026-04-17 23:07:52,876] DEEPMD INFO    batch   75000: total wall time = 56.12 s, eta = 0:23:22
[2026-04-17 23:08:48,612] DEEPMD INFO    batch   76000: trn: rmse = 2.29e-02, rmse_e = 2.35e-04, rmse_f = 1.90e-02, lr = 4.56e-07
[2026-04-17 23:08:48,613] DEEPMD INFO    batch   76000: val: rmse = 3.48e-02, rmse_e = 2.93e-04, rmse_f = 2.88e-02
[2026-04-17 23:08:48,613] DEEPMD INFO    batch   76000: total wall time = 55.74 s, eta = 0:22:17
[2026-04-17 23:09:45,210] DEEPMD INFO    batch   77000: trn: rmse = 3.00e-02, rmse_e = 2.22e-04, rmse_f = 2.48e-02, lr = 4.56e-07
[2026-04-17 23:09:45,211] DEEPMD INFO    batch   77000: val: rmse = 2.92e-02, rmse_e = 2.79e-04, rmse_f = 2.42e-02
[2026-04-17 23:09:45,211] DEEPMD INFO    batch   77000: total wall time = 56.60 s, eta = 0:21:41
[2026-04-17 23:10:41,659] DEEPMD INFO    batch   78000: trn: rmse = 2.86e-02, rmse_e = 3.28e-04, rmse_f = 2.37e-02, lr = 4.56e-07
[2026-04-17 23:10:41,659] DEEPMD INFO    batch   78000: val: rmse = 2.40e-02, rmse_e = 2.41e-04, rmse_f = 1.99e-02
[2026-04-17 23:10:41,660] DEEPMD INFO    batch   78000: total wall time = 56.45 s, eta = 0:20:41
[2026-04-17 23:11:36,774] DEEPMD INFO    batch   79000: trn: rmse = 2.75e-02, rmse_e = 2.04e-04, rmse_f = 2.28e-02, lr = 4.56e-07
[2026-04-17 23:11:36,775] DEEPMD INFO    batch   79000: val: rmse = 2.40e-02, rmse_e = 3.39e-04, rmse_f = 1.99e-02
[2026-04-17 23:11:36,775] DEEPMD INFO    batch   79000: total wall time = 55.12 s, eta = 0:19:17
[2026-04-17 23:12:32,158] DEEPMD INFO    batch   80000: trn: rmse = 2.70e-02, rmse_e = 3.13e-04, rmse_f = 2.24e-02, lr = 4.56e-07
[2026-04-17 23:12:32,159] DEEPMD INFO    batch   80000: val: rmse = 2.71e-02, rmse_e = 6.32e-04, rmse_f = 2.24e-02
[2026-04-17 23:12:32,159] DEEPMD INFO    batch   80000: total wall time = 55.38 s, eta = 0:18:27
[2026-04-17 23:12:32,190] DEEPMD INFO    Saved model to model.ckpt-80000.pt
[2026-04-17 23:13:27,284] DEEPMD INFO    batch   81000: trn: rmse = 1.98e-02, rmse_e = 3.42e-04, rmse_f = 1.76e-02, lr = 2.73e-07
[2026-04-17 23:13:27,284] DEEPMD INFO    batch   81000: val: rmse = 2.23e-02, rmse_e = 3.27e-04, rmse_f = 1.98e-02
[2026-04-17 23:13:27,285] DEEPMD INFO    batch   81000: total wall time = 55.13 s, eta = 0:17:27
[2026-04-17 23:14:22,714] DEEPMD INFO    batch   82000: trn: rmse = 2.29e-02, rmse_e = 5.60e-04, rmse_f = 2.03e-02, lr = 2.73e-07
[2026-04-17 23:14:22,714] DEEPMD INFO    batch   82000: val: rmse = 2.96e-02, rmse_e = 1.69e-04, rmse_f = 2.62e-02
[2026-04-17 23:14:22,715] DEEPMD INFO    batch   82000: total wall time = 55.43 s, eta = 0:16:37
[2026-04-17 23:15:19,186] DEEPMD INFO    batch   83000: trn: rmse = 2.04e-02, rmse_e = 3.35e-04, rmse_f = 1.80e-02, lr = 2.73e-07
[2026-04-17 23:15:19,186] DEEPMD INFO    batch   83000: val: rmse = 2.62e-02, rmse_e = 3.03e-04, rmse_f = 2.32e-02
[2026-04-17 23:15:19,187] DEEPMD INFO    batch   83000: total wall time = 56.47 s, eta = 0:16:00
[2026-04-17 23:16:14,509] DEEPMD INFO    batch   84000: trn: rmse = 2.40e-02, rmse_e = 3.59e-04, rmse_f = 2.12e-02, lr = 2.73e-07
[2026-04-17 23:16:14,510] DEEPMD INFO    batch   84000: val: rmse = 3.44e-02, rmse_e = 6.31e-04, rmse_f = 3.05e-02
[2026-04-17 23:16:14,510] DEEPMD INFO    batch   84000: total wall time = 55.32 s, eta = 0:14:45
[2026-04-17 23:17:11,652] DEEPMD INFO    batch   85000: trn: rmse = 2.14e-02, rmse_e = 5.18e-04, rmse_f = 1.89e-02, lr = 2.73e-07
[2026-04-17 23:17:11,653] DEEPMD INFO    batch   85000: val: rmse = 3.40e-02, rmse_e = 6.50e-04, rmse_f = 3.01e-02
[2026-04-17 23:17:11,653] DEEPMD INFO    batch   85000: total wall time = 57.14 s, eta = 0:14:17
[2026-04-17 23:18:08,081] DEEPMD INFO    batch   86000: trn: rmse = 2.27e-02, rmse_e = 1.97e-04, rmse_f = 2.11e-02, lr = 1.63e-07
[2026-04-17 23:18:08,081] DEEPMD INFO    batch   86000: val: rmse = 3.10e-02, rmse_e = 5.86e-04, rmse_f = 2.87e-02
[2026-04-17 23:18:08,082] DEEPMD INFO    batch   86000: total wall time = 56.43 s, eta = 0:13:10
[2026-04-17 23:18:45,940] DEEPMD INFO    batch   87000: trn: rmse = 2.22e-02, rmse_e = 1.58e-04, rmse_f = 2.05e-02, lr = 1.63e-07
[2026-04-17 23:18:45,940] DEEPMD INFO    batch   87000: val: rmse = 2.52e-02, rmse_e = 2.64e-04, rmse_f = 2.34e-02
[2026-04-17 23:18:45,940] DEEPMD INFO    batch   87000: total wall time = 37.86 s, eta = 0:08:12
[2026-04-17 23:19:10,028] DEEPMD INFO    batch   88000: trn: rmse = 2.09e-02, rmse_e = 4.40e-04, rmse_f = 1.94e-02, lr = 1.63e-07
[2026-04-17 23:19:10,028] DEEPMD INFO    batch   88000: val: rmse = 3.40e-02, rmse_e = 4.76e-04, rmse_f = 3.15e-02
[2026-04-17 23:19:10,028] DEEPMD INFO    batch   88000: total wall time = 24.09 s, eta = 0:04:49
[2026-04-17 23:19:33,800] DEEPMD INFO    batch   89000: trn: rmse = 2.46e-02, rmse_e = 5.85e-04, rmse_f = 2.27e-02, lr = 1.63e-07
[2026-04-17 23:19:33,800] DEEPMD INFO    batch   89000: val: rmse = 2.62e-02, rmse_e = 2.71e-04, rmse_f = 2.43e-02
[2026-04-17 23:19:33,800] DEEPMD INFO    batch   89000: total wall time = 23.77 s, eta = 0:04:21
[2026-04-17 23:19:58,401] DEEPMD INFO    batch   90000: trn: rmse = 2.65e-02, rmse_e = 4.92e-04, rmse_f = 2.45e-02, lr = 1.63e-07
[2026-04-17 23:19:58,401] DEEPMD INFO    batch   90000: val: rmse = 3.71e-02, rmse_e = 4.54e-04, rmse_f = 3.44e-02
[2026-04-17 23:19:58,401] DEEPMD INFO    batch   90000: total wall time = 24.60 s, eta = 0:04:06
[2026-04-17 23:19:58,429] DEEPMD INFO    Saved model to model.ckpt-90000.pt
[2026-04-17 23:20:22,824] DEEPMD INFO    batch   91000: trn: rmse = 2.57e-02, rmse_e = 4.48e-04, rmse_f = 2.45e-02, lr = 9.79e-08
[2026-04-17 23:20:22,825] DEEPMD INFO    batch   91000: val: rmse = 2.22e-02, rmse_e = 2.30e-04, rmse_f = 2.12e-02
[2026-04-17 23:20:22,825] DEEPMD INFO    batch   91000: total wall time = 24.42 s, eta = 0:03:39
[2026-04-17 23:20:47,504] DEEPMD INFO    batch   92000: trn: rmse = 2.03e-02, rmse_e = 3.40e-04, rmse_f = 1.93e-02, lr = 9.79e-08
[2026-04-17 23:20:47,504] DEEPMD INFO    batch   92000: val: rmse = 2.17e-02, rmse_e = 1.63e-04, rmse_f = 2.07e-02
[2026-04-17 23:20:47,504] DEEPMD INFO    batch   92000: total wall time = 24.68 s, eta = 0:03:17
[2026-04-17 23:21:11,625] DEEPMD INFO    batch   93000: trn: rmse = 2.28e-02, rmse_e = 6.09e-04, rmse_f = 2.17e-02, lr = 9.79e-08
[2026-04-17 23:21:11,625] DEEPMD INFO    batch   93000: val: rmse = 3.40e-02, rmse_e = 5.31e-04, rmse_f = 3.24e-02
[2026-04-17 23:21:11,626] DEEPMD INFO    batch   93000: total wall time = 24.12 s, eta = 0:02:48
[2026-04-17 23:21:36,912] DEEPMD INFO    batch   94000: trn: rmse = 2.47e-02, rmse_e = 3.29e-04, rmse_f = 2.35e-02, lr = 9.79e-08
[2026-04-17 23:21:36,912] DEEPMD INFO    batch   94000: val: rmse = 2.26e-02, rmse_e = 2.54e-04, rmse_f = 2.15e-02
[2026-04-17 23:21:36,912] DEEPMD INFO    batch   94000: total wall time = 25.29 s, eta = 0:02:31
[2026-04-17 23:22:00,860] DEEPMD INFO    batch   95000: trn: rmse = 2.51e-02, rmse_e = 3.53e-04, rmse_f = 2.40e-02, lr = 9.79e-08
[2026-04-17 23:22:00,860] DEEPMD INFO    batch   95000: val: rmse = 2.87e-02, rmse_e = 4.89e-04, rmse_f = 2.74e-02
[2026-04-17 23:22:00,861] DEEPMD INFO    batch   95000: total wall time = 23.95 s, eta = 0:01:59
[2026-04-17 23:22:25,282] DEEPMD INFO    batch   96000: trn: rmse = 2.55e-02, rmse_e = 6.25e-04, rmse_f = 2.48e-02, lr = 5.86e-08
[2026-04-17 23:22:25,282] DEEPMD INFO    batch   96000: val: rmse = 2.17e-02, rmse_e = 4.32e-04, rmse_f = 2.10e-02
[2026-04-17 23:22:25,282] DEEPMD INFO    batch   96000: total wall time = 24.42 s, eta = 0:01:37
[2026-04-17 23:22:49,281] DEEPMD INFO    batch   97000: trn: rmse = 2.62e-02, rmse_e = 8.62e-04, rmse_f = 2.53e-02, lr = 5.86e-08
[2026-04-17 23:22:49,281] DEEPMD INFO    batch   97000: val: rmse = 2.85e-02, rmse_e = 3.63e-04, rmse_f = 2.77e-02
[2026-04-17 23:22:49,281] DEEPMD INFO    batch   97000: total wall time = 24.00 s, eta = 0:01:11
[2026-04-17 23:23:13,459] DEEPMD INFO    batch   98000: trn: rmse = 1.23e-02, rmse_e = 2.90e-04, rmse_f = 1.20e-02, lr = 5.86e-08
[2026-04-17 23:23:13,459] DEEPMD INFO    batch   98000: val: rmse = 3.45e-02, rmse_e = 5.61e-04, rmse_f = 3.35e-02
[2026-04-17 23:23:13,460] DEEPMD INFO    batch   98000: total wall time = 24.18 s, eta = 0:00:48
[2026-04-17 23:23:38,016] DEEPMD INFO    batch   99000: trn: rmse = 2.21e-02, rmse_e = 4.12e-04, rmse_f = 2.15e-02, lr = 5.86e-08
[2026-04-17 23:23:38,017] DEEPMD INFO    batch   99000: val: rmse = 3.14e-02, rmse_e = 1.71e-04, rmse_f = 3.05e-02
[2026-04-17 23:23:38,018] DEEPMD INFO    batch   99000: total wall time = 24.56 s, eta = 0:00:24
[2026-04-17 23:24:02,858] DEEPMD INFO    batch  100000: trn: rmse = 2.23e-02, rmse_e = 3.50e-04, rmse_f = 2.17e-02, lr = 5.86e-08
[2026-04-17 23:24:02,858] DEEPMD INFO    batch  100000: val: rmse = 3.28e-02, rmse_e = 4.02e-04, rmse_f = 3.19e-02
[2026-04-17 23:24:02,858] DEEPMD INFO    batch  100000: total wall time = 24.84 s, eta = 0:00:00
[2026-04-17 23:24:02,885] DEEPMD INFO    Saved model to model.ckpt-100000.pt
[2026-04-17 23:24:02,886] DEEPMD INFO    average training time: 0.0514 s/batch (1000 batches excluded)
[2026-04-17 23:24:02,887] DEEPMD INFO    Trained model has been saved to: model.ckpt
2026-04-17 23:24:03,697 - sparc.src.deepmd - INFO - Training completed successfully
2026-04-17 23:24:03,697 - INFO - Training completed successfully
[SPARC][INFO] Freezing model: dp --pt freeze -o frozen_model_3.pth
To get the best performance, it is recommended to adjust the number of threads by setting the environment variables OMP_NUM_THREADS, DP_INTRA_OP_PARALLELISM_THREADS, and DP_INTER_OP_PARALLELISM_THREADS. See https://deepmd.rtfd.io/parallelism/ for more information.
/home/rverma7/anaconda3/envs/sparcGNN/lib/python3.10/site-packages/e3nn/o3/_wigner.py:10: UserWarning: Environment variable TORCH_FORCE_NO_WEIGHTS_ONLY_LOAD detected, since the`weights_only` argument was not explicitly passed to `torch.load`, forcing weights_only=False.
  _Jd, _W3j_flat, _W3j_indices = torch.load(os.path.join(os.path.dirname(__file__), 'constants.pt'))
/home/rverma7/anaconda3/envs/sparcGNN/lib/python3.10/site-packages/nequip/__init__.py:20: UserWarning: !! PyTorch version 2.6.0 found. Upstream issues in PyTorch versions 1.13.* and 2.* have been seen to cause unusual performance degredations on some CUDA systems that become worse over time; see https://github.com/mir-group/nequip/discussions/311. The best tested PyTorch version to use with CUDA devices is 1.11; while using other versions if you observe this problem, an unexpected lack of this problem, or other strange behavior, please post in the linked GitHub issue.
  warnings.warn(
[2026-04-17 23:24:06,362] DEEPMD INFO    DeePMD version: 3.1.1
[2026-04-17 23:24:07,049] DEEPMD INFO    Saved frozen model to frozen_model_3.pth
2026-04-17 23:24:07,728 - sparc.src.deepmd - INFO - Model frozen successfully
2026-04-17 23:24:07,728 - INFO - Model frozen successfully
[SPARC][INFO] ================================================================================
[SPARC][INFO] DeepMD Model Evaluation Results
[SPARC][INFO] --------------------------------------------------------------------------------
[SPARC][INFO] [2026-04-17 23:24:09,205] DEEPMD WARNING To get the best performance, it is recommended to adjust the number of threads by setting the environment variables OMP_NUM_THREADS, DP_INTRA_OP_PARALLELISM_THREADS, and DP_INTER_OP_PARALLELISM_THREADS. See https://deepmd.rtfd.io/parallelism/ for more information.
/home/rverma7/anaconda3/envs/sparcGNN/lib/python3.10/site-packages/e3nn/o3/_wigner.py:10: UserWarning: Environment variable TORCH_FORCE_NO_WEIGHTS_ONLY_LOAD detected, since the`weights_only` argument was not explicitly passed to `torch.load`, forcing weights_only=False.
  _Jd, _W3j_flat, _W3j_indices = torch.load(os.path.join(os.path.dirname(__file__), 'constants.pt'))
/home/rverma7/anaconda3/envs/sparcGNN/lib/python3.10/site-packages/nequip/__init__.py:20: UserWarning: !! PyTorch version 2.6.0 found. Upstream issues in PyTorch versions 1.13.* and 2.* have been seen to cause unusual performance degredations on some CUDA systems that become worse over time; see https://github.com/mir-group/nequip/discussions/311. The best tested PyTorch version to use with CUDA devices is 1.11; while using other versions if you observe this problem, an unexpected lack of this problem, or other strange behavior, please post in the linked GitHub issue.
  warnings.warn(
[2026-04-17 23:24:11,039] DEEPMD INFO    # ---------------output of dp test--------------- 
[2026-04-17 23:24:11,039] DEEPMD INFO    # testing system : /home/rverma7/My_Program/0.3_sparc/examples/CP2K/workflow/DeePMD_training/00.data/validation_data
[2026-04-17 23:24:12,032] DEEPMD INFO    # number of test data : 51 
[2026-04-17 23:24:12,032] DEEPMD INFO    Energy MAE         : 2.659580e-03 eV
[2026-04-17 23:24:12,032] DEEPMD INFO    Energy RMSE        : 3.552987e-03 eV
[2026-04-17 23:24:12,032] DEEPMD INFO    Energy MAE/Natoms  : 3.324475e-04 eV
[2026-04-17 23:24:12,032] DEEPMD INFO    Energy RMSE/Natoms : 4.441234e-04 eV
[2026-04-17 23:24:12,032] DEEPMD INFO    Force  MAE         : 1.845645e-02 eV/Å
[2026-04-17 23:24:12,032] DEEPMD INFO    Force  RMSE        : 2.566473e-02 eV/Å
[2026-04-17 23:24:12,032] DEEPMD INFO    # ----------------------------------------------- 
[2026-04-17 23:24:12,032] DEEPMD INFO    # ----------weighted average of errors----------- 
[2026-04-17 23:24:12,032] DEEPMD INFO    # number of systems : 1
[2026-04-17 23:24:12,032] DEEPMD INFO    Energy MAE         : 2.659580e-03 eV
[2026-04-17 23:24:12,032] DEEPMD INFO    Energy RMSE        : 3.552987e-03 eV
[2026-04-17 23:24:12,032] DEEPMD INFO    Energy MAE/Natoms  : 3.324475e-04 eV
[2026-04-17 23:24:12,032] DEEPMD INFO    Energy RMSE/Natoms : 4.441234e-04 eV
[2026-04-17 23:24:12,032] DEEPMD INFO    Force  MAE         : 1.845645e-02 eV/Å
[2026-04-17 23:24:12,032] DEEPMD INFO    Force  RMSE        : 2.566473e-02 eV/Å
[2026-04-17 23:24:12,032] DEEPMD INFO    # -----------------------------------------------
[SPARC][INFO] ================================================================================
[SPARC][INFO] ================================================================================
[SPARC][INFO] Running 2 ML-MD with updated models (NVT-Nose)
[SPARC][INFO] Restart Exploration: ENABLED (frame: ('candidates',))
[SPARC][INFO] ================================================================================
[SPARC][WARNING]  Warning: Could not load from previous iteration: Invalid restart_mode: ('candidates',). Options: 'last', 'random', 'candidates'
[SPARC][INFO]  Falling back to original structure
[SPARC][INFO] --------------------------------------------------------------------------------
[SPARC][INFO] DeepPotential model successfully loaded and tested:
[SPARC][INFO]   Model: iter_000000/01.train/training_1/frozen_model_1.pth
[SPARC][INFO]   Backend: PYTORCH
[SPARC][INFO] --------------------------------------------------------------------------------
[SPARC][INFO] ================================================================================

[SPARC][INFO]             MACHINE LEARNING POTENTIAL MD SIMULATION FOR [NVT-Nose]             

[SPARC][INFO] Output Logfile: Iter1_dpmd_0.log
[SPARC][INFO] ================================================================================

[SPARC][INFO] 
[SPARC][INFO] Step     Epot (eV)    Ekin (eV)    Temp (K)   P (GPa)    V (Ang^3) 
[SPARC][INFO] --------------------------------------------------------------------------------
[SPARC][INFO] 0          -439.8371      0.3619    350.00    0.2001   1728.00
[SPARC][INFO] ***********************************************************
[SPARC][INFO] Reference Potential Energy (Step 0): -440.296351 eV
[SPARC][INFO] Threshold limit: +/- 2.50 eV
[SPARC][INFO] ***********************************************************
[SPARC][INFO] 200        -440.4698      0.4324    418.15   -0.0301   1728.00
[SPARC][INFO] 400        -440.6598      0.6460    624.71    0.0749   1728.00
[SPARC][INFO] 600        -440.3658      0.4079    394.48    0.0567   1728.00
[SPARC][INFO] 800        -440.2716      0.2226    215.22    0.0212   1728.00
[SPARC][INFO] 1000       -440.2366      0.5857    566.42   -0.1184   1728.00
[SPARC][INFO] 1200       -440.2792      0.1514    146.41   -0.2328   1728.00
[SPARC][INFO] 1400       -440.1574      0.4281    414.02   -0.0881   1728.00
[SPARC][INFO] 1600       -440.3852      0.4071    393.68    0.2417   1728.00
[SPARC][INFO] 1800       -440.3704      0.2985    288.66    0.0417   1728.00
[SPARC][INFO] 2000       -440.3498      0.5326    515.05    0.0811   1728.00
[SPARC][INFO] 2200       -440.4586      0.3021    292.12   -0.0484   1728.00
[SPARC][INFO] 2400       -440.5150      0.5023    485.72   -0.2120   1728.00
[SPARC][INFO] 2600       -440.4485      0.4018    388.58    0.1042   1728.00
[SPARC][INFO] 2800       -440.3851      0.2844    274.99   -0.0919   1728.00
[SPARC][INFO] 3000       -440.3139      0.2721    263.10   -0.1977   1728.00
[SPARC][INFO] 3200       -440.3824      0.4278    413.69   -0.2336   1728.00
[SPARC][INFO] 3400       -440.3904      0.3644    352.41   -0.1878   1728.00
[SPARC][INFO] 3600       -440.3287      0.2829    273.55    0.0631   1728.00
[SPARC][INFO] 3800       -440.4528      0.3381    327.00    0.0441   1728.00
[SPARC][INFO] 4000       -440.3587      0.3460    334.58   -0.1692   1728.00
[SPARC][INFO] 4200       -440.4915      0.2330    225.28   -0.1897   1728.00
[SPARC][INFO] 4400       -440.4200      0.3783    365.81    0.2634   1728.00
[SPARC][INFO] 4600       -440.6253      0.2991    289.20   -0.0808   1728.00
[SPARC][INFO] 4800       -440.5490      0.2322    224.57   -0.1335   1728.00
[SPARC][INFO] 5000       -440.4387      0.3503    338.75    0.1433   1728.00
[SPARC][WARNING]  Warning: Could not load from previous iteration: Invalid restart_mode: ('candidates',). Options: 'last', 'random', 'candidates'
[SPARC][INFO]  Falling back to original structure
[SPARC][INFO] --------------------------------------------------------------------------------
[SPARC][INFO] DeepPotential model successfully loaded and tested:
[SPARC][INFO]   Model: iter_000000/01.train/training_1/frozen_model_1.pth
[SPARC][INFO]   Backend: PYTORCH
[SPARC][INFO] --------------------------------------------------------------------------------
[SPARC][INFO] ================================================================================

[SPARC][INFO]             MACHINE LEARNING POTENTIAL MD SIMULATION FOR [NVT-Nose]             

[SPARC][INFO] Output Logfile: Iter1_dpmd_1.log
[SPARC][INFO] ================================================================================

[SPARC][INFO] 
[SPARC][INFO] Step     Epot (eV)    Ekin (eV)    Temp (K)   P (GPa)    V (Ang^3) 
[SPARC][INFO] --------------------------------------------------------------------------------
[SPARC][INFO] 0          -439.8371      0.3619    350.00    0.2001   1728.00
[SPARC][INFO] ***********************************************************
[SPARC][INFO] Reference Potential Energy (Step 0): -440.250491 eV
[SPARC][INFO] Threshold limit: +/- 2.50 eV
[SPARC][INFO] ***********************************************************
[SPARC][INFO] 200        -440.4327      0.3816    368.98   -0.0348   1728.00
[SPARC][INFO] 400        -440.2915      0.2840    274.61    0.1482   1728.00
[SPARC][INFO] 600        -440.1627      0.1339    129.45    0.3713   1728.00
[SPARC][INFO] 800        -440.3798      0.3531    341.43    0.0553   1728.00
[SPARC][INFO] 1000       -440.1737      0.3857    373.00    0.2015   1728.00
[SPARC][INFO] 1200       -440.3532      0.1962    189.71    0.2138   1728.00
[SPARC][INFO] 1400       -440.1633      0.3320    321.11   -0.1026   1728.00
[SPARC][INFO] 1600       -440.5649      0.5127    495.83   -0.1348   1728.00
[SPARC][INFO] 1800       -440.5372      0.4855    469.50    0.0071   1728.00
[SPARC][INFO] 2000       -440.4642      0.5662    547.56    0.0253   1728.00
[SPARC][INFO] 2200       -440.6067      0.4353    420.96    0.1403   1728.00
[SPARC][INFO] 2400       -440.5609      0.5636    544.99    0.0644   1728.00
[SPARC][INFO] 2600       -440.3963      0.2402    232.30   -0.1583   1728.00
[SPARC][INFO] 2800       -440.2060      0.1736    167.91   -0.2790   1728.00
[SPARC][INFO] 3000       -440.2667      0.2277    220.23   -0.2453   1728.00
[SPARC][INFO] 3200       -440.5011      0.1121    108.44   -0.0243   1728.00
[SPARC][INFO] 3400       -440.5128      0.3730    360.67   -0.0136   1728.00
[SPARC][INFO] 3600       -440.5341      0.6260    605.38   -0.0667   1728.00
[SPARC][INFO] 3800       -440.5688      0.3567    344.99   -0.1425   1728.00
[SPARC][INFO] 4000       -440.5175      0.4939    477.59   -0.0431   1728.00
[SPARC][INFO] 4200       -440.3663      0.3573    345.52    0.0852   1728.00
[SPARC][INFO] 4400       -440.4470      0.2771    267.95    0.0589   1728.00
[SPARC][INFO] 4600       -440.4932      0.6205    600.00   -0.1208   1728.00
[SPARC][INFO] 4800       -440.3642      0.2882    278.68   -0.0559   1728.00
[SPARC][INFO] 5000       -440.2524      0.3777    365.21   -0.0752   1728.00
[SPARC][INFO] 
[SPARC][INFO] QUERY-BY-COMMITTEE: MODEL DEVIATION ANALYSIS
[SPARC][INFO] --------------------------------------------------------------------------------
[SPARC][INFO] Iteration                      1
[SPARC][INFO] Number of models               3
[SPARC][INFO] Deviation range                [0.10, 0.35] eV/Å
[SPARC][INFO] --------------------------------------------------------------------------------
[SPARC][INFO] ================================================================================
[SPARC][INFO]                     Model Path: iter_000001/01.train                    
[SPARC][INFO] ================================================================================
[SPARC][INFO] ================================================================================
[SPARC][INFO]                       Using the following models:                       
[SPARC][INFO] ================================================================================
[SPARC][INFO]                            frozen_model_1.pth                           
[SPARC][INFO]                            frozen_model_2.pth                           
[SPARC][INFO]                            frozen_model_3.pth                           
[SPARC][INFO] ================================================================================
[2026-04-17 23:26:17,097] DEEPMD WARNING To get the best performance, it is recommended to adjust the number of threads by setting the environment variables OMP_NUM_THREADS, DP_INTRA_OP_PARALLELISM_THREADS, and DP_INTER_OP_PARALLELISM_THREADS. See https://deepmd.rtfd.io/parallelism/ for more information.
/home/rverma7/anaconda3/envs/sparcGNN/lib/python3.10/site-packages/e3nn/o3/_wigner.py:10: UserWarning: Environment variable TORCH_FORCE_NO_WEIGHTS_ONLY_LOAD detected, since the`weights_only` argument was not explicitly passed to `torch.load`, forcing weights_only=False.
  _Jd, _W3j_flat, _W3j_indices = torch.load(os.path.join(os.path.dirname(__file__), 'constants.pt'))
/home/rverma7/anaconda3/envs/sparcGNN/lib/python3.10/site-packages/nequip/__init__.py:20: UserWarning: !! PyTorch version 2.6.0 found. Upstream issues in PyTorch versions 1.13.* and 2.* have been seen to cause unusual performance degredations on some CUDA systems that become worse over time; see https://github.com/mir-group/nequip/discussions/311. The best tested PyTorch version to use with CUDA devices is 1.11; while using other versions if you observe this problem, an unexpected lack of this problem, or other strange behavior, please post in the linked GitHub issue.
  warnings.warn(
[2026-04-17 23:26:20,048] DEEPMD INFO    Adjust batch size from 1024 to 2048
[2026-04-17 23:26:20,733] DEEPMD INFO    Adjust batch size from 2048 to 4096
[2026-04-17 23:26:21,958] DEEPMD INFO    Adjust batch size from 1024 to 2048
[2026-04-17 23:26:22,621] DEEPMD INFO    Adjust batch size from 2048 to 4096
[2026-04-17 23:26:23,840] DEEPMD INFO    Adjust batch size from 1024 to 2048
[2026-04-17 23:26:24,500] DEEPMD INFO    Adjust batch size from 2048 to 4096
[SPARC][INFO] ================================================================================
[SPARC][INFO]           Model deviation calculation completed successfully!           
[SPARC][INFO]          Results saved in: iter_000001/02.dpmd/model_dev_1.out          
[SPARC][INFO] ================================================================================
[SPARC][INFO] ================================================================================
[SPARC][INFO] Selection Summary:
[SPARC][INFO]   Candidates in deviation range [0.10, 0.35] eV/Å: 5
[SPARC][INFO]   Skipped (RMSD < 0.050 Å): 3
[SPARC][INFO]   Final selected structures: 2
[SPARC][INFO]   Candidates trajectory: iter_000001/02.dpmd/dft_candidates/candidates.extxyz
[SPARC][INFO]   RMSD details written to: iter_000001/02.dpmd/dft_candidates/rmsd_filtering.dat
[SPARC][INFO] ==========================================================================================

[SPARC][INFO] Candidate summary saved to: iter_000001/02.dpmd/dft_candidates/candidates_summary.csv

[SPARC][INFO] 
[SPARC][INFO] --------------------------------------------------------------------------------
[SPARC][INFO]                          ACTIVE LEARNING ITERATION 2/4                          
[SPARC][INFO] --------------------------------------------------------------------------------
[SPARC][INFO] Iteration Directory            iter_000002
[SPARC][INFO] 
[SPARC][INFO] MD Configuration:
[SPARC][INFO]   Ensemble                     NVT
[SPARC][INFO]   Thermostat                   Nose
[SPARC][INFO]   Temperature                  350.0 K
[SPARC][INFO]   MD Steps                     5000
[SPARC][INFO]   Timestep                     1.00 fs
[SPARC][INFO]   Log Frequency                20
[SPARC][INFO] Restart Exploration            DISABLED (iteration 0)
[SPARC][INFO] 
[SPARC][INFO] Model Deviation Criteria:
[SPARC][INFO]   Min Force Deviation          0.1 eV/Ang.
[SPARC][INFO]   Max Force Deviation          0.35 eV/Ang.
[SPARC][INFO] 
[SPARC][INFO] Training Configuration:
[SPARC][INFO]   Number of Models             3
[SPARC][INFO]   Training Data Dir            DeePMD_training/00.data
[SPARC][INFO] 
[SPARC][INFO] ================================================================================
[SPARC][INFO] 
[SPARC][INFO] Creating Directories for Iteration: 000002
[SPARC][INFO] ================================================================================
[SPARC][INFO] ├── iter_000002
[SPARC][INFO] │   ├── 00.dft
[SPARC][INFO] │   ├── 01.train
[SPARC][INFO] │   └── 02.dpmd
[SPARC][INFO] ================================================================================
[SPARC][INFO] Iteration 2 | Computing DFT energies/forces for 2 candidates
[SPARC][INFO] ================================================================================
[SPARC][INFO] 
[SPARC][INFO] Setting up CP2K calculator...
[SPARC][INFO] CP2K calculator setup successfully
[SPARC][INFO] Candidate:     1 | Epot: -439.993830 [eV]
[SPARC][INFO] Candidate:     2 | Epot: -440.099027 [eV]
[SPARC][INFO] ================================================================================
[SPARC][INFO] Processing Data for MLIP Re-Training
[SPARC][INFO] ================================================================================
[SPARC][INFO]   Loaded 255 existing frames from TrajCombined.traj
[SPARC][INFO]   Iteration [2]
[SPARC][INFO]    → Checking File : iter_000002/00.dft/AseMD.traj
[SPARC][INFO]    → Added Frames  : 2

[SPARC][INFO] ================================================================================
[SPARC][INFO]                 Total Frames in Combined Trajectory: 257                
[SPARC][INFO] ================================================================================
[SPARC][INFO] Loaded 257 frames
[SPARC][INFO] 
[SPARC][INFO] DATA PROCESSING
[SPARC][INFO] -----------------
[SPARC][INFO] Trajectory file                TrajCombined.traj
[SPARC][INFO] Total frames                   257
[SPARC][INFO] Frames used                    257
[SPARC][INFO] Training frames                205 (80%)
[SPARC][INFO] Validation frames              52 (20%)
[SPARC][INFO] 
[SPARC][INFO] Original directory: /home/rverma7/My_Program/0.3_sparc/examples/CP2K/workflow
[SPARC][INFO] ================================================================================
[SPARC][INFO]  DeePMD-kit v3 Training
[SPARC][INFO]  Backend: PYTORCH
[SPARC][INFO] ================================================================================
[SPARC][INFO] ================================================================================
[SPARC][INFO]  Training Model 1/3
[SPARC][INFO]  Directory: iter_000002/01.train/training_1
[SPARC][INFO] ================================================================================
2026-04-17 23:44:53,055 - sparc.src.deepmd - INFO - Training directory: iter_000002/01.train/training_1
2026-04-17 23:44:53,055 - INFO - Training directory: iter_000002/01.train/training_1
[SPARC][INFO]  Training Model 1/3
[SPARC][INFO] Directory                      iter_000002/01.train/training_1
[SPARC][INFO] Running command: dp --pt train input.json
To get the best performance, it is recommended to adjust the number of threads by setting the environment variables OMP_NUM_THREADS, DP_INTRA_OP_PARALLELISM_THREADS, and DP_INTER_OP_PARALLELISM_THREADS. See https://deepmd.rtfd.io/parallelism/ for more information.
/home/rverma7/anaconda3/envs/sparcGNN/lib/python3.10/site-packages/e3nn/o3/_wigner.py:10: UserWarning: Environment variable TORCH_FORCE_NO_WEIGHTS_ONLY_LOAD detected, since the`weights_only` argument was not explicitly passed to `torch.load`, forcing weights_only=False.
  _Jd, _W3j_flat, _W3j_indices = torch.load(os.path.join(os.path.dirname(__file__), 'constants.pt'))
/home/rverma7/anaconda3/envs/sparcGNN/lib/python3.10/site-packages/nequip/__init__.py:20: UserWarning: !! PyTorch version 2.6.0 found. Upstream issues in PyTorch versions 1.13.* and 2.* have been seen to cause unusual performance degredations on some CUDA systems that become worse over time; see https://github.com/mir-group/nequip/discussions/311. The best tested PyTorch version to use with CUDA devices is 1.11; while using other versions if you observe this problem, an unexpected lack of this problem, or other strange behavior, please post in the linked GitHub issue.
  warnings.warn(
[2026-04-17 23:44:55,679] DEEPMD INFO    DeePMD version: 3.1.1
[2026-04-17 23:44:55,680] DEEPMD INFO    Configuration path: input.json
[2026-04-17 23:44:55,697] DEEPMD INFO     _____               _____   __  __  _____           _     _  _   
[2026-04-17 23:44:55,697] DEEPMD INFO    |  __ \             |  __ \ |  \/  ||  __ \         | |   (_)| |  
[2026-04-17 23:44:55,697] DEEPMD INFO    | |  | |  ___   ___ | |__) || \  / || |  | | ______ | | __ _ | |_ 
[2026-04-17 23:44:55,697] DEEPMD INFO    | |  | | / _ \ / _ \|  ___/ | |\/| || |  | ||______|| |/ /| || __|
[2026-04-17 23:44:55,697] DEEPMD INFO    | |__| ||  __/|  __/| |     | |  | || |__| |        |   < | || |_ 
[2026-04-17 23:44:55,697] DEEPMD INFO    |_____/  \___| \___||_|     |_|  |_||_____/         |_|\_\|_| \__|
[2026-04-17 23:44:55,697] DEEPMD INFO    Please read and cite:
[2026-04-17 23:44:55,697] DEEPMD INFO    Wang, Zhang, Han and E, Comput.Phys.Comm. 228, 178-184 (2018)
[2026-04-17 23:44:55,697] DEEPMD INFO    Zeng et al, J. Chem. Phys., 159, 054801 (2023)
[2026-04-17 23:44:55,697] DEEPMD INFO    Zeng et al, J. Chem. Theory Comput., 21, 4375-4385 (2025)
[2026-04-17 23:44:55,697] DEEPMD INFO    See https://deepmd.rtfd.io/credits/ for details.
[2026-04-17 23:44:55,697] DEEPMD INFO    ------------------------------------------------------------------------------------------------------------------------------
[2026-04-17 23:44:55,697] DEEPMD INFO    installed to:          /home/rverma7/anaconda3/envs/sparcGNN/lib/python3.10/site-packages/deepmd
[2026-04-17 23:44:55,697] DEEPMD INFO    source:                
[2026-04-17 23:44:55,697] DEEPMD INFO    source branch:         HEAD
[2026-04-17 23:44:55,697] DEEPMD INFO    source commit:         9b566bf
[2026-04-17 23:44:55,698] DEEPMD INFO    source commit at:      2025-10-01 20:34:25 +0200
[2026-04-17 23:44:55,698] DEEPMD INFO    use float prec:        double
[2026-04-17 23:44:55,698] DEEPMD INFO    build variant:         cuda
[2026-04-17 23:44:55,698] DEEPMD INFO    Backend:               PyTorch
[2026-04-17 23:44:55,698] DEEPMD INFO    PT ver:                v2.6.0-gUnknown
[2026-04-17 23:44:55,698] DEEPMD INFO    Enable custom OP:      True
[2026-04-17 23:44:55,698] DEEPMD INFO    build with PT ver:     2.6.0
[2026-04-17 23:44:55,698] DEEPMD INFO    build with PT inc:     /home/rverma7/anaconda3/envs/sparcGNN/lib/python3.10/site-packages/torch/include
[2026-04-17 23:44:55,698] DEEPMD INFO                           /home/rverma7/anaconda3/envs/sparcGNN/lib/python3.10/site-packages/torch/include/torch/csrc/api/include
[2026-04-17 23:44:55,698] DEEPMD INFO    build with PT lib:     /home/rverma7/anaconda3/envs/sparcGNN/lib/python3.10/site-packages/torch/lib
[2026-04-17 23:44:55,698] DEEPMD INFO    running on:            cbe-dt-319.che.ncsu.edu
[2026-04-17 23:44:55,698] DEEPMD INFO    computing device:      cuda:0
[2026-04-17 23:44:55,698] DEEPMD INFO    CUDA_VISIBLE_DEVICES:  unset
[2026-04-17 23:44:55,698] DEEPMD INFO    Count of visible GPUs: 2
[2026-04-17 23:44:55,698] DEEPMD INFO    num_intra_threads:     0
[2026-04-17 23:44:55,698] DEEPMD INFO    num_inter_threads:     0
[2026-04-17 23:44:55,698] DEEPMD INFO    ------------------------------------------------------------------------------------------------------------------------------
[2026-04-17 23:44:55,734] DEEPMD INFO    Calculate neighbor statistics... (add --skip-neighbor-stat to skip this step)
[2026-04-17 23:44:56,039] DEEPMD INFO    Adjust batch size from 1024 to 2048
[2026-04-17 23:44:56,084] DEEPMD INFO    Neighbor statistics: training data with minimal neighbor distance: 0.956954
[2026-04-17 23:44:56,084] DEEPMD INFO    Neighbor statistics: training data with maximum neighbor size: [1 6 1] (cutoff radius: 6.000000)
[2026-04-17 23:44:56,085] DEEPMD INFO    Constructing DataLoaders from 1 systems
[2026-04-17 23:44:56,091] DEEPMD INFO    Constructing DataLoaders from 1 systems
[2026-04-17 23:44:56,128] DEEPMD INFO    Packing data for statistics from 1 systems
[2026-04-17 23:44:56,330] DEEPMD INFO    RMSE of energy per atom after linear regression is: 0.0161302836317598 in the unit of energy.
[2026-04-17 23:44:56,331] DEEPMD INFO    ---Summary of DataSystem: training     -----------------------------------------------
[2026-04-17 23:44:56,331] DEEPMD INFO    found 1 system(s):
[2026-04-17 23:44:56,332] DEEPMD INFO                                        system  natoms  bch_sz   n_bch       prob  pbc
[2026-04-17 23:44:56,332] DEEPMD INFO    -- w/DeePMD_training/00.data/training_data       8       4      51  1.000e+00    T
[2026-04-17 23:44:56,332] DEEPMD INFO    --------------------------------------------------------------------------------------
[2026-04-17 23:44:56,332] DEEPMD INFO    ---Summary of DataSystem: validation   -----------------------------------------------
[2026-04-17 23:44:56,332] DEEPMD INFO    found 1 system(s):
[2026-04-17 23:44:56,332] DEEPMD INFO                                        system  natoms  bch_sz   n_bch       prob  pbc
[2026-04-17 23:44:56,332] DEEPMD INFO    -- DeePMD_training/00.data/validation_data       8       4      13  1.000e+00    T
[2026-04-17 23:44:56,332] DEEPMD INFO    --------------------------------------------------------------------------------------
[2026-04-17 23:44:56,333] DEEPMD INFO    Start to train 100000 steps.
[2026-04-17 23:44:57,037] DEEPMD INFO    batch       1: trn: rmse = 3.89e+01, rmse_e = 1.73e-02, rmse_f = 1.23e+00, lr = 1.00e-03
[2026-04-17 23:44:57,037] DEEPMD INFO    batch       1: val: rmse = 4.31e+01, rmse_e = 5.89e-01, rmse_f = 1.36e+00
[2026-04-17 23:44:57,037] DEEPMD INFO    batch       1: total wall time = 0.70 s, eta = 19:33:25
[2026-04-17 23:45:21,347] DEEPMD INFO    batch    1000: trn: rmse = 6.59e+00, rmse_e = 5.91e-01, rmse_f = 2.08e-01, lr = 1.00e-03
[2026-04-17 23:45:21,348] DEEPMD INFO    batch    1000: val: rmse = 7.38e+00, rmse_e = 5.60e-01, rmse_f = 2.33e-01
[2026-04-17 23:45:21,348] DEEPMD INFO    batch    1000: total wall time = 24.31 s, eta = 0:40:06
[2026-04-17 23:45:46,115] DEEPMD INFO    batch    2000: trn: rmse = 4.63e+00, rmse_e = 4.34e-02, rmse_f = 1.47e-01, lr = 1.00e-03
[2026-04-17 23:45:46,115] DEEPMD INFO    batch    2000: val: rmse = 4.04e+00, rmse_e = 3.79e-02, rmse_f = 1.28e-01
[2026-04-17 23:45:46,115] DEEPMD INFO    batch    2000: total wall time = 24.77 s, eta = 0:40:27
[2026-04-17 23:46:10,674] DEEPMD INFO    batch    3000: trn: rmse = 4.57e+00, rmse_e = 5.58e-02, rmse_f = 1.45e-01, lr = 1.00e-03
[2026-04-17 23:46:10,675] DEEPMD INFO    batch    3000: val: rmse = 3.37e+00, rmse_e = 5.14e-02, rmse_f = 1.07e-01
[2026-04-17 23:46:10,675] DEEPMD INFO    batch    3000: total wall time = 24.56 s, eta = 0:39:42
[2026-04-17 23:46:35,105] DEEPMD INFO    batch    4000: trn: rmse = 2.94e+00, rmse_e = 4.41e-03, rmse_f = 9.28e-02, lr = 1.00e-03
[2026-04-17 23:46:35,105] DEEPMD INFO    batch    4000: val: rmse = 4.12e+00, rmse_e = 6.85e-03, rmse_f = 1.30e-01
[2026-04-17 23:46:35,105] DEEPMD INFO    batch    4000: total wall time = 24.43 s, eta = 0:39:05
[2026-04-17 23:46:59,485] DEEPMD INFO    batch    5000: trn: rmse = 2.95e+00, rmse_e = 2.62e-02, rmse_f = 9.33e-02, lr = 1.00e-03
[2026-04-17 23:46:59,485] DEEPMD INFO    batch    5000: val: rmse = 3.69e+00, rmse_e = 1.68e-02, rmse_f = 1.17e-01
[2026-04-17 23:46:59,486] DEEPMD INFO    batch    5000: total wall time = 24.38 s, eta = 0:38:36
[2026-04-17 23:47:24,221] DEEPMD INFO    batch    6000: trn: rmse = 1.96e+00, rmse_e = 5.35e-03, rmse_f = 8.00e-02, lr = 5.99e-04
[2026-04-17 23:47:24,221] DEEPMD INFO    batch    6000: val: rmse = 1.41e+00, rmse_e = 6.45e-03, rmse_f = 5.77e-02
[2026-04-17 23:47:24,221] DEEPMD INFO    batch    6000: total wall time = 24.74 s, eta = 0:38:45
[2026-04-17 23:47:48,768] DEEPMD INFO    batch    7000: trn: rmse = 1.58e+00, rmse_e = 2.36e-02, rmse_f = 6.45e-02, lr = 5.99e-04
[2026-04-17 23:47:48,768] DEEPMD INFO    batch    7000: val: rmse = 2.00e+00, rmse_e = 2.59e-02, rmse_f = 8.17e-02
[2026-04-17 23:47:48,769] DEEPMD INFO    batch    7000: total wall time = 24.55 s, eta = 0:38:02
[2026-04-17 23:48:13,666] DEEPMD INFO    batch    8000: trn: rmse = 1.53e+00, rmse_e = 3.60e-02, rmse_f = 6.25e-02, lr = 5.99e-04
[2026-04-17 23:48:13,666] DEEPMD INFO    batch    8000: val: rmse = 1.38e+00, rmse_e = 3.59e-02, rmse_f = 5.65e-02
[2026-04-17 23:48:13,666] DEEPMD INFO    batch    8000: total wall time = 24.90 s, eta = 0:38:10
[2026-04-17 23:48:38,881] DEEPMD INFO    batch    9000: trn: rmse = 1.51e+00, rmse_e = 2.01e-02, rmse_f = 6.17e-02, lr = 5.99e-04
[2026-04-17 23:48:38,881] DEEPMD INFO    batch    9000: val: rmse = 1.93e+00, rmse_e = 2.27e-02, rmse_f = 7.90e-02
[2026-04-17 23:48:38,881] DEEPMD INFO    batch    9000: total wall time = 25.21 s, eta = 0:38:14
[2026-04-17 23:49:03,121] DEEPMD INFO    batch   10000: trn: rmse = 2.10e+00, rmse_e = 1.63e-02, rmse_f = 8.58e-02, lr = 5.99e-04
[2026-04-17 23:49:03,122] DEEPMD INFO    batch   10000: val: rmse = 1.49e+00, rmse_e = 1.62e-02, rmse_f = 6.10e-02
[2026-04-17 23:49:03,122] DEEPMD INFO    batch   10000: total wall time = 24.24 s, eta = 0:36:21
[2026-04-17 23:49:03,149] DEEPMD INFO    Saved model to model.ckpt-10000.pt
[2026-04-17 23:49:27,943] DEEPMD INFO    batch   11000: trn: rmse = 1.02e+00, rmse_e = 2.84e-03, rmse_f = 5.38e-02, lr = 3.59e-04
[2026-04-17 23:49:27,943] DEEPMD INFO    batch   11000: val: rmse = 1.15e+00, rmse_e = 3.88e-03, rmse_f = 6.05e-02
[2026-04-17 23:49:27,943] DEEPMD INFO    batch   11000: total wall time = 24.82 s, eta = 0:36:49
[2026-04-17 23:49:52,885] DEEPMD INFO    batch   12000: trn: rmse = 1.07e+00, rmse_e = 1.13e-02, rmse_f = 5.64e-02, lr = 3.59e-04
[2026-04-17 23:49:52,885] DEEPMD INFO    batch   12000: val: rmse = 1.04e+00, rmse_e = 3.96e-03, rmse_f = 5.47e-02
[2026-04-17 23:49:52,885] DEEPMD INFO    batch   12000: total wall time = 24.94 s, eta = 0:36:34
[2026-04-17 23:50:17,120] DEEPMD INFO    batch   13000: trn: rmse = 1.21e+00, rmse_e = 5.88e-03, rmse_f = 6.39e-02, lr = 3.59e-04
[2026-04-17 23:50:17,120] DEEPMD INFO    batch   13000: val: rmse = 1.28e+00, rmse_e = 1.12e-02, rmse_f = 6.75e-02
[2026-04-17 23:50:17,120] DEEPMD INFO    batch   13000: total wall time = 24.24 s, eta = 0:35:08
[2026-04-17 23:50:41,634] DEEPMD INFO    batch   14000: trn: rmse = 1.14e+00, rmse_e = 2.42e-03, rmse_f = 6.00e-02, lr = 3.59e-04
[2026-04-17 23:50:41,634] DEEPMD INFO    batch   14000: val: rmse = 7.13e-01, rmse_e = 1.35e-03, rmse_f = 3.76e-02
[2026-04-17 23:50:41,634] DEEPMD INFO    batch   14000: total wall time = 24.51 s, eta = 0:35:08
[2026-04-17 23:51:06,475] DEEPMD INFO    batch   15000: trn: rmse = 7.19e-01, rmse_e = 2.40e-03, rmse_f = 3.79e-02, lr = 3.59e-04
[2026-04-17 23:51:06,475] DEEPMD INFO    batch   15000: val: rmse = 1.14e+00, rmse_e = 3.36e-03, rmse_f = 6.03e-02
[2026-04-17 23:51:06,476] DEEPMD INFO    batch   15000: total wall time = 24.84 s, eta = 0:35:11
[2026-04-17 23:51:30,715] DEEPMD INFO    batch   16000: trn: rmse = 6.63e-01, rmse_e = 2.93e-03, rmse_f = 4.52e-02, lr = 2.15e-04
[2026-04-17 23:51:30,715] DEEPMD INFO    batch   16000: val: rmse = 7.10e-01, rmse_e = 5.01e-03, rmse_f = 4.83e-02
[2026-04-17 23:51:30,715] DEEPMD INFO    batch   16000: total wall time = 24.24 s, eta = 0:33:56
[2026-04-17 23:51:55,247] DEEPMD INFO    batch   17000: trn: rmse = 5.88e-01, rmse_e = 3.81e-03, rmse_f = 4.00e-02, lr = 2.15e-04
[2026-04-17 23:51:55,247] DEEPMD INFO    batch   17000: val: rmse = 6.57e-01, rmse_e = 2.73e-03, rmse_f = 4.48e-02
[2026-04-17 23:51:55,248] DEEPMD INFO    batch   17000: total wall time = 24.53 s, eta = 0:33:56
[2026-04-17 23:52:19,876] DEEPMD INFO    batch   18000: trn: rmse = 5.38e-01, rmse_e = 8.45e-04, rmse_f = 3.66e-02, lr = 2.15e-04
[2026-04-17 23:52:19,877] DEEPMD INFO    batch   18000: val: rmse = 6.79e-01, rmse_e = 2.82e-03, rmse_f = 4.63e-02
[2026-04-17 23:52:19,877] DEEPMD INFO    batch   18000: total wall time = 24.63 s, eta = 0:33:39
[2026-04-17 23:52:44,667] DEEPMD INFO    batch   19000: trn: rmse = 6.67e-01, rmse_e = 1.08e-02, rmse_f = 4.54e-02, lr = 2.15e-04
[2026-04-17 23:52:44,668] DEEPMD INFO    batch   19000: val: rmse = 5.33e-01, rmse_e = 8.54e-03, rmse_f = 3.63e-02
[2026-04-17 23:52:44,668] DEEPMD INFO    batch   19000: total wall time = 24.79 s, eta = 0:33:28
[2026-04-17 23:53:09,843] DEEPMD INFO    batch   20000: trn: rmse = 5.71e-01, rmse_e = 1.46e-02, rmse_f = 3.88e-02, lr = 2.15e-04
[2026-04-17 23:53:09,843] DEEPMD INFO    batch   20000: val: rmse = 6.81e-01, rmse_e = 1.12e-02, rmse_f = 4.64e-02
[2026-04-17 23:53:09,844] DEEPMD INFO    batch   20000: total wall time = 25.18 s, eta = 0:33:34
[2026-04-17 23:53:09,870] DEEPMD INFO    Saved model to model.ckpt-20000.pt
[2026-04-17 23:53:35,404] DEEPMD INFO    batch   21000: trn: rmse = 4.82e-01, rmse_e = 4.54e-03, rmse_f = 4.24e-02, lr = 1.29e-04
[2026-04-17 23:53:35,404] DEEPMD INFO    batch   21000: val: rmse = 3.31e-01, rmse_e = 4.67e-03, rmse_f = 2.91e-02
[2026-04-17 23:53:35,405] DEEPMD INFO    batch   21000: total wall time = 25.56 s, eta = 0:33:39
[2026-04-17 23:53:59,808] DEEPMD INFO    batch   22000: trn: rmse = 4.78e-01, rmse_e = 2.39e-03, rmse_f = 4.20e-02, lr = 1.29e-04
[2026-04-17 23:53:59,808] DEEPMD INFO    batch   22000: val: rmse = 4.00e-01, rmse_e = 7.60e-04, rmse_f = 3.51e-02
[2026-04-17 23:53:59,808] DEEPMD INFO    batch   22000: total wall time = 24.40 s, eta = 0:31:43
[2026-04-17 23:54:24,570] DEEPMD INFO    batch   23000: trn: rmse = 6.52e-01, rmse_e = 1.47e-02, rmse_f = 5.73e-02, lr = 1.29e-04
[2026-04-17 23:54:24,571] DEEPMD INFO    batch   23000: val: rmse = 4.42e-01, rmse_e = 7.90e-03, rmse_f = 3.88e-02
[2026-04-17 23:54:24,571] DEEPMD INFO    batch   23000: total wall time = 24.76 s, eta = 0:31:46
[2026-04-17 23:54:49,168] DEEPMD INFO    batch   24000: trn: rmse = 4.29e-01, rmse_e = 2.59e-03, rmse_f = 3.77e-02, lr = 1.29e-04
[2026-04-17 23:54:49,168] DEEPMD INFO    batch   24000: val: rmse = 5.91e-01, rmse_e = 5.08e-03, rmse_f = 5.19e-02
[2026-04-17 23:54:49,168] DEEPMD INFO    batch   24000: total wall time = 24.60 s, eta = 0:31:09
[2026-04-17 23:55:14,083] DEEPMD INFO    batch   25000: trn: rmse = 4.73e-01, rmse_e = 4.37e-03, rmse_f = 4.16e-02, lr = 1.29e-04
[2026-04-17 23:55:14,083] DEEPMD INFO    batch   25000: val: rmse = 4.39e-01, rmse_e = 2.82e-03, rmse_f = 3.86e-02
[2026-04-17 23:55:14,083] DEEPMD INFO    batch   25000: total wall time = 24.91 s, eta = 0:31:08
[2026-04-17 23:55:38,978] DEEPMD INFO    batch   26000: trn: rmse = 3.86e-01, rmse_e = 1.12e-03, rmse_f = 4.37e-02, lr = 7.70e-05
[2026-04-17 23:55:38,979] DEEPMD INFO    batch   26000: val: rmse = 3.17e-01, rmse_e = 6.90e-04, rmse_f = 3.59e-02
[2026-04-17 23:55:38,979] DEEPMD INFO    batch   26000: total wall time = 24.90 s, eta = 0:30:42
[2026-04-17 23:56:03,784] DEEPMD INFO    batch   27000: trn: rmse = 2.75e-01, rmse_e = 2.16e-03, rmse_f = 3.12e-02, lr = 7.70e-05
[2026-04-17 23:56:03,784] DEEPMD INFO    batch   27000: val: rmse = 3.18e-01, rmse_e = 8.97e-04, rmse_f = 3.60e-02
[2026-04-17 23:56:03,784] DEEPMD INFO    batch   27000: total wall time = 24.81 s, eta = 0:30:10
[2026-04-17 23:56:28,257] DEEPMD INFO    batch   28000: trn: rmse = 2.65e-01, rmse_e = 5.22e-03, rmse_f = 3.00e-02, lr = 7.70e-05
[2026-04-17 23:56:28,257] DEEPMD INFO    batch   28000: val: rmse = 2.54e-01, rmse_e = 4.05e-03, rmse_f = 2.88e-02
[2026-04-17 23:56:28,257] DEEPMD INFO    batch   28000: total wall time = 24.47 s, eta = 0:29:22
[2026-04-17 23:56:53,000] DEEPMD INFO    batch   29000: trn: rmse = 2.48e-01, rmse_e = 2.10e-03, rmse_f = 2.81e-02, lr = 7.70e-05
[2026-04-17 23:56:53,000] DEEPMD INFO    batch   29000: val: rmse = 2.80e-01, rmse_e = 2.16e-03, rmse_f = 3.17e-02
[2026-04-17 23:56:53,001] DEEPMD INFO    batch   29000: total wall time = 24.74 s, eta = 0:29:16
[2026-04-17 23:57:17,485] DEEPMD INFO    batch   30000: trn: rmse = 2.42e-01, rmse_e = 2.89e-03, rmse_f = 2.74e-02, lr = 7.70e-05
[2026-04-17 23:57:17,485] DEEPMD INFO    batch   30000: val: rmse = 4.26e-01, rmse_e = 2.33e-03, rmse_f = 4.82e-02
[2026-04-17 23:57:17,485] DEEPMD INFO    batch   30000: total wall time = 24.48 s, eta = 0:28:33
[2026-04-17 23:57:17,511] DEEPMD INFO    Saved model to model.ckpt-30000.pt
[2026-04-17 23:57:41,818] DEEPMD INFO    batch   31000: trn: rmse = 1.63e-01, rmse_e = 4.21e-03, rmse_f = 2.37e-02, lr = 4.61e-05
[2026-04-17 23:57:41,818] DEEPMD INFO    batch   31000: val: rmse = 3.01e-01, rmse_e = 3.22e-03, rmse_f = 4.39e-02
[2026-04-17 23:57:41,818] DEEPMD INFO    batch   31000: total wall time = 24.33 s, eta = 0:27:58
[2026-04-17 23:58:06,703] DEEPMD INFO    batch   32000: trn: rmse = 2.40e-01, rmse_e = 3.30e-03, rmse_f = 3.50e-02, lr = 4.61e-05
[2026-04-17 23:58:06,703] DEEPMD INFO    batch   32000: val: rmse = 1.99e-01, rmse_e = 2.24e-03, rmse_f = 2.90e-02
[2026-04-17 23:58:06,704] DEEPMD INFO    batch   32000: total wall time = 24.89 s, eta = 0:28:12
[2026-04-17 23:58:31,323] DEEPMD INFO    batch   33000: trn: rmse = 2.68e-01, rmse_e = 1.51e-03, rmse_f = 3.91e-02, lr = 4.61e-05
[2026-04-17 23:58:31,323] DEEPMD INFO    batch   33000: val: rmse = 2.72e-01, rmse_e = 3.26e-03, rmse_f = 3.97e-02
[2026-04-17 23:58:31,324] DEEPMD INFO    batch   33000: total wall time = 24.62 s, eta = 0:27:29
[2026-04-17 23:58:55,281] DEEPMD INFO    batch   34000: trn: rmse = 2.43e-01, rmse_e = 1.59e-03, rmse_f = 3.54e-02, lr = 4.61e-05
[2026-04-17 23:58:55,281] DEEPMD INFO    batch   34000: val: rmse = 2.04e-01, rmse_e = 1.18e-03, rmse_f = 2.97e-02
[2026-04-17 23:58:55,281] DEEPMD INFO    batch   34000: total wall time = 23.96 s, eta = 0:26:21
[2026-04-17 23:59:20,048] DEEPMD INFO    batch   35000: trn: rmse = 1.97e-01, rmse_e = 4.39e-03, rmse_f = 2.86e-02, lr = 4.61e-05
[2026-04-17 23:59:20,048] DEEPMD INFO    batch   35000: val: rmse = 2.13e-01, rmse_e = 3.31e-03, rmse_f = 3.10e-02
[2026-04-17 23:59:20,049] DEEPMD INFO    batch   35000: total wall time = 24.77 s, eta = 0:26:49
[2026-04-17 23:59:44,638] DEEPMD INFO    batch   36000: trn: rmse = 1.34e-01, rmse_e = 1.11e-03, rmse_f = 2.50e-02, lr = 2.76e-05
[2026-04-17 23:59:44,639] DEEPMD INFO    batch   36000: val: rmse = 1.98e-01, rmse_e = 1.60e-03, rmse_f = 3.69e-02
[2026-04-17 23:59:44,639] DEEPMD INFO    batch   36000: total wall time = 24.59 s, eta = 0:26:13
[2026-04-18 00:00:08,517] DEEPMD INFO    batch   37000: trn: rmse = 1.65e-01, rmse_e = 3.18e-03, rmse_f = 3.08e-02, lr = 2.76e-05
[2026-04-18 00:00:08,517] DEEPMD INFO    batch   37000: val: rmse = 1.20e-01, rmse_e = 2.78e-03, rmse_f = 2.25e-02
[2026-04-18 00:00:08,518] DEEPMD INFO    batch   37000: total wall time = 23.88 s, eta = 0:25:04
[2026-04-18 00:00:34,827] DEEPMD INFO    batch   38000: trn: rmse = 1.15e-01, rmse_e = 1.98e-03, rmse_f = 2.15e-02, lr = 2.76e-05
[2026-04-18 00:00:34,827] DEEPMD INFO    batch   38000: val: rmse = 1.43e-01, rmse_e = 2.58e-03, rmse_f = 2.67e-02
[2026-04-18 00:00:34,828] DEEPMD INFO    batch   38000: total wall time = 26.31 s, eta = 0:27:11
[2026-04-18 00:01:00,145] DEEPMD INFO    batch   39000: trn: rmse = 1.48e-01, rmse_e = 2.38e-03, rmse_f = 2.77e-02, lr = 2.76e-05
[2026-04-18 00:01:00,145] DEEPMD INFO    batch   39000: val: rmse = 1.94e-01, rmse_e = 3.52e-03, rmse_f = 3.62e-02
[2026-04-18 00:01:00,145] DEEPMD INFO    batch   39000: total wall time = 25.32 s, eta = 0:25:44
[2026-04-18 00:01:24,687] DEEPMD INFO    batch   40000: trn: rmse = 1.64e-01, rmse_e = 4.90e-03, rmse_f = 3.07e-02, lr = 2.76e-05
[2026-04-18 00:01:24,687] DEEPMD INFO    batch   40000: val: rmse = 1.61e-01, rmse_e = 4.55e-03, rmse_f = 2.99e-02
[2026-04-18 00:01:24,687] DEEPMD INFO    batch   40000: total wall time = 24.54 s, eta = 0:24:32
[2026-04-18 00:01:24,714] DEEPMD INFO    Saved model to model.ckpt-40000.pt
[2026-04-18 00:01:49,320] DEEPMD INFO    batch   41000: trn: rmse = 8.83e-02, rmse_e = 1.11e-03, rmse_f = 2.11e-02, lr = 1.65e-05
[2026-04-18 00:01:49,320] DEEPMD INFO    batch   41000: val: rmse = 1.68e-01, rmse_e = 1.20e-03, rmse_f = 4.00e-02
[2026-04-18 00:01:49,320] DEEPMD INFO    batch   41000: total wall time = 24.63 s, eta = 0:24:13
[2026-04-18 00:02:13,578] DEEPMD INFO    batch   42000: trn: rmse = 1.37e-01, rmse_e = 1.88e-03, rmse_f = 3.26e-02, lr = 1.65e-05
[2026-04-18 00:02:13,578] DEEPMD INFO    batch   42000: val: rmse = 1.36e-01, rmse_e = 1.97e-03, rmse_f = 3.25e-02
[2026-04-18 00:02:13,579] DEEPMD INFO    batch   42000: total wall time = 24.26 s, eta = 0:23:26
[2026-04-18 00:02:38,382] DEEPMD INFO    batch   43000: trn: rmse = 1.46e-01, rmse_e = 3.06e-03, rmse_f = 3.49e-02, lr = 1.65e-05
[2026-04-18 00:02:38,382] DEEPMD INFO    batch   43000: val: rmse = 1.35e-01, rmse_e = 3.38e-03, rmse_f = 3.21e-02
[2026-04-18 00:02:38,383] DEEPMD INFO    batch   43000: total wall time = 24.80 s, eta = 0:23:33
[2026-04-18 00:03:03,783] DEEPMD INFO    batch   44000: trn: rmse = 1.15e-01, rmse_e = 2.19e-03, rmse_f = 2.74e-02, lr = 1.65e-05
[2026-04-18 00:03:03,783] DEEPMD INFO    batch   44000: val: rmse = 1.30e-01, rmse_e = 2.45e-03, rmse_f = 3.11e-02
[2026-04-18 00:03:03,783] DEEPMD INFO    batch   44000: total wall time = 25.40 s, eta = 0:23:42
[2026-04-18 00:03:28,638] DEEPMD INFO    batch   45000: trn: rmse = 1.25e-01, rmse_e = 2.34e-03, rmse_f = 2.99e-02, lr = 1.65e-05
[2026-04-18 00:03:28,638] DEEPMD INFO    batch   45000: val: rmse = 1.45e-01, rmse_e = 1.33e-03, rmse_f = 3.47e-02
[2026-04-18 00:03:28,639] DEEPMD INFO    batch   45000: total wall time = 24.86 s, eta = 0:22:47
[2026-04-18 00:03:53,452] DEEPMD INFO    batch   46000: trn: rmse = 1.04e-01, rmse_e = 1.30e-03, rmse_f = 3.17e-02, lr = 9.89e-06
[2026-04-18 00:03:53,452] DEEPMD INFO    batch   46000: val: rmse = 1.16e-01, rmse_e = 1.04e-03, rmse_f = 3.52e-02
[2026-04-18 00:03:53,452] DEEPMD INFO    batch   46000: total wall time = 24.81 s, eta = 0:22:19
[2026-04-18 00:04:18,177] DEEPMD INFO    batch   47000: trn: rmse = 7.94e-02, rmse_e = 7.06e-04, rmse_f = 2.41e-02, lr = 9.89e-06
[2026-04-18 00:04:18,177] DEEPMD INFO    batch   47000: val: rmse = 9.87e-02, rmse_e = 1.83e-03, rmse_f = 2.99e-02
[2026-04-18 00:04:18,178] DEEPMD INFO    batch   47000: total wall time = 24.73 s, eta = 0:21:50
[2026-04-18 00:04:43,178] DEEPMD INFO    batch   48000: trn: rmse = 1.01e-01, rmse_e = 9.56e-04, rmse_f = 3.06e-02, lr = 9.89e-06
[2026-04-18 00:04:43,179] DEEPMD INFO    batch   48000: val: rmse = 1.51e-01, rmse_e = 2.16e-03, rmse_f = 4.56e-02
[2026-04-18 00:04:43,179] DEEPMD INFO    batch   48000: total wall time = 25.00 s, eta = 0:21:40
[2026-04-18 00:05:07,904] DEEPMD INFO    batch   49000: trn: rmse = 9.65e-02, rmse_e = 3.25e-03, rmse_f = 2.91e-02, lr = 9.89e-06
[2026-04-18 00:05:07,904] DEEPMD INFO    batch   49000: val: rmse = 9.74e-02, rmse_e = 2.80e-03, rmse_f = 2.94e-02
[2026-04-18 00:05:07,904] DEEPMD INFO    batch   49000: total wall time = 24.73 s, eta = 0:21:01
[2026-04-18 00:05:32,662] DEEPMD INFO    batch   50000: trn: rmse = 1.02e-01, rmse_e = 6.16e-04, rmse_f = 3.10e-02, lr = 9.89e-06
[2026-04-18 00:05:32,662] DEEPMD INFO    batch   50000: val: rmse = 1.26e-01, rmse_e = 8.27e-04, rmse_f = 3.81e-02
[2026-04-18 00:05:32,662] DEEPMD INFO    batch   50000: total wall time = 24.76 s, eta = 0:20:37
[2026-04-18 00:05:32,689] DEEPMD INFO    Saved model to model.ckpt-50000.pt
[2026-04-18 00:05:57,631] DEEPMD INFO    batch   51000: trn: rmse = 7.06e-02, rmse_e = 4.95e-04, rmse_f = 2.68e-02, lr = 5.92e-06
[2026-04-18 00:05:57,632] DEEPMD INFO    batch   51000: val: rmse = 5.79e-02, rmse_e = 7.51e-04, rmse_f = 2.20e-02
[2026-04-18 00:05:57,632] DEEPMD INFO    batch   51000: total wall time = 24.97 s, eta = 0:20:23
[2026-04-18 00:06:23,100] DEEPMD INFO    batch   52000: trn: rmse = 8.53e-02, rmse_e = 6.57e-04, rmse_f = 3.24e-02, lr = 5.92e-06
[2026-04-18 00:06:23,100] DEEPMD INFO    batch   52000: val: rmse = 5.70e-02, rmse_e = 4.25e-04, rmse_f = 2.17e-02
[2026-04-18 00:06:23,101] DEEPMD INFO    batch   52000: total wall time = 25.47 s, eta = 0:20:22
[2026-04-18 00:06:47,753] DEEPMD INFO    batch   53000: trn: rmse = 8.26e-02, rmse_e = 1.16e-03, rmse_f = 3.14e-02, lr = 5.92e-06
[2026-04-18 00:06:47,754] DEEPMD INFO    batch   53000: val: rmse = 9.40e-02, rmse_e = 1.61e-03, rmse_f = 3.57e-02
[2026-04-18 00:06:47,754] DEEPMD INFO    batch   53000: total wall time = 24.65 s, eta = 0:19:18
[2026-04-18 00:07:11,909] DEEPMD INFO    batch   54000: trn: rmse = 6.74e-02, rmse_e = 1.23e-03, rmse_f = 2.56e-02, lr = 5.92e-06
[2026-04-18 00:07:11,910] DEEPMD INFO    batch   54000: val: rmse = 7.87e-02, rmse_e = 2.05e-03, rmse_f = 2.99e-02
[2026-04-18 00:07:11,910] DEEPMD INFO    batch   54000: total wall time = 24.16 s, eta = 0:18:31
[2026-04-18 00:07:36,648] DEEPMD INFO    batch   55000: trn: rmse = 8.94e-02, rmse_e = 1.17e-03, rmse_f = 3.40e-02, lr = 5.92e-06
[2026-04-18 00:07:36,648] DEEPMD INFO    batch   55000: val: rmse = 6.65e-02, rmse_e = 1.73e-03, rmse_f = 2.52e-02
[2026-04-18 00:07:36,649] DEEPMD INFO    batch   55000: total wall time = 24.74 s, eta = 0:18:33
[2026-04-18 00:08:01,581] DEEPMD INFO    batch   56000: trn: rmse = 6.47e-02, rmse_e = 1.55e-03, rmse_f = 3.03e-02, lr = 3.55e-06
[2026-04-18 00:08:01,581] DEEPMD INFO    batch   56000: val: rmse = 7.36e-02, rmse_e = 7.88e-04, rmse_f = 3.45e-02
[2026-04-18 00:08:01,581] DEEPMD INFO    batch   56000: total wall time = 24.93 s, eta = 0:18:17
[2026-04-18 00:08:26,256] DEEPMD INFO    batch   57000: trn: rmse = 7.01e-02, rmse_e = 1.06e-03, rmse_f = 3.29e-02, lr = 3.55e-06
[2026-04-18 00:08:26,256] DEEPMD INFO    batch   57000: val: rmse = 6.83e-02, rmse_e = 1.88e-03, rmse_f = 3.19e-02
[2026-04-18 00:08:26,257] DEEPMD INFO    batch   57000: total wall time = 24.68 s, eta = 0:17:41
[2026-04-18 00:08:50,636] DEEPMD INFO    batch   58000: trn: rmse = 4.75e-02, rmse_e = 1.27e-03, rmse_f = 2.22e-02, lr = 3.55e-06
[2026-04-18 00:08:50,636] DEEPMD INFO    batch   58000: val: rmse = 8.05e-02, rmse_e = 1.05e-03, rmse_f = 3.78e-02
[2026-04-18 00:08:50,636] DEEPMD INFO    batch   58000: total wall time = 24.38 s, eta = 0:17:03
[2026-04-18 00:09:15,213] DEEPMD INFO    batch   59000: trn: rmse = 5.98e-02, rmse_e = 9.83e-04, rmse_f = 2.80e-02, lr = 3.55e-06
[2026-04-18 00:09:15,214] DEEPMD INFO    batch   59000: val: rmse = 5.45e-02, rmse_e = 1.14e-03, rmse_f = 2.55e-02
[2026-04-18 00:09:15,214] DEEPMD INFO    batch   59000: total wall time = 24.58 s, eta = 0:16:47
[2026-04-18 00:09:40,213] DEEPMD INFO    batch   60000: trn: rmse = 5.39e-02, rmse_e = 7.15e-04, rmse_f = 2.53e-02, lr = 3.55e-06
[2026-04-18 00:09:40,213] DEEPMD INFO    batch   60000: val: rmse = 5.10e-02, rmse_e = 8.94e-04, rmse_f = 2.39e-02
[2026-04-18 00:09:40,213] DEEPMD INFO    batch   60000: total wall time = 25.00 s, eta = 0:16:39
[2026-04-18 00:09:40,240] DEEPMD INFO    Saved model to model.ckpt-60000.pt
[2026-04-18 00:10:04,428] DEEPMD INFO    batch   61000: trn: rmse = 3.80e-02, rmse_e = 5.64e-04, rmse_f = 2.15e-02, lr = 2.12e-06
[2026-04-18 00:10:04,429] DEEPMD INFO    batch   61000: val: rmse = 6.79e-02, rmse_e = 2.13e-03, rmse_f = 3.83e-02
[2026-04-18 00:10:04,429] DEEPMD INFO    batch   61000: total wall time = 24.22 s, eta = 0:15:44
[2026-04-18 00:10:28,430] DEEPMD INFO    batch   62000: trn: rmse = 4.66e-02, rmse_e = 5.45e-04, rmse_f = 2.64e-02, lr = 2.12e-06
[2026-04-18 00:10:28,430] DEEPMD INFO    batch   62000: val: rmse = 4.36e-02, rmse_e = 7.48e-04, rmse_f = 2.46e-02
[2026-04-18 00:10:28,430] DEEPMD INFO    batch   62000: total wall time = 24.00 s, eta = 0:15:12
[2026-04-18 00:10:52,162] DEEPMD INFO    batch   63000: trn: rmse = 4.15e-02, rmse_e = 5.84e-04, rmse_f = 2.35e-02, lr = 2.12e-06
[2026-04-18 00:10:52,162] DEEPMD INFO    batch   63000: val: rmse = 4.34e-02, rmse_e = 5.97e-04, rmse_f = 2.46e-02
[2026-04-18 00:10:52,163] DEEPMD INFO    batch   63000: total wall time = 23.73 s, eta = 0:14:38
[2026-04-18 00:11:16,992] DEEPMD INFO    batch   64000: trn: rmse = 4.26e-02, rmse_e = 1.04e-03, rmse_f = 2.41e-02, lr = 2.12e-06
[2026-04-18 00:11:16,992] DEEPMD INFO    batch   64000: val: rmse = 7.20e-02, rmse_e = 2.11e-03, rmse_f = 4.06e-02
[2026-04-18 00:11:16,993] DEEPMD INFO    batch   64000: total wall time = 24.83 s, eta = 0:14:53
[2026-04-18 00:11:41,035] DEEPMD INFO    batch   65000: trn: rmse = 5.23e-02, rmse_e = 8.52e-04, rmse_f = 2.96e-02, lr = 2.12e-06
[2026-04-18 00:11:41,035] DEEPMD INFO    batch   65000: val: rmse = 5.36e-02, rmse_e = 1.03e-03, rmse_f = 3.03e-02
[2026-04-18 00:11:41,035] DEEPMD INFO    batch   65000: total wall time = 24.04 s, eta = 0:14:01
[2026-04-18 00:12:06,150] DEEPMD INFO    batch   66000: trn: rmse = 4.73e-02, rmse_e = 1.29e-03, rmse_f = 3.13e-02, lr = 1.27e-06
[2026-04-18 00:12:06,150] DEEPMD INFO    batch   66000: val: rmse = 4.05e-02, rmse_e = 1.09e-03, rmse_f = 2.68e-02
[2026-04-18 00:12:06,150] DEEPMD INFO    batch   66000: total wall time = 25.11 s, eta = 0:14:13
[2026-04-18 00:12:30,889] DEEPMD INFO    batch   67000: trn: rmse = 3.63e-02, rmse_e = 7.59e-04, rmse_f = 2.40e-02, lr = 1.27e-06
[2026-04-18 00:12:30,890] DEEPMD INFO    batch   67000: val: rmse = 5.01e-02, rmse_e = 9.34e-04, rmse_f = 3.32e-02
[2026-04-18 00:12:30,890] DEEPMD INFO    batch   67000: total wall time = 24.74 s, eta = 0:13:36
[2026-04-18 00:12:55,067] DEEPMD INFO    batch   68000: trn: rmse = 3.39e-02, rmse_e = 8.25e-04, rmse_f = 2.24e-02, lr = 1.27e-06
[2026-04-18 00:12:55,068] DEEPMD INFO    batch   68000: val: rmse = 3.71e-02, rmse_e = 9.60e-04, rmse_f = 2.45e-02
[2026-04-18 00:12:55,068] DEEPMD INFO    batch   68000: total wall time = 24.18 s, eta = 0:12:53
[2026-04-18 00:13:19,626] DEEPMD INFO    batch   69000: trn: rmse = 2.79e-02, rmse_e = 2.77e-04, rmse_f = 1.85e-02, lr = 1.27e-06
[2026-04-18 00:13:19,626] DEEPMD INFO    batch   69000: val: rmse = 5.40e-02, rmse_e = 8.47e-04, rmse_f = 3.58e-02
[2026-04-18 00:13:19,627] DEEPMD INFO    batch   69000: total wall time = 24.56 s, eta = 0:12:41
[2026-04-18 00:13:44,394] DEEPMD INFO    batch   70000: trn: rmse = 5.90e-02, rmse_e = 1.53e-03, rmse_f = 3.90e-02, lr = 1.27e-06
[2026-04-18 00:13:44,394] DEEPMD INFO    batch   70000: val: rmse = 5.16e-02, rmse_e = 8.06e-04, rmse_f = 3.42e-02
[2026-04-18 00:13:44,394] DEEPMD INFO    batch   70000: total wall time = 24.77 s, eta = 0:12:23
[2026-04-18 00:13:44,422] DEEPMD INFO    Saved model to model.ckpt-70000.pt
[2026-04-18 00:14:09,587] DEEPMD INFO    batch   71000: trn: rmse = 2.70e-02, rmse_e = 8.23e-04, rmse_f = 2.03e-02, lr = 7.62e-07
[2026-04-18 00:14:09,588] DEEPMD INFO    batch   71000: val: rmse = 6.57e-02, rmse_e = 2.19e-03, rmse_f = 4.93e-02
[2026-04-18 00:14:09,588] DEEPMD INFO    batch   71000: total wall time = 25.19 s, eta = 0:12:10
[2026-04-18 00:14:33,734] DEEPMD INFO    batch   72000: trn: rmse = 4.11e-02, rmse_e = 4.70e-04, rmse_f = 3.10e-02, lr = 7.62e-07
[2026-04-18 00:14:33,734] DEEPMD INFO    batch   72000: val: rmse = 4.28e-02, rmse_e = 1.11e-03, rmse_f = 3.22e-02
[2026-04-18 00:14:33,735] DEEPMD INFO    batch   72000: total wall time = 24.15 s, eta = 0:11:16
[2026-04-18 00:14:57,824] DEEPMD INFO    batch   73000: trn: rmse = 3.88e-02, rmse_e = 5.01e-04, rmse_f = 2.92e-02, lr = 7.62e-07
[2026-04-18 00:14:57,825] DEEPMD INFO    batch   73000: val: rmse = 2.74e-02, rmse_e = 4.29e-04, rmse_f = 2.06e-02
[2026-04-18 00:14:57,825] DEEPMD INFO    batch   73000: total wall time = 24.09 s, eta = 0:10:50
[2026-04-18 00:15:21,915] DEEPMD INFO    batch   74000: trn: rmse = 3.46e-02, rmse_e = 9.59e-04, rmse_f = 2.60e-02, lr = 7.62e-07
[2026-04-18 00:15:21,915] DEEPMD INFO    batch   74000: val: rmse = 4.43e-02, rmse_e = 8.88e-04, rmse_f = 3.33e-02
[2026-04-18 00:15:21,915] DEEPMD INFO    batch   74000: total wall time = 24.09 s, eta = 0:10:26
[2026-04-18 00:15:47,496] DEEPMD INFO    batch   75000: trn: rmse = 4.15e-02, rmse_e = 1.47e-03, rmse_f = 3.11e-02, lr = 7.62e-07
[2026-04-18 00:15:47,496] DEEPMD INFO    batch   75000: val: rmse = 4.69e-02, rmse_e = 7.88e-04, rmse_f = 3.53e-02
[2026-04-18 00:15:47,497] DEEPMD INFO    batch   75000: total wall time = 25.58 s, eta = 0:10:39
[2026-04-18 00:16:12,510] DEEPMD INFO    batch   76000: trn: rmse = 3.67e-02, rmse_e = 6.63e-04, rmse_f = 3.03e-02, lr = 4.56e-07
[2026-04-18 00:16:12,510] DEEPMD INFO    batch   76000: val: rmse = 4.66e-02, rmse_e = 1.05e-03, rmse_f = 3.85e-02
[2026-04-18 00:16:12,511] DEEPMD INFO    batch   76000: total wall time = 25.01 s, eta = 0:10:00
[2026-04-18 00:16:36,826] DEEPMD INFO    batch   77000: trn: rmse = 3.42e-02, rmse_e = 9.09e-04, rmse_f = 2.82e-02, lr = 4.56e-07
[2026-04-18 00:16:36,826] DEEPMD INFO    batch   77000: val: rmse = 5.24e-02, rmse_e = 1.07e-03, rmse_f = 4.34e-02
[2026-04-18 00:16:36,827] DEEPMD INFO    batch   77000: total wall time = 24.32 s, eta = 0:09:19
[2026-04-18 00:17:00,942] DEEPMD INFO    batch   78000: trn: rmse = 6.06e-02, rmse_e = 1.22e-03, rmse_f = 5.01e-02, lr = 4.56e-07
[2026-04-18 00:17:00,943] DEEPMD INFO    batch   78000: val: rmse = 4.55e-02, rmse_e = 1.91e-03, rmse_f = 3.75e-02
[2026-04-18 00:17:00,943] DEEPMD INFO    batch   78000: total wall time = 24.12 s, eta = 0:08:50
[2026-04-18 00:17:25,392] DEEPMD INFO    batch   79000: trn: rmse = 2.49e-02, rmse_e = 8.76e-04, rmse_f = 2.05e-02, lr = 4.56e-07
[2026-04-18 00:17:25,392] DEEPMD INFO    batch   79000: val: rmse = 3.39e-02, rmse_e = 1.17e-03, rmse_f = 2.80e-02
[2026-04-18 00:17:25,393] DEEPMD INFO    batch   79000: total wall time = 24.45 s, eta = 0:08:33
[2026-04-18 00:17:50,279] DEEPMD INFO    batch   80000: trn: rmse = 4.02e-02, rmse_e = 1.07e-03, rmse_f = 3.32e-02, lr = 4.56e-07
[2026-04-18 00:17:50,280] DEEPMD INFO    batch   80000: val: rmse = 3.78e-02, rmse_e = 6.36e-04, rmse_f = 3.13e-02
[2026-04-18 00:17:50,280] DEEPMD INFO    batch   80000: total wall time = 24.89 s, eta = 0:08:17
[2026-04-18 00:17:50,307] DEEPMD INFO    Saved model to model.ckpt-80000.pt
[2026-04-18 00:18:15,079] DEEPMD INFO    batch   81000: trn: rmse = 4.48e-02, rmse_e = 1.12e-03, rmse_f = 3.96e-02, lr = 2.73e-07
[2026-04-18 00:18:15,079] DEEPMD INFO    batch   81000: val: rmse = 3.07e-02, rmse_e = 3.84e-04, rmse_f = 2.72e-02
[2026-04-18 00:18:15,079] DEEPMD INFO    batch   81000: total wall time = 24.80 s, eta = 0:07:51
[2026-04-18 00:18:39,751] DEEPMD INFO    batch   82000: trn: rmse = 3.13e-02, rmse_e = 7.61e-04, rmse_f = 2.77e-02, lr = 2.73e-07
[2026-04-18 00:18:39,752] DEEPMD INFO    batch   82000: val: rmse = 2.87e-02, rmse_e = 1.03e-03, rmse_f = 2.53e-02
[2026-04-18 00:18:39,752] DEEPMD INFO    batch   82000: total wall time = 24.67 s, eta = 0:07:24
[2026-04-18 00:19:04,899] DEEPMD INFO    batch   83000: trn: rmse = 2.42e-02, rmse_e = 5.87e-04, rmse_f = 2.14e-02, lr = 2.73e-07
[2026-04-18 00:19:04,899] DEEPMD INFO    batch   83000: val: rmse = 3.48e-02, rmse_e = 8.01e-04, rmse_f = 3.08e-02
[2026-04-18 00:19:04,900] DEEPMD INFO    batch   83000: total wall time = 25.15 s, eta = 0:07:07
[2026-04-18 00:19:29,129] DEEPMD INFO    batch   84000: trn: rmse = 2.92e-02, rmse_e = 3.60e-04, rmse_f = 2.59e-02, lr = 2.73e-07
[2026-04-18 00:19:29,130] DEEPMD INFO    batch   84000: val: rmse = 3.65e-02, rmse_e = 3.07e-04, rmse_f = 3.24e-02
[2026-04-18 00:19:29,130] DEEPMD INFO    batch   84000: total wall time = 24.23 s, eta = 0:06:27
[2026-04-18 00:19:53,776] DEEPMD INFO    batch   85000: trn: rmse = 3.35e-02, rmse_e = 8.38e-04, rmse_f = 2.96e-02, lr = 2.73e-07
[2026-04-18 00:19:53,776] DEEPMD INFO    batch   85000: val: rmse = 3.41e-02, rmse_e = 7.39e-04, rmse_f = 3.02e-02
[2026-04-18 00:19:53,777] DEEPMD INFO    batch   85000: total wall time = 24.65 s, eta = 0:06:09
[2026-04-18 00:20:18,423] DEEPMD INFO    batch   86000: trn: rmse = 3.10e-02, rmse_e = 1.15e-03, rmse_f = 2.86e-02, lr = 1.63e-07
[2026-04-18 00:20:18,424] DEEPMD INFO    batch   86000: val: rmse = 3.56e-02, rmse_e = 8.51e-04, rmse_f = 3.29e-02
[2026-04-18 00:20:18,424] DEEPMD INFO    batch   86000: total wall time = 24.65 s, eta = 0:05:45
[2026-04-18 00:20:42,883] DEEPMD INFO    batch   87000: trn: rmse = 2.67e-02, rmse_e = 6.28e-04, rmse_f = 2.47e-02, lr = 1.63e-07
[2026-04-18 00:20:42,883] DEEPMD INFO    batch   87000: val: rmse = 3.73e-02, rmse_e = 5.24e-04, rmse_f = 3.46e-02
[2026-04-18 00:20:42,884] DEEPMD INFO    batch   87000: total wall time = 24.46 s, eta = 0:05:17
[2026-04-18 00:21:08,151] DEEPMD INFO    batch   88000: trn: rmse = 3.33e-02, rmse_e = 6.59e-04, rmse_f = 3.08e-02, lr = 1.63e-07
[2026-04-18 00:21:08,151] DEEPMD INFO    batch   88000: val: rmse = 3.71e-02, rmse_e = 7.19e-04, rmse_f = 3.43e-02
[2026-04-18 00:21:08,151] DEEPMD INFO    batch   88000: total wall time = 25.27 s, eta = 0:05:03
[2026-04-18 00:21:32,766] DEEPMD INFO    batch   89000: trn: rmse = 2.49e-02, rmse_e = 8.41e-04, rmse_f = 2.30e-02, lr = 1.63e-07
[2026-04-18 00:21:32,767] DEEPMD INFO    batch   89000: val: rmse = 3.53e-02, rmse_e = 4.60e-04, rmse_f = 3.27e-02
[2026-04-18 00:21:32,767] DEEPMD INFO    batch   89000: total wall time = 24.62 s, eta = 0:04:30
[2026-04-18 00:21:56,888] DEEPMD INFO    batch   90000: trn: rmse = 3.61e-02, rmse_e = 1.13e-03, rmse_f = 3.33e-02, lr = 1.63e-07
[2026-04-18 00:21:56,888] DEEPMD INFO    batch   90000: val: rmse = 3.07e-02, rmse_e = 2.53e-04, rmse_f = 2.84e-02
[2026-04-18 00:21:56,888] DEEPMD INFO    batch   90000: total wall time = 24.12 s, eta = 0:04:01
[2026-04-18 00:21:56,915] DEEPMD INFO    Saved model to model.ckpt-90000.pt
[2026-04-18 00:22:21,568] DEEPMD INFO    batch   91000: trn: rmse = 3.53e-02, rmse_e = 5.40e-04, rmse_f = 3.36e-02, lr = 9.79e-08
[2026-04-18 00:22:21,568] DEEPMD INFO    batch   91000: val: rmse = 3.58e-02, rmse_e = 5.85e-04, rmse_f = 3.42e-02
[2026-04-18 00:22:21,569] DEEPMD INFO    batch   91000: total wall time = 24.68 s, eta = 0:03:42
[2026-04-18 00:22:46,163] DEEPMD INFO    batch   92000: trn: rmse = 2.51e-02, rmse_e = 4.98e-04, rmse_f = 2.39e-02, lr = 9.79e-08
[2026-04-18 00:22:46,164] DEEPMD INFO    batch   92000: val: rmse = 3.36e-02, rmse_e = 9.00e-04, rmse_f = 3.20e-02
[2026-04-18 00:22:46,164] DEEPMD INFO    batch   92000: total wall time = 24.60 s, eta = 0:03:16
[2026-04-18 00:23:10,087] DEEPMD INFO    batch   93000: trn: rmse = 2.73e-02, rmse_e = 6.39e-04, rmse_f = 2.60e-02, lr = 9.79e-08
[2026-04-18 00:23:10,087] DEEPMD INFO    batch   93000: val: rmse = 2.23e-02, rmse_e = 6.61e-04, rmse_f = 2.12e-02
[2026-04-18 00:23:10,088] DEEPMD INFO    batch   93000: total wall time = 23.92 s, eta = 0:02:47
[2026-04-18 00:23:34,193] DEEPMD INFO    batch   94000: trn: rmse = 3.28e-02, rmse_e = 7.44e-04, rmse_f = 3.12e-02, lr = 9.79e-08
[2026-04-18 00:23:34,193] DEEPMD INFO    batch   94000: val: rmse = 2.66e-02, rmse_e = 6.38e-04, rmse_f = 2.53e-02
[2026-04-18 00:23:34,193] DEEPMD INFO    batch   94000: total wall time = 24.11 s, eta = 0:02:24
[2026-04-18 00:23:58,963] DEEPMD INFO    batch   95000: trn: rmse = 2.76e-02, rmse_e = 8.46e-04, rmse_f = 2.63e-02, lr = 9.79e-08
[2026-04-18 00:23:58,964] DEEPMD INFO    batch   95000: val: rmse = 2.87e-02, rmse_e = 4.03e-04, rmse_f = 2.74e-02
[2026-04-18 00:23:58,964] DEEPMD INFO    batch   95000: total wall time = 24.77 s, eta = 0:02:03
[2026-04-18 00:24:23,171] DEEPMD INFO    batch   96000: trn: rmse = 2.50e-02, rmse_e = 4.31e-04, rmse_f = 2.43e-02, lr = 5.86e-08
[2026-04-18 00:24:23,171] DEEPMD INFO    batch   96000: val: rmse = 2.02e-02, rmse_e = 2.41e-04, rmse_f = 1.96e-02
[2026-04-18 00:24:23,171] DEEPMD INFO    batch   96000: total wall time = 24.21 s, eta = 0:01:36
[2026-04-18 00:24:47,688] DEEPMD INFO    batch   97000: trn: rmse = 2.39e-02, rmse_e = 8.89e-04, rmse_f = 2.31e-02, lr = 5.86e-08
[2026-04-18 00:24:47,688] DEEPMD INFO    batch   97000: val: rmse = 2.65e-02, rmse_e = 1.04e-03, rmse_f = 2.56e-02
[2026-04-18 00:24:47,688] DEEPMD INFO    batch   97000: total wall time = 24.52 s, eta = 0:01:13
[2026-04-18 00:25:12,670] DEEPMD INFO    batch   98000: trn: rmse = 2.83e-02, rmse_e = 6.20e-04, rmse_f = 2.75e-02, lr = 5.86e-08
[2026-04-18 00:25:12,670] DEEPMD INFO    batch   98000: val: rmse = 2.81e-02, rmse_e = 5.82e-04, rmse_f = 2.73e-02
[2026-04-18 00:25:12,671] DEEPMD INFO    batch   98000: total wall time = 24.98 s, eta = 0:00:49
[2026-04-18 00:25:37,027] DEEPMD INFO    batch   99000: trn: rmse = 2.30e-02, rmse_e = 1.04e-03, rmse_f = 2.22e-02, lr = 5.86e-08
[2026-04-18 00:25:37,028] DEEPMD INFO    batch   99000: val: rmse = 2.64e-02, rmse_e = 4.00e-04, rmse_f = 2.56e-02
[2026-04-18 00:25:37,028] DEEPMD INFO    batch   99000: total wall time = 24.36 s, eta = 0:00:24
[2026-04-18 00:26:01,904] DEEPMD INFO    batch  100000: trn: rmse = 3.76e-02, rmse_e = 1.30e-03, rmse_f = 3.63e-02, lr = 5.86e-08
[2026-04-18 00:26:01,905] DEEPMD INFO    batch  100000: val: rmse = 3.47e-02, rmse_e = 8.04e-04, rmse_f = 3.36e-02
[2026-04-18 00:26:01,905] DEEPMD INFO    batch  100000: total wall time = 24.88 s, eta = 0:00:00
[2026-04-18 00:26:01,931] DEEPMD INFO    Saved model to model.ckpt-100000.pt
[2026-04-18 00:26:01,932] DEEPMD INFO    average training time: 0.0247 s/batch (1000 batches excluded)
[2026-04-18 00:26:01,932] DEEPMD INFO    Trained model has been saved to: model.ckpt
2026-04-18 00:26:02,708 - sparc.src.deepmd - INFO - Training completed successfully
2026-04-18 00:26:02,708 - INFO - Training completed successfully
[SPARC][INFO] Freezing model: dp --pt freeze -o frozen_model_1.pth
To get the best performance, it is recommended to adjust the number of threads by setting the environment variables OMP_NUM_THREADS, DP_INTRA_OP_PARALLELISM_THREADS, and DP_INTER_OP_PARALLELISM_THREADS. See https://deepmd.rtfd.io/parallelism/ for more information.
/home/rverma7/anaconda3/envs/sparcGNN/lib/python3.10/site-packages/e3nn/o3/_wigner.py:10: UserWarning: Environment variable TORCH_FORCE_NO_WEIGHTS_ONLY_LOAD detected, since the`weights_only` argument was not explicitly passed to `torch.load`, forcing weights_only=False.
  _Jd, _W3j_flat, _W3j_indices = torch.load(os.path.join(os.path.dirname(__file__), 'constants.pt'))
/home/rverma7/anaconda3/envs/sparcGNN/lib/python3.10/site-packages/nequip/__init__.py:20: UserWarning: !! PyTorch version 2.6.0 found. Upstream issues in PyTorch versions 1.13.* and 2.* have been seen to cause unusual performance degredations on some CUDA systems that become worse over time; see https://github.com/mir-group/nequip/discussions/311. The best tested PyTorch version to use with CUDA devices is 1.11; while using other versions if you observe this problem, an unexpected lack of this problem, or other strange behavior, please post in the linked GitHub issue.
  warnings.warn(
[2026-04-18 00:26:05,302] DEEPMD INFO    DeePMD version: 3.1.1
[2026-04-18 00:26:05,967] DEEPMD INFO    Saved frozen model to frozen_model_1.pth
2026-04-18 00:26:06,618 - sparc.src.deepmd - INFO - Model frozen successfully
2026-04-18 00:26:06,618 - INFO - Model frozen successfully
[SPARC][INFO] ================================================================================
[SPARC][INFO] DeepMD Model Evaluation Results
[SPARC][INFO] --------------------------------------------------------------------------------
[SPARC][INFO] [2026-04-18 00:26:08,049] DEEPMD WARNING To get the best performance, it is recommended to adjust the number of threads by setting the environment variables OMP_NUM_THREADS, DP_INTRA_OP_PARALLELISM_THREADS, and DP_INTER_OP_PARALLELISM_THREADS. See https://deepmd.rtfd.io/parallelism/ for more information.
/home/rverma7/anaconda3/envs/sparcGNN/lib/python3.10/site-packages/e3nn/o3/_wigner.py:10: UserWarning: Environment variable TORCH_FORCE_NO_WEIGHTS_ONLY_LOAD detected, since the`weights_only` argument was not explicitly passed to `torch.load`, forcing weights_only=False.
  _Jd, _W3j_flat, _W3j_indices = torch.load(os.path.join(os.path.dirname(__file__), 'constants.pt'))
/home/rverma7/anaconda3/envs/sparcGNN/lib/python3.10/site-packages/nequip/__init__.py:20: UserWarning: !! PyTorch version 2.6.0 found. Upstream issues in PyTorch versions 1.13.* and 2.* have been seen to cause unusual performance degredations on some CUDA systems that become worse over time; see https://github.com/mir-group/nequip/discussions/311. The best tested PyTorch version to use with CUDA devices is 1.11; while using other versions if you observe this problem, an unexpected lack of this problem, or other strange behavior, please post in the linked GitHub issue.
  warnings.warn(
[2026-04-18 00:26:09,829] DEEPMD INFO    # ---------------output of dp test--------------- 
[2026-04-18 00:26:09,829] DEEPMD INFO    # testing system : /home/rverma7/My_Program/0.3_sparc/examples/CP2K/workflow/DeePMD_training/00.data/validation_data
[2026-04-18 00:26:10,826] DEEPMD INFO    # number of test data : 52 
[2026-04-18 00:26:10,827] DEEPMD INFO    Energy MAE         : 4.948121e-03 eV
[2026-04-18 00:26:10,827] DEEPMD INFO    Energy RMSE        : 7.148253e-03 eV
[2026-04-18 00:26:10,827] DEEPMD INFO    Energy MAE/Natoms  : 6.185151e-04 eV
[2026-04-18 00:26:10,827] DEEPMD INFO    Energy RMSE/Natoms : 8.935317e-04 eV
[2026-04-18 00:26:10,827] DEEPMD INFO    Force  MAE         : 2.274853e-02 eV/Å
[2026-04-18 00:26:10,827] DEEPMD INFO    Force  RMSE        : 3.114624e-02 eV/Å
[2026-04-18 00:26:10,827] DEEPMD INFO    # ----------------------------------------------- 
[2026-04-18 00:26:10,827] DEEPMD INFO    # ----------weighted average of errors----------- 
[2026-04-18 00:26:10,827] DEEPMD INFO    # number of systems : 1
[2026-04-18 00:26:10,827] DEEPMD INFO    Energy MAE         : 4.948121e-03 eV
[2026-04-18 00:26:10,827] DEEPMD INFO    Energy RMSE        : 7.148253e-03 eV
[2026-04-18 00:26:10,827] DEEPMD INFO    Energy MAE/Natoms  : 6.185151e-04 eV
[2026-04-18 00:26:10,827] DEEPMD INFO    Energy RMSE/Natoms : 8.935317e-04 eV
[2026-04-18 00:26:10,827] DEEPMD INFO    Force  MAE         : 2.274853e-02 eV/Å
[2026-04-18 00:26:10,827] DEEPMD INFO    Force  RMSE        : 3.114624e-02 eV/Å
[2026-04-18 00:26:10,827] DEEPMD INFO    # -----------------------------------------------
[SPARC][INFO] ================================================================================
[SPARC][INFO] ================================================================================
[SPARC][INFO]  Training Model 2/3
[SPARC][INFO]  Directory: iter_000002/01.train/training_2
[SPARC][INFO] ================================================================================
2026-04-18 00:26:11,671 - sparc.src.deepmd - INFO - Training directory: iter_000002/01.train/training_2
2026-04-18 00:26:11,671 - INFO - Training directory: iter_000002/01.train/training_2
[SPARC][INFO]  Training Model 2/3
[SPARC][INFO] Directory                      iter_000002/01.train/training_2
[SPARC][INFO] Running command: dp --pt train input.json
To get the best performance, it is recommended to adjust the number of threads by setting the environment variables OMP_NUM_THREADS, DP_INTRA_OP_PARALLELISM_THREADS, and DP_INTER_OP_PARALLELISM_THREADS. See https://deepmd.rtfd.io/parallelism/ for more information.
/home/rverma7/anaconda3/envs/sparcGNN/lib/python3.10/site-packages/e3nn/o3/_wigner.py:10: UserWarning: Environment variable TORCH_FORCE_NO_WEIGHTS_ONLY_LOAD detected, since the`weights_only` argument was not explicitly passed to `torch.load`, forcing weights_only=False.
  _Jd, _W3j_flat, _W3j_indices = torch.load(os.path.join(os.path.dirname(__file__), 'constants.pt'))
/home/rverma7/anaconda3/envs/sparcGNN/lib/python3.10/site-packages/nequip/__init__.py:20: UserWarning: !! PyTorch version 2.6.0 found. Upstream issues in PyTorch versions 1.13.* and 2.* have been seen to cause unusual performance degredations on some CUDA systems that become worse over time; see https://github.com/mir-group/nequip/discussions/311. The best tested PyTorch version to use with CUDA devices is 1.11; while using other versions if you observe this problem, an unexpected lack of this problem, or other strange behavior, please post in the linked GitHub issue.
  warnings.warn(
[2026-04-18 00:26:14,235] DEEPMD INFO    DeePMD version: 3.1.1
[2026-04-18 00:26:14,236] DEEPMD INFO    Configuration path: input.json
[2026-04-18 00:26:14,253] DEEPMD INFO     _____               _____   __  __  _____           _     _  _   
[2026-04-18 00:26:14,253] DEEPMD INFO    |  __ \             |  __ \ |  \/  ||  __ \         | |   (_)| |  
[2026-04-18 00:26:14,253] DEEPMD INFO    | |  | |  ___   ___ | |__) || \  / || |  | | ______ | | __ _ | |_ 
[2026-04-18 00:26:14,253] DEEPMD INFO    | |  | | / _ \ / _ \|  ___/ | |\/| || |  | ||______|| |/ /| || __|
[2026-04-18 00:26:14,253] DEEPMD INFO    | |__| ||  __/|  __/| |     | |  | || |__| |        |   < | || |_ 
[2026-04-18 00:26:14,253] DEEPMD INFO    |_____/  \___| \___||_|     |_|  |_||_____/         |_|\_\|_| \__|
[2026-04-18 00:26:14,254] DEEPMD INFO    Please read and cite:
[2026-04-18 00:26:14,254] DEEPMD INFO    Wang, Zhang, Han and E, Comput.Phys.Comm. 228, 178-184 (2018)
[2026-04-18 00:26:14,254] DEEPMD INFO    Zeng et al, J. Chem. Phys., 159, 054801 (2023)
[2026-04-18 00:26:14,254] DEEPMD INFO    Zeng et al, J. Chem. Theory Comput., 21, 4375-4385 (2025)
[2026-04-18 00:26:14,254] DEEPMD INFO    See https://deepmd.rtfd.io/credits/ for details.
[2026-04-18 00:26:14,254] DEEPMD INFO    ------------------------------------------------------------------------------------------------------------------------------
[2026-04-18 00:26:14,254] DEEPMD INFO    installed to:          /home/rverma7/anaconda3/envs/sparcGNN/lib/python3.10/site-packages/deepmd
[2026-04-18 00:26:14,254] DEEPMD INFO    source:                
[2026-04-18 00:26:14,254] DEEPMD INFO    source branch:         HEAD
[2026-04-18 00:26:14,254] DEEPMD INFO    source commit:         9b566bf
[2026-04-18 00:26:14,254] DEEPMD INFO    source commit at:      2025-10-01 20:34:25 +0200
[2026-04-18 00:26:14,254] DEEPMD INFO    use float prec:        double
[2026-04-18 00:26:14,254] DEEPMD INFO    build variant:         cuda
[2026-04-18 00:26:14,254] DEEPMD INFO    Backend:               PyTorch
[2026-04-18 00:26:14,254] DEEPMD INFO    PT ver:                v2.6.0-gUnknown
[2026-04-18 00:26:14,254] DEEPMD INFO    Enable custom OP:      True
[2026-04-18 00:26:14,254] DEEPMD INFO    build with PT ver:     2.6.0
[2026-04-18 00:26:14,254] DEEPMD INFO    build with PT inc:     /home/rverma7/anaconda3/envs/sparcGNN/lib/python3.10/site-packages/torch/include
[2026-04-18 00:26:14,254] DEEPMD INFO                           /home/rverma7/anaconda3/envs/sparcGNN/lib/python3.10/site-packages/torch/include/torch/csrc/api/include
[2026-04-18 00:26:14,254] DEEPMD INFO    build with PT lib:     /home/rverma7/anaconda3/envs/sparcGNN/lib/python3.10/site-packages/torch/lib
[2026-04-18 00:26:14,254] DEEPMD INFO    running on:            cbe-dt-319.che.ncsu.edu
[2026-04-18 00:26:14,254] DEEPMD INFO    computing device:      cuda:0
[2026-04-18 00:26:14,254] DEEPMD INFO    CUDA_VISIBLE_DEVICES:  unset
[2026-04-18 00:26:14,254] DEEPMD INFO    Count of visible GPUs: 2
[2026-04-18 00:26:14,254] DEEPMD INFO    num_intra_threads:     0
[2026-04-18 00:26:14,254] DEEPMD INFO    num_inter_threads:     0
[2026-04-18 00:26:14,254] DEEPMD INFO    ------------------------------------------------------------------------------------------------------------------------------
[2026-04-18 00:26:14,290] DEEPMD INFO    Calculate neighbor statistics... (add --skip-neighbor-stat to skip this step)
[2026-04-18 00:26:14,595] DEEPMD INFO    Adjust batch size from 1024 to 2048
[2026-04-18 00:26:14,640] DEEPMD INFO    Neighbor statistics: training data with minimal neighbor distance: 0.956954
[2026-04-18 00:26:14,640] DEEPMD INFO    Neighbor statistics: training data with maximum neighbor size: [1 6 1] (cutoff radius: 6.000000)
[2026-04-18 00:26:14,641] DEEPMD INFO    Constructing DataLoaders from 1 systems
[2026-04-18 00:26:14,649] DEEPMD INFO    Constructing DataLoaders from 1 systems
[2026-04-18 00:26:14,685] DEEPMD INFO    Packing data for statistics from 1 systems
[2026-04-18 00:26:14,891] DEEPMD INFO    RMSE of energy per atom after linear regression is: 0.012655348417754245 in the unit of energy.
[2026-04-18 00:26:14,893] DEEPMD INFO    ---Summary of DataSystem: training     -----------------------------------------------
[2026-04-18 00:26:14,893] DEEPMD INFO    found 1 system(s):
[2026-04-18 00:26:14,893] DEEPMD INFO                                        system  natoms  bch_sz   n_bch       prob  pbc
[2026-04-18 00:26:14,893] DEEPMD INFO    -- w/DeePMD_training/00.data/training_data       8       4      51  1.000e+00    T
[2026-04-18 00:26:14,893] DEEPMD INFO    --------------------------------------------------------------------------------------
[2026-04-18 00:26:14,894] DEEPMD INFO    ---Summary of DataSystem: validation   -----------------------------------------------
[2026-04-18 00:26:14,894] DEEPMD INFO    found 1 system(s):
[2026-04-18 00:26:14,894] DEEPMD INFO                                        system  natoms  bch_sz   n_bch       prob  pbc
[2026-04-18 00:26:14,894] DEEPMD INFO    -- DeePMD_training/00.data/validation_data       8       4      13  1.000e+00    T
[2026-04-18 00:26:14,894] DEEPMD INFO    --------------------------------------------------------------------------------------
[2026-04-18 00:26:14,894] DEEPMD INFO    Start to train 100000 steps.
[2026-04-18 00:26:15,571] DEEPMD INFO    batch       1: trn: rmse = 4.63e+01, rmse_e = 1.19e+00, rmse_f = 1.46e+00, lr = 1.00e-03
[2026-04-18 00:26:15,572] DEEPMD INFO    batch       1: val: rmse = 6.69e+01, rmse_e = 1.55e-01, rmse_f = 2.12e+00
[2026-04-18 00:26:15,572] DEEPMD INFO    batch       1: total wall time = 0.68 s, eta = 18:48:47
[2026-04-18 00:26:40,106] DEEPMD INFO    batch    1000: trn: rmse = 7.66e+00, rmse_e = 5.88e-01, rmse_f = 2.42e-01, lr = 1.00e-03
[2026-04-18 00:26:40,107] DEEPMD INFO    batch    1000: val: rmse = 7.85e+00, rmse_e = 5.48e-01, rmse_f = 2.48e-01
[2026-04-18 00:26:40,107] DEEPMD INFO    batch    1000: total wall time = 24.54 s, eta = 0:40:28
[2026-04-18 00:27:04,370] DEEPMD INFO    batch    2000: trn: rmse = 3.63e+00, rmse_e = 5.80e-03, rmse_f = 1.15e-01, lr = 1.00e-03
[2026-04-18 00:27:04,370] DEEPMD INFO    batch    2000: val: rmse = 4.00e+00, rmse_e = 1.83e-02, rmse_f = 1.27e-01
[2026-04-18 00:27:04,370] DEEPMD INFO    batch    2000: total wall time = 24.26 s, eta = 0:39:37
[2026-04-18 00:27:29,161] DEEPMD INFO    batch    3000: trn: rmse = 2.82e+00, rmse_e = 4.49e-02, rmse_f = 8.92e-02, lr = 1.00e-03
[2026-04-18 00:27:29,162] DEEPMD INFO    batch    3000: val: rmse = 3.87e+00, rmse_e = 4.20e-02, rmse_f = 1.22e-01
[2026-04-18 00:27:29,162] DEEPMD INFO    batch    3000: total wall time = 24.79 s, eta = 0:40:04
[2026-04-18 00:27:53,406] DEEPMD INFO    batch    4000: trn: rmse = 2.67e+00, rmse_e = 6.22e-02, rmse_f = 8.43e-02, lr = 1.00e-03
[2026-04-18 00:27:53,406] DEEPMD INFO    batch    4000: val: rmse = 4.48e+00, rmse_e = 5.62e-02, rmse_f = 1.42e-01
[2026-04-18 00:27:53,406] DEEPMD INFO    batch    4000: total wall time = 24.24 s, eta = 0:38:47
[2026-04-18 00:28:18,150] DEEPMD INFO    batch    5000: trn: rmse = 3.93e+00, rmse_e = 1.74e-02, rmse_f = 1.24e-01, lr = 1.00e-03
[2026-04-18 00:28:18,150] DEEPMD INFO    batch    5000: val: rmse = 2.98e+00, rmse_e = 1.86e-02, rmse_f = 9.44e-02
[2026-04-18 00:28:18,150] DEEPMD INFO    batch    5000: total wall time = 24.74 s, eta = 0:39:10
[2026-04-18 00:28:42,153] DEEPMD INFO    batch    6000: trn: rmse = 1.58e+00, rmse_e = 2.42e-02, rmse_f = 6.44e-02, lr = 5.99e-04
[2026-04-18 00:28:42,154] DEEPMD INFO    batch    6000: val: rmse = 2.07e+00, rmse_e = 1.48e-02, rmse_f = 8.44e-02
[2026-04-18 00:28:42,154] DEEPMD INFO    batch    6000: total wall time = 24.00 s, eta = 0:37:36
[2026-04-18 00:29:06,430] DEEPMD INFO    batch    7000: trn: rmse = 1.73e+00, rmse_e = 1.42e-02, rmse_f = 7.07e-02, lr = 5.99e-04
[2026-04-18 00:29:06,430] DEEPMD INFO    batch    7000: val: rmse = 1.56e+00, rmse_e = 8.36e-03, rmse_f = 6.36e-02
[2026-04-18 00:29:06,430] DEEPMD INFO    batch    7000: total wall time = 24.28 s, eta = 0:37:37
[2026-04-18 00:29:30,623] DEEPMD INFO    batch    8000: trn: rmse = 2.01e+00, rmse_e = 3.96e-03, rmse_f = 8.23e-02, lr = 5.99e-04
[2026-04-18 00:29:30,623] DEEPMD INFO    batch    8000: val: rmse = 2.11e+00, rmse_e = 9.89e-03, rmse_f = 8.61e-02
[2026-04-18 00:29:30,624] DEEPMD INFO    batch    8000: total wall time = 24.19 s, eta = 0:37:05
[2026-04-18 00:29:54,986] DEEPMD INFO    batch    9000: trn: rmse = 1.58e+00, rmse_e = 1.66e-02, rmse_f = 6.44e-02, lr = 5.99e-04
[2026-04-18 00:29:54,986] DEEPMD INFO    batch    9000: val: rmse = 1.63e+00, rmse_e = 2.31e-02, rmse_f = 6.67e-02
[2026-04-18 00:29:54,987] DEEPMD INFO    batch    9000: total wall time = 24.36 s, eta = 0:36:57
[2026-04-18 00:30:19,921] DEEPMD INFO    batch   10000: trn: rmse = 1.31e+00, rmse_e = 2.23e-02, rmse_f = 5.33e-02, lr = 5.99e-04
[2026-04-18 00:30:19,921] DEEPMD INFO    batch   10000: val: rmse = 1.64e+00, rmse_e = 2.78e-02, rmse_f = 6.70e-02
[2026-04-18 00:30:19,922] DEEPMD INFO    batch   10000: total wall time = 24.94 s, eta = 0:37:24
[2026-04-18 00:30:19,948] DEEPMD INFO    Saved model to model.ckpt-10000.pt
[2026-04-18 00:30:44,827] DEEPMD INFO    batch   11000: trn: rmse = 9.04e-01, rmse_e = 5.34e-03, rmse_f = 4.77e-02, lr = 3.59e-04
[2026-04-18 00:30:44,827] DEEPMD INFO    batch   11000: val: rmse = 8.21e-01, rmse_e = 1.83e-03, rmse_f = 4.33e-02
[2026-04-18 00:30:44,827] DEEPMD INFO    batch   11000: total wall time = 24.91 s, eta = 0:36:56
[2026-04-18 00:31:09,274] DEEPMD INFO    batch   12000: trn: rmse = 1.01e+00, rmse_e = 9.19e-03, rmse_f = 5.33e-02, lr = 3.59e-04
[2026-04-18 00:31:09,274] DEEPMD INFO    batch   12000: val: rmse = 1.01e+00, rmse_e = 5.18e-03, rmse_f = 5.32e-02
[2026-04-18 00:31:09,274] DEEPMD INFO    batch   12000: total wall time = 24.45 s, eta = 0:35:51
[2026-04-18 00:31:33,507] DEEPMD INFO    batch   13000: trn: rmse = 1.01e+00, rmse_e = 1.46e-02, rmse_f = 5.33e-02, lr = 3.59e-04
[2026-04-18 00:31:33,508] DEEPMD INFO    batch   13000: val: rmse = 1.43e+00, rmse_e = 2.08e-02, rmse_f = 7.53e-02
[2026-04-18 00:31:33,508] DEEPMD INFO    batch   13000: total wall time = 24.23 s, eta = 0:35:08
[2026-04-18 00:31:58,160] DEEPMD INFO    batch   14000: trn: rmse = 9.61e-01, rmse_e = 5.86e-03, rmse_f = 5.07e-02, lr = 3.59e-04
[2026-04-18 00:31:58,160] DEEPMD INFO    batch   14000: val: rmse = 8.19e-01, rmse_e = 5.14e-03, rmse_f = 4.32e-02
[2026-04-18 00:31:58,160] DEEPMD INFO    batch   14000: total wall time = 24.65 s, eta = 0:35:20
[2026-04-18 00:32:22,247] DEEPMD INFO    batch   15000: trn: rmse = 1.51e+00, rmse_e = 2.13e-02, rmse_f = 7.97e-02, lr = 3.59e-04
[2026-04-18 00:32:22,247] DEEPMD INFO    batch   15000: val: rmse = 1.80e+00, rmse_e = 2.16e-02, rmse_f = 9.51e-02
[2026-04-18 00:32:22,248] DEEPMD INFO    batch   15000: total wall time = 24.09 s, eta = 0:34:07
[2026-04-18 00:32:46,285] DEEPMD INFO    batch   16000: trn: rmse = 6.43e-01, rmse_e = 2.22e-03, rmse_f = 4.38e-02, lr = 2.15e-04
[2026-04-18 00:32:46,285] DEEPMD INFO    batch   16000: val: rmse = 7.23e-01, rmse_e = 5.42e-03, rmse_f = 4.92e-02
[2026-04-18 00:32:46,286] DEEPMD INFO    batch   16000: total wall time = 24.04 s, eta = 0:33:39
[2026-04-18 00:33:11,128] DEEPMD INFO    batch   17000: trn: rmse = 6.74e-01, rmse_e = 4.08e-03, rmse_f = 4.59e-02, lr = 2.15e-04
[2026-04-18 00:33:11,128] DEEPMD INFO    batch   17000: val: rmse = 7.54e-01, rmse_e = 2.42e-03, rmse_f = 5.14e-02
[2026-04-18 00:33:11,129] DEEPMD INFO    batch   17000: total wall time = 24.84 s, eta = 0:34:21
[2026-04-18 00:33:35,105] DEEPMD INFO    batch   18000: trn: rmse = 6.69e-01, rmse_e = 2.45e-03, rmse_f = 4.56e-02, lr = 2.15e-04
[2026-04-18 00:33:35,105] DEEPMD INFO    batch   18000: val: rmse = 6.70e-01, rmse_e = 2.46e-03, rmse_f = 4.56e-02
[2026-04-18 00:33:35,106] DEEPMD INFO    batch   18000: total wall time = 23.98 s, eta = 0:32:46
[2026-04-18 00:33:58,727] DEEPMD INFO    batch   19000: trn: rmse = 5.24e-01, rmse_e = 7.41e-03, rmse_f = 3.57e-02, lr = 2.15e-04
[2026-04-18 00:33:58,728] DEEPMD INFO    batch   19000: val: rmse = 6.72e-01, rmse_e = 6.15e-03, rmse_f = 4.58e-02
[2026-04-18 00:33:58,728] DEEPMD INFO    batch   19000: total wall time = 23.62 s, eta = 0:31:53
[2026-04-18 00:34:23,044] DEEPMD INFO    batch   20000: trn: rmse = 6.55e-01, rmse_e = 4.93e-03, rmse_f = 4.46e-02, lr = 2.15e-04
[2026-04-18 00:34:23,044] DEEPMD INFO    batch   20000: val: rmse = 7.44e-01, rmse_e = 8.15e-03, rmse_f = 5.06e-02
[2026-04-18 00:34:23,044] DEEPMD INFO    batch   20000: total wall time = 24.32 s, eta = 0:32:25
[2026-04-18 00:34:23,071] DEEPMD INFO    Saved model to model.ckpt-20000.pt
[2026-04-18 00:34:47,500] DEEPMD INFO    batch   21000: trn: rmse = 4.86e-01, rmse_e = 1.46e-03, rmse_f = 4.27e-02, lr = 1.29e-04
[2026-04-18 00:34:47,500] DEEPMD INFO    batch   21000: val: rmse = 5.17e-01, rmse_e = 2.19e-03, rmse_f = 4.54e-02
[2026-04-18 00:34:47,501] DEEPMD INFO    batch   21000: total wall time = 24.46 s, eta = 0:32:12
[2026-04-18 00:35:11,618] DEEPMD INFO    batch   22000: trn: rmse = 4.54e-01, rmse_e = 2.56e-03, rmse_f = 3.99e-02, lr = 1.29e-04
[2026-04-18 00:35:11,618] DEEPMD INFO    batch   22000: val: rmse = 4.78e-01, rmse_e = 2.30e-03, rmse_f = 4.20e-02
[2026-04-18 00:35:11,618] DEEPMD INFO    batch   22000: total wall time = 24.12 s, eta = 0:31:21
[2026-04-18 00:35:36,544] DEEPMD INFO    batch   23000: trn: rmse = 3.19e-01, rmse_e = 2.30e-03, rmse_f = 2.80e-02, lr = 1.29e-04
[2026-04-18 00:35:36,544] DEEPMD INFO    batch   23000: val: rmse = 4.01e-01, rmse_e = 9.89e-04, rmse_f = 3.52e-02
[2026-04-18 00:35:36,545] DEEPMD INFO    batch   23000: total wall time = 24.93 s, eta = 0:31:59
[2026-04-18 00:36:00,262] DEEPMD INFO    batch   24000: trn: rmse = 5.05e-01, rmse_e = 5.13e-03, rmse_f = 4.43e-02, lr = 1.29e-04
[2026-04-18 00:36:00,263] DEEPMD INFO    batch   24000: val: rmse = 4.72e-01, rmse_e = 7.70e-03, rmse_f = 4.15e-02
[2026-04-18 00:36:00,263] DEEPMD INFO    batch   24000: total wall time = 23.72 s, eta = 0:30:02
[2026-04-18 00:36:24,760] DEEPMD INFO    batch   25000: trn: rmse = 2.94e-01, rmse_e = 5.69e-03, rmse_f = 2.58e-02, lr = 1.29e-04
[2026-04-18 00:36:24,761] DEEPMD INFO    batch   25000: val: rmse = 3.74e-01, rmse_e = 4.20e-03, rmse_f = 3.28e-02
[2026-04-18 00:36:24,761] DEEPMD INFO    batch   25000: total wall time = 24.50 s, eta = 0:30:37
[2026-04-18 00:36:49,908] DEEPMD INFO    batch   26000: trn: rmse = 2.59e-01, rmse_e = 4.50e-03, rmse_f = 2.93e-02, lr = 7.70e-05
[2026-04-18 00:36:49,908] DEEPMD INFO    batch   26000: val: rmse = 3.61e-01, rmse_e = 3.79e-03, rmse_f = 4.09e-02
[2026-04-18 00:36:49,908] DEEPMD INFO    batch   26000: total wall time = 25.15 s, eta = 0:31:00
[2026-04-18 00:37:14,576] DEEPMD INFO    batch   27000: trn: rmse = 3.07e-01, rmse_e = 8.16e-04, rmse_f = 3.48e-02, lr = 7.70e-05
[2026-04-18 00:37:14,576] DEEPMD INFO    batch   27000: val: rmse = 3.98e-01, rmse_e = 1.19e-03, rmse_f = 4.51e-02
[2026-04-18 00:37:14,577] DEEPMD INFO    batch   27000: total wall time = 24.67 s, eta = 0:30:00
[2026-04-18 00:37:39,205] DEEPMD INFO    batch   28000: trn: rmse = 3.48e-01, rmse_e = 6.30e-03, rmse_f = 3.93e-02, lr = 7.70e-05
[2026-04-18 00:37:39,206] DEEPMD INFO    batch   28000: val: rmse = 2.91e-01, rmse_e = 3.54e-03, rmse_f = 3.30e-02
[2026-04-18 00:37:39,206] DEEPMD INFO    batch   28000: total wall time = 24.63 s, eta = 0:29:33
[2026-04-18 00:38:03,820] DEEPMD INFO    batch   29000: trn: rmse = 2.36e-01, rmse_e = 1.05e-03, rmse_f = 2.67e-02, lr = 7.70e-05
[2026-04-18 00:38:03,820] DEEPMD INFO    batch   29000: val: rmse = 3.42e-01, rmse_e = 1.63e-03, rmse_f = 3.87e-02
[2026-04-18 00:38:03,820] DEEPMD INFO    batch   29000: total wall time = 24.61 s, eta = 0:29:07
[2026-04-18 00:38:28,265] DEEPMD INFO    batch   30000: trn: rmse = 3.25e-01, rmse_e = 2.83e-04, rmse_f = 3.69e-02, lr = 7.70e-05
[2026-04-18 00:38:28,265] DEEPMD INFO    batch   30000: val: rmse = 3.00e-01, rmse_e = 2.03e-03, rmse_f = 3.40e-02
[2026-04-18 00:38:28,266] DEEPMD INFO    batch   30000: total wall time = 24.45 s, eta = 0:28:31
[2026-04-18 00:38:28,292] DEEPMD INFO    Saved model to model.ckpt-30000.pt
[2026-04-18 00:38:53,173] DEEPMD INFO    batch   31000: trn: rmse = 1.77e-01, rmse_e = 2.09e-03, rmse_f = 2.58e-02, lr = 4.61e-05
[2026-04-18 00:38:53,174] DEEPMD INFO    batch   31000: val: rmse = 2.55e-01, rmse_e = 9.46e-04, rmse_f = 3.71e-02
[2026-04-18 00:38:53,174] DEEPMD INFO    batch   31000: total wall time = 24.91 s, eta = 0:28:38
[2026-04-18 00:39:18,287] DEEPMD INFO    batch   32000: trn: rmse = 2.09e-01, rmse_e = 8.23e-04, rmse_f = 3.05e-02, lr = 4.61e-05
[2026-04-18 00:39:18,287] DEEPMD INFO    batch   32000: val: rmse = 2.71e-01, rmse_e = 8.52e-04, rmse_f = 3.94e-02
[2026-04-18 00:39:18,287] DEEPMD INFO    batch   32000: total wall time = 25.11 s, eta = 0:28:27
[2026-04-18 00:39:41,984] DEEPMD INFO    batch   33000: trn: rmse = 2.60e-01, rmse_e = 1.39e-03, rmse_f = 3.79e-02, lr = 4.61e-05
[2026-04-18 00:39:41,985] DEEPMD INFO    batch   33000: val: rmse = 3.16e-01, rmse_e = 3.22e-03, rmse_f = 4.61e-02
[2026-04-18 00:39:41,985] DEEPMD INFO    batch   33000: total wall time = 23.70 s, eta = 0:26:27
[2026-04-18 00:40:05,721] DEEPMD INFO    batch   34000: trn: rmse = 2.15e-01, rmse_e = 1.04e-03, rmse_f = 3.13e-02, lr = 4.61e-05
[2026-04-18 00:40:05,721] DEEPMD INFO    batch   34000: val: rmse = 2.40e-01, rmse_e = 4.47e-04, rmse_f = 3.50e-02
[2026-04-18 00:40:05,721] DEEPMD INFO    batch   34000: total wall time = 23.74 s, eta = 0:26:06
[2026-04-18 00:40:30,177] DEEPMD INFO    batch   35000: trn: rmse = 2.92e-01, rmse_e = 2.12e-03, rmse_f = 4.25e-02, lr = 4.61e-05
[2026-04-18 00:40:30,177] DEEPMD INFO    batch   35000: val: rmse = 1.97e-01, rmse_e = 6.41e-04, rmse_f = 2.88e-02
[2026-04-18 00:40:30,177] DEEPMD INFO    batch   35000: total wall time = 24.46 s, eta = 0:26:29
[2026-04-18 00:40:54,453] DEEPMD INFO    batch   36000: trn: rmse = 1.63e-01, rmse_e = 5.37e-04, rmse_f = 3.06e-02, lr = 2.76e-05
[2026-04-18 00:40:54,453] DEEPMD INFO    batch   36000: val: rmse = 1.33e-01, rmse_e = 4.58e-04, rmse_f = 2.49e-02
[2026-04-18 00:40:54,454] DEEPMD INFO    batch   36000: total wall time = 24.28 s, eta = 0:25:53
[2026-04-18 00:41:19,045] DEEPMD INFO    batch   37000: trn: rmse = 1.33e-01, rmse_e = 5.51e-04, rmse_f = 2.48e-02, lr = 2.76e-05
[2026-04-18 00:41:19,045] DEEPMD INFO    batch   37000: val: rmse = 1.83e-01, rmse_e = 3.73e-04, rmse_f = 3.42e-02
[2026-04-18 00:41:19,046] DEEPMD INFO    batch   37000: total wall time = 24.59 s, eta = 0:25:49
[2026-04-18 00:41:43,152] DEEPMD INFO    batch   38000: trn: rmse = 1.58e-01, rmse_e = 2.11e-03, rmse_f = 2.95e-02, lr = 2.76e-05
[2026-04-18 00:41:43,152] DEEPMD INFO    batch   38000: val: rmse = 2.29e-01, rmse_e = 1.49e-03, rmse_f = 4.28e-02
[2026-04-18 00:41:43,153] DEEPMD INFO    batch   38000: total wall time = 24.11 s, eta = 0:24:54
[2026-04-18 00:42:08,109] DEEPMD INFO    batch   39000: trn: rmse = 1.91e-01, rmse_e = 1.71e-03, rmse_f = 3.58e-02, lr = 2.76e-05
[2026-04-18 00:42:08,110] DEEPMD INFO    batch   39000: val: rmse = 1.65e-01, rmse_e = 1.59e-03, rmse_f = 3.08e-02
[2026-04-18 00:42:08,110] DEEPMD INFO    batch   39000: total wall time = 24.96 s, eta = 0:25:22
[2026-04-18 00:42:32,887] DEEPMD INFO    batch   40000: trn: rmse = 1.25e-01, rmse_e = 6.74e-04, rmse_f = 2.34e-02, lr = 2.76e-05
[2026-04-18 00:42:32,887] DEEPMD INFO    batch   40000: val: rmse = 2.14e-01, rmse_e = 1.68e-03, rmse_f = 4.00e-02
[2026-04-18 00:42:32,888] DEEPMD INFO    batch   40000: total wall time = 24.78 s, eta = 0:24:46
[2026-04-18 00:42:32,914] DEEPMD INFO    Saved model to model.ckpt-40000.pt
[2026-04-18 00:42:57,046] DEEPMD INFO    batch   41000: trn: rmse = 1.06e-01, rmse_e = 1.24e-03, rmse_f = 2.54e-02, lr = 1.65e-05
[2026-04-18 00:42:57,046] DEEPMD INFO    batch   41000: val: rmse = 1.28e-01, rmse_e = 1.87e-03, rmse_f = 3.06e-02
[2026-04-18 00:42:57,046] DEEPMD INFO    batch   41000: total wall time = 24.16 s, eta = 0:23:45
[2026-04-18 00:43:21,540] DEEPMD INFO    batch   42000: trn: rmse = 1.11e-01, rmse_e = 2.74e-03, rmse_f = 2.64e-02, lr = 1.65e-05
[2026-04-18 00:43:21,540] DEEPMD INFO    batch   42000: val: rmse = 1.15e-01, rmse_e = 4.26e-03, rmse_f = 2.74e-02
[2026-04-18 00:43:21,541] DEEPMD INFO    batch   42000: total wall time = 24.49 s, eta = 0:23:40
[2026-04-18 00:43:46,510] DEEPMD INFO    batch   43000: trn: rmse = 7.44e-02, rmse_e = 1.17e-03, rmse_f = 1.78e-02, lr = 1.65e-05
[2026-04-18 00:43:46,511] DEEPMD INFO    batch   43000: val: rmse = 1.12e-01, rmse_e = 2.12e-03, rmse_f = 2.66e-02
[2026-04-18 00:43:46,511] DEEPMD INFO    batch   43000: total wall time = 24.97 s, eta = 0:23:43
[2026-04-18 00:44:10,743] DEEPMD INFO    batch   44000: trn: rmse = 9.71e-02, rmse_e = 1.86e-03, rmse_f = 2.32e-02, lr = 1.65e-05
[2026-04-18 00:44:10,744] DEEPMD INFO    batch   44000: val: rmse = 1.65e-01, rmse_e = 2.60e-03, rmse_f = 3.95e-02
[2026-04-18 00:44:10,744] DEEPMD INFO    batch   44000: total wall time = 24.23 s, eta = 0:22:37
[2026-04-18 00:44:34,932] DEEPMD INFO    batch   45000: trn: rmse = 1.19e-01, rmse_e = 2.64e-03, rmse_f = 2.84e-02, lr = 1.65e-05
[2026-04-18 00:44:34,932] DEEPMD INFO    batch   45000: val: rmse = 9.54e-02, rmse_e = 2.23e-03, rmse_f = 2.28e-02
[2026-04-18 00:44:34,932] DEEPMD INFO    batch   45000: total wall time = 24.19 s, eta = 0:22:10
[2026-04-18 00:45:00,508] DEEPMD INFO    batch   46000: trn: rmse = 7.16e-02, rmse_e = 3.81e-04, rmse_f = 2.17e-02, lr = 9.89e-06
[2026-04-18 00:45:00,508] DEEPMD INFO    batch   46000: val: rmse = 1.33e-01, rmse_e = 1.63e-03, rmse_f = 4.04e-02
[2026-04-18 00:45:00,509] DEEPMD INFO    batch   46000: total wall time = 25.58 s, eta = 0:23:01
[2026-04-18 00:45:25,452] DEEPMD INFO    batch   47000: trn: rmse = 8.03e-02, rmse_e = 5.78e-04, rmse_f = 2.43e-02, lr = 9.89e-06
[2026-04-18 00:45:25,452] DEEPMD INFO    batch   47000: val: rmse = 1.47e-01, rmse_e = 9.19e-04, rmse_f = 4.46e-02
[2026-04-18 00:45:25,452] DEEPMD INFO    batch   47000: total wall time = 24.94 s, eta = 0:22:02
[2026-04-18 00:45:50,004] DEEPMD INFO    batch   48000: trn: rmse = 7.57e-02, rmse_e = 1.09e-03, rmse_f = 2.29e-02, lr = 9.89e-06
[2026-04-18 00:45:50,005] DEEPMD INFO    batch   48000: val: rmse = 9.08e-02, rmse_e = 1.59e-03, rmse_f = 2.75e-02
[2026-04-18 00:45:50,005] DEEPMD INFO    batch   48000: total wall time = 24.55 s, eta = 0:21:16
[2026-04-18 00:46:14,737] DEEPMD INFO    batch   49000: trn: rmse = 6.76e-02, rmse_e = 1.20e-03, rmse_f = 2.05e-02, lr = 9.89e-06
[2026-04-18 00:46:14,737] DEEPMD INFO    batch   49000: val: rmse = 8.52e-02, rmse_e = 8.16e-04, rmse_f = 2.58e-02
[2026-04-18 00:46:14,738] DEEPMD INFO    batch   49000: total wall time = 24.73 s, eta = 0:21:01
[2026-04-18 00:46:38,245] DEEPMD INFO    batch   50000: trn: rmse = 8.97e-02, rmse_e = 1.41e-03, rmse_f = 2.71e-02, lr = 9.89e-06
[2026-04-18 00:46:38,245] DEEPMD INFO    batch   50000: val: rmse = 1.09e-01, rmse_e = 1.01e-03, rmse_f = 3.31e-02
[2026-04-18 00:46:38,246] DEEPMD INFO    batch   50000: total wall time = 23.51 s, eta = 0:19:35
[2026-04-18 00:46:38,272] DEEPMD INFO    Saved model to model.ckpt-50000.pt
[2026-04-18 00:47:02,742] DEEPMD INFO    batch   51000: trn: rmse = 6.58e-02, rmse_e = 6.28e-04, rmse_f = 2.50e-02, lr = 5.92e-06
[2026-04-18 00:47:02,742] DEEPMD INFO    batch   51000: val: rmse = 7.89e-02, rmse_e = 6.21e-04, rmse_f = 3.00e-02
[2026-04-18 00:47:02,742] DEEPMD INFO    batch   51000: total wall time = 24.50 s, eta = 0:20:00
[2026-04-18 00:47:27,857] DEEPMD INFO    batch   52000: trn: rmse = 9.22e-02, rmse_e = 1.29e-03, rmse_f = 3.50e-02, lr = 5.92e-06
[2026-04-18 00:47:27,857] DEEPMD INFO    batch   52000: val: rmse = 5.46e-02, rmse_e = 1.45e-04, rmse_f = 2.07e-02
[2026-04-18 00:47:27,858] DEEPMD INFO    batch   52000: total wall time = 25.12 s, eta = 0:20:05
[2026-04-18 00:47:52,515] DEEPMD INFO    batch   53000: trn: rmse = 7.20e-02, rmse_e = 7.42e-04, rmse_f = 2.74e-02, lr = 5.92e-06
[2026-04-18 00:47:52,516] DEEPMD INFO    batch   53000: val: rmse = 1.05e-01, rmse_e = 6.14e-04, rmse_f = 3.98e-02
[2026-04-18 00:47:52,516] DEEPMD INFO    batch   53000: total wall time = 24.66 s, eta = 0:19:18
[2026-04-18 00:48:17,160] DEEPMD INFO    batch   54000: trn: rmse = 4.72e-02, rmse_e = 6.66e-04, rmse_f = 1.79e-02, lr = 5.92e-06
[2026-04-18 00:48:17,160] DEEPMD INFO    batch   54000: val: rmse = 4.95e-02, rmse_e = 3.28e-04, rmse_f = 1.88e-02
[2026-04-18 00:48:17,161] DEEPMD INFO    batch   54000: total wall time = 24.64 s, eta = 0:18:53
[2026-04-18 00:48:41,567] DEEPMD INFO    batch   55000: trn: rmse = 6.06e-02, rmse_e = 7.40e-04, rmse_f = 2.30e-02, lr = 5.92e-06
[2026-04-18 00:48:41,567] DEEPMD INFO    batch   55000: val: rmse = 8.87e-02, rmse_e = 2.33e-04, rmse_f = 3.37e-02
[2026-04-18 00:48:41,567] DEEPMD INFO    batch   55000: total wall time = 24.41 s, eta = 0:18:18
[2026-04-18 00:49:06,796] DEEPMD INFO    batch   56000: trn: rmse = 3.76e-02, rmse_e = 5.06e-04, rmse_f = 1.76e-02, lr = 3.55e-06
[2026-04-18 00:49:06,796] DEEPMD INFO    batch   56000: val: rmse = 6.28e-02, rmse_e = 1.55e-03, rmse_f = 2.94e-02
[2026-04-18 00:49:06,796] DEEPMD INFO    batch   56000: total wall time = 25.23 s, eta = 0:18:30
[2026-04-18 00:49:31,500] DEEPMD INFO    batch   57000: trn: rmse = 7.04e-02, rmse_e = 4.43e-04, rmse_f = 3.30e-02, lr = 3.55e-06
[2026-04-18 00:49:31,500] DEEPMD INFO    batch   57000: val: rmse = 8.10e-02, rmse_e = 2.12e-03, rmse_f = 3.79e-02
[2026-04-18 00:49:31,500] DEEPMD INFO    batch   57000: total wall time = 24.70 s, eta = 0:17:42
[2026-04-18 00:49:55,159] DEEPMD INFO    batch   58000: trn: rmse = 6.15e-02, rmse_e = 7.76e-04, rmse_f = 2.88e-02, lr = 3.55e-06
[2026-04-18 00:49:55,159] DEEPMD INFO    batch   58000: val: rmse = 7.68e-02, rmse_e = 8.70e-04, rmse_f = 3.60e-02
[2026-04-18 00:49:55,160] DEEPMD INFO    batch   58000: total wall time = 23.66 s, eta = 0:16:33
[2026-04-18 00:50:19,079] DEEPMD INFO    batch   59000: trn: rmse = 4.21e-02, rmse_e = 3.88e-04, rmse_f = 1.98e-02, lr = 3.55e-06
[2026-04-18 00:50:19,079] DEEPMD INFO    batch   59000: val: rmse = 7.56e-02, rmse_e = 7.66e-04, rmse_f = 3.55e-02
[2026-04-18 00:50:19,080] DEEPMD INFO    batch   59000: total wall time = 23.92 s, eta = 0:16:20
[2026-04-18 00:50:43,311] DEEPMD INFO    batch   60000: trn: rmse = 4.71e-02, rmse_e = 5.27e-04, rmse_f = 2.21e-02, lr = 3.55e-06
[2026-04-18 00:50:43,312] DEEPMD INFO    batch   60000: val: rmse = 8.78e-02, rmse_e = 3.94e-04, rmse_f = 4.12e-02
[2026-04-18 00:50:43,312] DEEPMD INFO    batch   60000: total wall time = 24.23 s, eta = 0:16:09
[2026-04-18 00:50:43,339] DEEPMD INFO    Saved model to model.ckpt-60000.pt
[2026-04-18 00:51:08,278] DEEPMD INFO    batch   61000: trn: rmse = 3.98e-02, rmse_e = 8.15e-04, rmse_f = 2.25e-02, lr = 2.12e-06
[2026-04-18 00:51:08,278] DEEPMD INFO    batch   61000: val: rmse = 6.23e-02, rmse_e = 7.61e-04, rmse_f = 3.53e-02
[2026-04-18 00:51:08,278] DEEPMD INFO    batch   61000: total wall time = 24.97 s, eta = 0:16:13
[2026-04-18 00:51:32,362] DEEPMD INFO    batch   62000: trn: rmse = 5.99e-02, rmse_e = 1.20e-03, rmse_f = 3.38e-02, lr = 2.12e-06
[2026-04-18 00:51:32,362] DEEPMD INFO    batch   62000: val: rmse = 6.42e-02, rmse_e = 1.17e-03, rmse_f = 3.63e-02
[2026-04-18 00:51:32,362] DEEPMD INFO    batch   62000: total wall time = 24.08 s, eta = 0:15:15
[2026-04-18 00:51:56,839] DEEPMD INFO    batch   63000: trn: rmse = 4.34e-02, rmse_e = 8.38e-04, rmse_f = 2.45e-02, lr = 2.12e-06
[2026-04-18 00:51:56,839] DEEPMD INFO    batch   63000: val: rmse = 6.17e-02, rmse_e = 4.10e-04, rmse_f = 3.49e-02
[2026-04-18 00:51:56,840] DEEPMD INFO    batch   63000: total wall time = 24.48 s, eta = 0:15:05
[2026-04-18 00:52:21,443] DEEPMD INFO    batch   64000: trn: rmse = 5.54e-02, rmse_e = 1.12e-03, rmse_f = 3.13e-02, lr = 2.12e-06
[2026-04-18 00:52:21,444] DEEPMD INFO    batch   64000: val: rmse = 3.74e-02, rmse_e = 5.96e-04, rmse_f = 2.11e-02
[2026-04-18 00:52:21,444] DEEPMD INFO    batch   64000: total wall time = 24.60 s, eta = 0:14:45
[2026-04-18 00:52:45,905] DEEPMD INFO    batch   65000: trn: rmse = 4.51e-02, rmse_e = 1.54e-03, rmse_f = 2.54e-02, lr = 2.12e-06
[2026-04-18 00:52:45,905] DEEPMD INFO    batch   65000: val: rmse = 4.01e-02, rmse_e = 5.36e-04, rmse_f = 2.27e-02
[2026-04-18 00:52:45,905] DEEPMD INFO    batch   65000: total wall time = 24.46 s, eta = 0:14:16
[2026-04-18 00:53:10,280] DEEPMD INFO    batch   66000: trn: rmse = 4.04e-02, rmse_e = 7.94e-04, rmse_f = 2.67e-02, lr = 1.27e-06
[2026-04-18 00:53:10,280] DEEPMD INFO    batch   66000: val: rmse = 5.74e-02, rmse_e = 1.11e-03, rmse_f = 3.80e-02
[2026-04-18 00:53:10,281] DEEPMD INFO    batch   66000: total wall time = 24.38 s, eta = 0:13:48
[2026-04-18 00:53:34,581] DEEPMD INFO    batch   67000: trn: rmse = 3.13e-02, rmse_e = 5.34e-04, rmse_f = 2.07e-02, lr = 1.27e-06
[2026-04-18 00:53:34,581] DEEPMD INFO    batch   67000: val: rmse = 3.81e-02, rmse_e = 3.90e-04, rmse_f = 2.53e-02
[2026-04-18 00:53:34,581] DEEPMD INFO    batch   67000: total wall time = 24.30 s, eta = 0:13:21
[2026-04-18 00:53:58,960] DEEPMD INFO    batch   68000: trn: rmse = 3.54e-02, rmse_e = 5.44e-04, rmse_f = 2.35e-02, lr = 1.27e-06
[2026-04-18 00:53:58,960] DEEPMD INFO    batch   68000: val: rmse = 5.71e-02, rmse_e = 1.07e-03, rmse_f = 3.79e-02
[2026-04-18 00:53:58,960] DEEPMD INFO    batch   68000: total wall time = 24.38 s, eta = 0:13:00
[2026-04-18 00:54:23,498] DEEPMD INFO    batch   69000: trn: rmse = 3.96e-02, rmse_e = 6.06e-04, rmse_f = 2.63e-02, lr = 1.27e-06
[2026-04-18 00:54:23,499] DEEPMD INFO    batch   69000: val: rmse = 4.23e-02, rmse_e = 9.72e-04, rmse_f = 2.80e-02
[2026-04-18 00:54:23,499] DEEPMD INFO    batch   69000: total wall time = 24.54 s, eta = 0:12:40
[2026-04-18 00:54:47,644] DEEPMD INFO    batch   70000: trn: rmse = 4.74e-02, rmse_e = 9.59e-04, rmse_f = 3.14e-02, lr = 1.27e-06
[2026-04-18 00:54:47,645] DEEPMD INFO    batch   70000: val: rmse = 4.57e-02, rmse_e = 9.25e-04, rmse_f = 3.03e-02
[2026-04-18 00:54:47,645] DEEPMD INFO    batch   70000: total wall time = 24.15 s, eta = 0:12:04
[2026-04-18 00:54:47,672] DEEPMD INFO    Saved model to model.ckpt-70000.pt
[2026-04-18 00:55:11,792] DEEPMD INFO    batch   71000: trn: rmse = 4.64e-02, rmse_e = 4.31e-04, rmse_f = 3.49e-02, lr = 7.62e-07
[2026-04-18 00:55:11,792] DEEPMD INFO    batch   71000: val: rmse = 3.79e-02, rmse_e = 9.99e-04, rmse_f = 2.85e-02
[2026-04-18 00:55:11,793] DEEPMD INFO    batch   71000: total wall time = 24.15 s, eta = 0:11:40
[2026-04-18 00:55:36,874] DEEPMD INFO    batch   72000: trn: rmse = 3.33e-02, rmse_e = 5.43e-04, rmse_f = 2.50e-02, lr = 7.62e-07
[2026-04-18 00:55:36,874] DEEPMD INFO    batch   72000: val: rmse = 4.29e-02, rmse_e = 4.92e-04, rmse_f = 3.23e-02
[2026-04-18 00:55:36,875] DEEPMD INFO    batch   72000: total wall time = 25.08 s, eta = 0:11:42
[2026-04-18 00:56:01,173] DEEPMD INFO    batch   73000: trn: rmse = 2.88e-02, rmse_e = 8.00e-04, rmse_f = 2.16e-02, lr = 7.62e-07
[2026-04-18 00:56:01,174] DEEPMD INFO    batch   73000: val: rmse = 4.08e-02, rmse_e = 7.14e-04, rmse_f = 3.07e-02
[2026-04-18 00:56:01,174] DEEPMD INFO    batch   73000: total wall time = 24.30 s, eta = 0:10:56
[2026-04-18 00:56:25,900] DEEPMD INFO    batch   74000: trn: rmse = 3.88e-02, rmse_e = 8.97e-04, rmse_f = 2.92e-02, lr = 7.62e-07
[2026-04-18 00:56:25,900] DEEPMD INFO    batch   74000: val: rmse = 3.30e-02, rmse_e = 3.16e-04, rmse_f = 2.49e-02
[2026-04-18 00:56:25,901] DEEPMD INFO    batch   74000: total wall time = 24.73 s, eta = 0:10:42
[2026-04-18 00:56:50,538] DEEPMD INFO    batch   75000: trn: rmse = 3.70e-02, rmse_e = 1.09e-03, rmse_f = 2.78e-02, lr = 7.62e-07
[2026-04-18 00:56:50,538] DEEPMD INFO    batch   75000: val: rmse = 4.57e-02, rmse_e = 1.61e-03, rmse_f = 3.43e-02
[2026-04-18 00:56:50,539] DEEPMD INFO    batch   75000: total wall time = 24.64 s, eta = 0:10:15
[2026-04-18 00:57:15,258] DEEPMD INFO    batch   76000: trn: rmse = 3.75e-02, rmse_e = 5.44e-04, rmse_f = 3.11e-02, lr = 4.56e-07
[2026-04-18 00:57:15,258] DEEPMD INFO    batch   76000: val: rmse = 3.31e-02, rmse_e = 3.39e-04, rmse_f = 2.75e-02
[2026-04-18 00:57:15,258] DEEPMD INFO    batch   76000: total wall time = 24.72 s, eta = 0:09:53
[2026-04-18 00:57:40,421] DEEPMD INFO    batch   77000: trn: rmse = 4.24e-02, rmse_e = 8.24e-04, rmse_f = 3.51e-02, lr = 4.56e-07
[2026-04-18 00:57:40,421] DEEPMD INFO    batch   77000: val: rmse = 3.70e-02, rmse_e = 3.40e-04, rmse_f = 3.07e-02
[2026-04-18 00:57:40,421] DEEPMD INFO    batch   77000: total wall time = 25.16 s, eta = 0:09:38
[2026-04-18 00:58:04,878] DEEPMD INFO    batch   78000: trn: rmse = 3.95e-02, rmse_e = 1.40e-03, rmse_f = 3.26e-02, lr = 4.56e-07
[2026-04-18 00:58:04,878] DEEPMD INFO    batch   78000: val: rmse = 2.89e-02, rmse_e = 4.75e-04, rmse_f = 2.39e-02
[2026-04-18 00:58:04,879] DEEPMD INFO    batch   78000: total wall time = 24.46 s, eta = 0:08:58
[2026-04-18 00:58:29,929] DEEPMD INFO    batch   79000: trn: rmse = 3.45e-02, rmse_e = 1.31e-03, rmse_f = 2.85e-02, lr = 4.56e-07
[2026-04-18 00:58:29,930] DEEPMD INFO    batch   79000: val: rmse = 3.92e-02, rmse_e = 1.03e-03, rmse_f = 3.24e-02
[2026-04-18 00:58:29,930] DEEPMD INFO    batch   79000: total wall time = 25.05 s, eta = 0:08:46
[2026-04-18 00:58:55,406] DEEPMD INFO    batch   80000: trn: rmse = 3.71e-02, rmse_e = 8.08e-04, rmse_f = 3.07e-02, lr = 4.56e-07
[2026-04-18 00:58:55,407] DEEPMD INFO    batch   80000: val: rmse = 3.69e-02, rmse_e = 6.93e-04, rmse_f = 3.05e-02
[2026-04-18 00:58:55,407] DEEPMD INFO    batch   80000: total wall time = 25.48 s, eta = 0:08:29
[2026-04-18 00:58:55,434] DEEPMD INFO    Saved model to model.ckpt-80000.pt
[2026-04-18 00:59:20,589] DEEPMD INFO    batch   81000: trn: rmse = 2.34e-02, rmse_e = 8.11e-04, rmse_f = 2.07e-02, lr = 2.73e-07
[2026-04-18 00:59:20,590] DEEPMD INFO    batch   81000: val: rmse = 3.45e-02, rmse_e = 1.23e-03, rmse_f = 3.05e-02
[2026-04-18 00:59:20,590] DEEPMD INFO    batch   81000: total wall time = 25.18 s, eta = 0:07:58
[2026-04-18 00:59:45,015] DEEPMD INFO    batch   82000: trn: rmse = 2.85e-02, rmse_e = 5.03e-04, rmse_f = 2.52e-02, lr = 2.73e-07
[2026-04-18 00:59:45,015] DEEPMD INFO    batch   82000: val: rmse = 3.59e-02, rmse_e = 3.80e-04, rmse_f = 3.18e-02
[2026-04-18 00:59:45,015] DEEPMD INFO    batch   82000: total wall time = 24.43 s, eta = 0:07:19
[2026-04-18 01:00:09,359] DEEPMD INFO    batch   83000: trn: rmse = 3.98e-02, rmse_e = 1.39e-03, rmse_f = 3.51e-02, lr = 2.73e-07
[2026-04-18 01:00:09,359] DEEPMD INFO    batch   83000: val: rmse = 3.54e-02, rmse_e = 1.13e-03, rmse_f = 3.12e-02
[2026-04-18 01:00:09,359] DEEPMD INFO    batch   83000: total wall time = 24.34 s, eta = 0:06:53
[2026-04-18 01:00:33,040] DEEPMD INFO    batch   84000: trn: rmse = 1.91e-02, rmse_e = 4.28e-04, rmse_f = 1.69e-02, lr = 2.73e-07
[2026-04-18 01:00:33,041] DEEPMD INFO    batch   84000: val: rmse = 3.88e-02, rmse_e = 1.44e-03, rmse_f = 3.42e-02
[2026-04-18 01:00:33,041] DEEPMD INFO    batch   84000: total wall time = 23.68 s, eta = 0:06:18
[2026-04-18 01:00:57,580] DEEPMD INFO    batch   85000: trn: rmse = 3.08e-02, rmse_e = 6.33e-04, rmse_f = 2.73e-02, lr = 2.73e-07
[2026-04-18 01:00:57,580] DEEPMD INFO    batch   85000: val: rmse = 2.87e-02, rmse_e = 4.46e-04, rmse_f = 2.54e-02
[2026-04-18 01:00:57,580] DEEPMD INFO    batch   85000: total wall time = 24.54 s, eta = 0:06:08
[2026-04-18 01:01:22,485] DEEPMD INFO    batch   86000: trn: rmse = 2.60e-02, rmse_e = 4.27e-04, rmse_f = 2.40e-02, lr = 1.63e-07
[2026-04-18 01:01:22,486] DEEPMD INFO    batch   86000: val: rmse = 3.93e-02, rmse_e = 2.66e-04, rmse_f = 3.64e-02
[2026-04-18 01:01:22,486] DEEPMD INFO    batch   86000: total wall time = 24.91 s, eta = 0:05:48
[2026-04-18 01:01:47,461] DEEPMD INFO    batch   87000: trn: rmse = 3.28e-02, rmse_e = 3.23e-04, rmse_f = 3.04e-02, lr = 1.63e-07
[2026-04-18 01:01:47,461] DEEPMD INFO    batch   87000: val: rmse = 3.29e-02, rmse_e = 2.75e-04, rmse_f = 3.05e-02
[2026-04-18 01:01:47,462] DEEPMD INFO    batch   87000: total wall time = 24.98 s, eta = 0:05:24
[2026-04-18 01:02:12,479] DEEPMD INFO    batch   88000: trn: rmse = 2.46e-02, rmse_e = 3.78e-04, rmse_f = 2.27e-02, lr = 1.63e-07
[2026-04-18 01:02:12,480] DEEPMD INFO    batch   88000: val: rmse = 3.67e-02, rmse_e = 4.90e-04, rmse_f = 3.40e-02
[2026-04-18 01:02:12,480] DEEPMD INFO    batch   88000: total wall time = 25.02 s, eta = 0:05:00
[2026-04-18 01:02:37,019] DEEPMD INFO    batch   89000: trn: rmse = 2.87e-02, rmse_e = 5.18e-04, rmse_f = 2.66e-02, lr = 1.63e-07
[2026-04-18 01:02:37,019] DEEPMD INFO    batch   89000: val: rmse = 3.36e-02, rmse_e = 7.57e-04, rmse_f = 3.11e-02
[2026-04-18 01:02:37,019] DEEPMD INFO    batch   89000: total wall time = 24.54 s, eta = 0:04:29
[2026-04-18 01:03:01,415] DEEPMD INFO    batch   90000: trn: rmse = 3.10e-02, rmse_e = 1.15e-03, rmse_f = 2.86e-02, lr = 1.63e-07
[2026-04-18 01:03:01,415] DEEPMD INFO    batch   90000: val: rmse = 2.41e-02, rmse_e = 1.81e-04, rmse_f = 2.23e-02
[2026-04-18 01:03:01,415] DEEPMD INFO    batch   90000: total wall time = 24.40 s, eta = 0:04:03
[2026-04-18 01:03:01,442] DEEPMD INFO    Saved model to model.ckpt-90000.pt
[2026-04-18 01:03:25,409] DEEPMD INFO    batch   91000: trn: rmse = 2.70e-02, rmse_e = 5.92e-04, rmse_f = 2.57e-02, lr = 9.79e-08
[2026-04-18 01:03:25,409] DEEPMD INFO    batch   91000: val: rmse = 2.07e-02, rmse_e = 2.56e-04, rmse_f = 1.98e-02
[2026-04-18 01:03:25,410] DEEPMD INFO    batch   91000: total wall time = 23.99 s, eta = 0:03:35
[2026-04-18 01:03:50,232] DEEPMD INFO    batch   92000: trn: rmse = 3.52e-02, rmse_e = 8.77e-04, rmse_f = 3.35e-02, lr = 9.79e-08
[2026-04-18 01:03:50,232] DEEPMD INFO    batch   92000: val: rmse = 3.62e-02, rmse_e = 4.24e-04, rmse_f = 3.45e-02
[2026-04-18 01:03:50,233] DEEPMD INFO    batch   92000: total wall time = 24.82 s, eta = 0:03:18
[2026-04-18 01:04:15,088] DEEPMD INFO    batch   93000: trn: rmse = 2.66e-02, rmse_e = 5.97e-04, rmse_f = 2.53e-02, lr = 9.79e-08
[2026-04-18 01:04:15,088] DEEPMD INFO    batch   93000: val: rmse = 2.36e-02, rmse_e = 5.45e-04, rmse_f = 2.24e-02
[2026-04-18 01:04:15,088] DEEPMD INFO    batch   93000: total wall time = 24.86 s, eta = 0:02:53
[2026-04-18 01:04:40,256] DEEPMD INFO    batch   94000: trn: rmse = 2.14e-02, rmse_e = 5.11e-04, rmse_f = 2.04e-02, lr = 9.79e-08
[2026-04-18 01:04:40,256] DEEPMD INFO    batch   94000: val: rmse = 4.03e-02, rmse_e = 1.74e-03, rmse_f = 3.82e-02
[2026-04-18 01:04:40,256] DEEPMD INFO    batch   94000: total wall time = 25.17 s, eta = 0:02:31
[2026-04-18 01:05:04,614] DEEPMD INFO    batch   95000: trn: rmse = 2.38e-02, rmse_e = 3.56e-04, rmse_f = 2.27e-02, lr = 9.79e-08
[2026-04-18 01:05:04,614] DEEPMD INFO    batch   95000: val: rmse = 3.62e-02, rmse_e = 8.31e-04, rmse_f = 3.45e-02
[2026-04-18 01:05:04,614] DEEPMD INFO    batch   95000: total wall time = 24.36 s, eta = 0:02:01
[2026-04-18 01:05:29,279] DEEPMD INFO    batch   96000: trn: rmse = 2.67e-02, rmse_e = 7.78e-04, rmse_f = 2.58e-02, lr = 5.86e-08
[2026-04-18 01:05:29,279] DEEPMD INFO    batch   96000: val: rmse = 2.41e-02, rmse_e = 4.20e-04, rmse_f = 2.34e-02
[2026-04-18 01:05:29,280] DEEPMD INFO    batch   96000: total wall time = 24.67 s, eta = 0:01:38
[2026-04-18 01:05:53,916] DEEPMD INFO    batch   97000: trn: rmse = 3.36e-02, rmse_e = 8.04e-04, rmse_f = 3.26e-02, lr = 5.86e-08
[2026-04-18 01:05:53,916] DEEPMD INFO    batch   97000: val: rmse = 3.94e-02, rmse_e = 6.62e-04, rmse_f = 3.82e-02
[2026-04-18 01:05:53,917] DEEPMD INFO    batch   97000: total wall time = 24.64 s, eta = 0:01:13
[2026-04-18 01:06:19,360] DEEPMD INFO    batch   98000: trn: rmse = 2.77e-02, rmse_e = 7.74e-04, rmse_f = 2.69e-02, lr = 5.86e-08
[2026-04-18 01:06:19,360] DEEPMD INFO    batch   98000: val: rmse = 3.32e-02, rmse_e = 3.54e-04, rmse_f = 3.23e-02
[2026-04-18 01:06:19,361] DEEPMD INFO    batch   98000: total wall time = 25.44 s, eta = 0:00:50
[2026-04-18 01:06:43,989] DEEPMD INFO    batch   99000: trn: rmse = 2.66e-02, rmse_e = 5.92e-04, rmse_f = 2.58e-02, lr = 5.86e-08
[2026-04-18 01:06:43,989] DEEPMD INFO    batch   99000: val: rmse = 2.56e-02, rmse_e = 3.46e-04, rmse_f = 2.48e-02
[2026-04-18 01:06:43,989] DEEPMD INFO    batch   99000: total wall time = 24.63 s, eta = 0:00:24
[2026-04-18 01:07:08,808] DEEPMD INFO    batch  100000: trn: rmse = 3.06e-02, rmse_e = 4.96e-04, rmse_f = 2.97e-02, lr = 5.86e-08
[2026-04-18 01:07:08,808] DEEPMD INFO    batch  100000: val: rmse = 2.95e-02, rmse_e = 5.56e-04, rmse_f = 2.86e-02
[2026-04-18 01:07:08,808] DEEPMD INFO    batch  100000: total wall time = 24.82 s, eta = 0:00:00
[2026-04-18 01:07:08,837] DEEPMD INFO    Saved model to model.ckpt-100000.pt
[2026-04-18 01:07:08,838] DEEPMD INFO    average training time: 0.0245 s/batch (1000 batches excluded)
[2026-04-18 01:07:08,838] DEEPMD INFO    Trained model has been saved to: model.ckpt
2026-04-18 01:07:09,618 - sparc.src.deepmd - INFO - Training completed successfully
2026-04-18 01:07:09,618 - INFO - Training completed successfully
[SPARC][INFO] Freezing model: dp --pt freeze -o frozen_model_2.pth
To get the best performance, it is recommended to adjust the number of threads by setting the environment variables OMP_NUM_THREADS, DP_INTRA_OP_PARALLELISM_THREADS, and DP_INTER_OP_PARALLELISM_THREADS. See https://deepmd.rtfd.io/parallelism/ for more information.
/home/rverma7/anaconda3/envs/sparcGNN/lib/python3.10/site-packages/e3nn/o3/_wigner.py:10: UserWarning: Environment variable TORCH_FORCE_NO_WEIGHTS_ONLY_LOAD detected, since the`weights_only` argument was not explicitly passed to `torch.load`, forcing weights_only=False.
  _Jd, _W3j_flat, _W3j_indices = torch.load(os.path.join(os.path.dirname(__file__), 'constants.pt'))
/home/rverma7/anaconda3/envs/sparcGNN/lib/python3.10/site-packages/nequip/__init__.py:20: UserWarning: !! PyTorch version 2.6.0 found. Upstream issues in PyTorch versions 1.13.* and 2.* have been seen to cause unusual performance degredations on some CUDA systems that become worse over time; see https://github.com/mir-group/nequip/discussions/311. The best tested PyTorch version to use with CUDA devices is 1.11; while using other versions if you observe this problem, an unexpected lack of this problem, or other strange behavior, please post in the linked GitHub issue.
  warnings.warn(
[2026-04-18 01:07:12,209] DEEPMD INFO    DeePMD version: 3.1.1
[2026-04-18 01:07:12,883] DEEPMD INFO    Saved frozen model to frozen_model_2.pth
2026-04-18 01:07:13,533 - sparc.src.deepmd - INFO - Model frozen successfully
2026-04-18 01:07:13,533 - INFO - Model frozen successfully
[SPARC][INFO] ================================================================================
[SPARC][INFO] DeepMD Model Evaluation Results
[SPARC][INFO] --------------------------------------------------------------------------------
[SPARC][INFO] [2026-04-18 01:07:14,967] DEEPMD WARNING To get the best performance, it is recommended to adjust the number of threads by setting the environment variables OMP_NUM_THREADS, DP_INTRA_OP_PARALLELISM_THREADS, and DP_INTER_OP_PARALLELISM_THREADS. See https://deepmd.rtfd.io/parallelism/ for more information.
/home/rverma7/anaconda3/envs/sparcGNN/lib/python3.10/site-packages/e3nn/o3/_wigner.py:10: UserWarning: Environment variable TORCH_FORCE_NO_WEIGHTS_ONLY_LOAD detected, since the`weights_only` argument was not explicitly passed to `torch.load`, forcing weights_only=False.
  _Jd, _W3j_flat, _W3j_indices = torch.load(os.path.join(os.path.dirname(__file__), 'constants.pt'))
/home/rverma7/anaconda3/envs/sparcGNN/lib/python3.10/site-packages/nequip/__init__.py:20: UserWarning: !! PyTorch version 2.6.0 found. Upstream issues in PyTorch versions 1.13.* and 2.* have been seen to cause unusual performance degredations on some CUDA systems that become worse over time; see https://github.com/mir-group/nequip/discussions/311. The best tested PyTorch version to use with CUDA devices is 1.11; while using other versions if you observe this problem, an unexpected lack of this problem, or other strange behavior, please post in the linked GitHub issue.
  warnings.warn(
[2026-04-18 01:07:16,737] DEEPMD INFO    # ---------------output of dp test--------------- 
[2026-04-18 01:07:16,737] DEEPMD INFO    # testing system : /home/rverma7/My_Program/0.3_sparc/examples/CP2K/workflow/DeePMD_training/00.data/validation_data
[2026-04-18 01:07:17,734] DEEPMD INFO    # number of test data : 52 
[2026-04-18 01:07:17,735] DEEPMD INFO    Energy MAE         : 4.027527e-03 eV
[2026-04-18 01:07:17,735] DEEPMD INFO    Energy RMSE        : 6.025780e-03 eV
[2026-04-18 01:07:17,735] DEEPMD INFO    Energy MAE/Natoms  : 5.034409e-04 eV
[2026-04-18 01:07:17,735] DEEPMD INFO    Energy RMSE/Natoms : 7.532225e-04 eV
[2026-04-18 01:07:17,735] DEEPMD INFO    Force  MAE         : 2.256132e-02 eV/Å
[2026-04-18 01:07:17,735] DEEPMD INFO    Force  RMSE        : 3.095118e-02 eV/Å
[2026-04-18 01:07:17,735] DEEPMD INFO    # ----------------------------------------------- 
[2026-04-18 01:07:17,735] DEEPMD INFO    # ----------weighted average of errors----------- 
[2026-04-18 01:07:17,735] DEEPMD INFO    # number of systems : 1
[2026-04-18 01:07:17,735] DEEPMD INFO    Energy MAE         : 4.027527e-03 eV
[2026-04-18 01:07:17,735] DEEPMD INFO    Energy RMSE        : 6.025780e-03 eV
[2026-04-18 01:07:17,735] DEEPMD INFO    Energy MAE/Natoms  : 5.034409e-04 eV
[2026-04-18 01:07:17,735] DEEPMD INFO    Energy RMSE/Natoms : 7.532225e-04 eV
[2026-04-18 01:07:17,735] DEEPMD INFO    Force  MAE         : 2.256132e-02 eV/Å
[2026-04-18 01:07:17,735] DEEPMD INFO    Force  RMSE        : 3.095118e-02 eV/Å
[2026-04-18 01:07:17,735] DEEPMD INFO    # -----------------------------------------------
[SPARC][INFO] ================================================================================
[SPARC][INFO] ================================================================================
[SPARC][INFO]  Training Model 3/3
[SPARC][INFO]  Directory: iter_000002/01.train/training_3
[SPARC][INFO] ================================================================================
2026-04-18 01:07:18,563 - sparc.src.deepmd - INFO - Training directory: iter_000002/01.train/training_3
2026-04-18 01:07:18,563 - INFO - Training directory: iter_000002/01.train/training_3
[SPARC][INFO]  Training Model 3/3
[SPARC][INFO] Directory                      iter_000002/01.train/training_3
[SPARC][INFO] Running command: dp --pt train input.json
To get the best performance, it is recommended to adjust the number of threads by setting the environment variables OMP_NUM_THREADS, DP_INTRA_OP_PARALLELISM_THREADS, and DP_INTER_OP_PARALLELISM_THREADS. See https://deepmd.rtfd.io/parallelism/ for more information.
/home/rverma7/anaconda3/envs/sparcGNN/lib/python3.10/site-packages/e3nn/o3/_wigner.py:10: UserWarning: Environment variable TORCH_FORCE_NO_WEIGHTS_ONLY_LOAD detected, since the`weights_only` argument was not explicitly passed to `torch.load`, forcing weights_only=False.
  _Jd, _W3j_flat, _W3j_indices = torch.load(os.path.join(os.path.dirname(__file__), 'constants.pt'))
/home/rverma7/anaconda3/envs/sparcGNN/lib/python3.10/site-packages/nequip/__init__.py:20: UserWarning: !! PyTorch version 2.6.0 found. Upstream issues in PyTorch versions 1.13.* and 2.* have been seen to cause unusual performance degredations on some CUDA systems that become worse over time; see https://github.com/mir-group/nequip/discussions/311. The best tested PyTorch version to use with CUDA devices is 1.11; while using other versions if you observe this problem, an unexpected lack of this problem, or other strange behavior, please post in the linked GitHub issue.
  warnings.warn(
[2026-04-18 01:07:21,135] DEEPMD INFO    DeePMD version: 3.1.1
[2026-04-18 01:07:21,135] DEEPMD INFO    Configuration path: input.json
[2026-04-18 01:07:21,153] DEEPMD INFO     _____               _____   __  __  _____           _     _  _   
[2026-04-18 01:07:21,153] DEEPMD INFO    |  __ \             |  __ \ |  \/  ||  __ \         | |   (_)| |  
[2026-04-18 01:07:21,153] DEEPMD INFO    | |  | |  ___   ___ | |__) || \  / || |  | | ______ | | __ _ | |_ 
[2026-04-18 01:07:21,153] DEEPMD INFO    | |  | | / _ \ / _ \|  ___/ | |\/| || |  | ||______|| |/ /| || __|
[2026-04-18 01:07:21,153] DEEPMD INFO    | |__| ||  __/|  __/| |     | |  | || |__| |        |   < | || |_ 
[2026-04-18 01:07:21,153] DEEPMD INFO    |_____/  \___| \___||_|     |_|  |_||_____/         |_|\_\|_| \__|
[2026-04-18 01:07:21,153] DEEPMD INFO    Please read and cite:
[2026-04-18 01:07:21,153] DEEPMD INFO    Wang, Zhang, Han and E, Comput.Phys.Comm. 228, 178-184 (2018)
[2026-04-18 01:07:21,153] DEEPMD INFO    Zeng et al, J. Chem. Phys., 159, 054801 (2023)
[2026-04-18 01:07:21,153] DEEPMD INFO    Zeng et al, J. Chem. Theory Comput., 21, 4375-4385 (2025)
[2026-04-18 01:07:21,153] DEEPMD INFO    See https://deepmd.rtfd.io/credits/ for details.
[2026-04-18 01:07:21,153] DEEPMD INFO    ------------------------------------------------------------------------------------------------------------------------------
[2026-04-18 01:07:21,153] DEEPMD INFO    installed to:          /home/rverma7/anaconda3/envs/sparcGNN/lib/python3.10/site-packages/deepmd
[2026-04-18 01:07:21,153] DEEPMD INFO    source:                
[2026-04-18 01:07:21,153] DEEPMD INFO    source branch:         HEAD
[2026-04-18 01:07:21,153] DEEPMD INFO    source commit:         9b566bf
[2026-04-18 01:07:21,153] DEEPMD INFO    source commit at:      2025-10-01 20:34:25 +0200
[2026-04-18 01:07:21,153] DEEPMD INFO    use float prec:        double
[2026-04-18 01:07:21,153] DEEPMD INFO    build variant:         cuda
[2026-04-18 01:07:21,153] DEEPMD INFO    Backend:               PyTorch
[2026-04-18 01:07:21,153] DEEPMD INFO    PT ver:                v2.6.0-gUnknown
[2026-04-18 01:07:21,153] DEEPMD INFO    Enable custom OP:      True
[2026-04-18 01:07:21,153] DEEPMD INFO    build with PT ver:     2.6.0
[2026-04-18 01:07:21,153] DEEPMD INFO    build with PT inc:     /home/rverma7/anaconda3/envs/sparcGNN/lib/python3.10/site-packages/torch/include
[2026-04-18 01:07:21,153] DEEPMD INFO                           /home/rverma7/anaconda3/envs/sparcGNN/lib/python3.10/site-packages/torch/include/torch/csrc/api/include
[2026-04-18 01:07:21,153] DEEPMD INFO    build with PT lib:     /home/rverma7/anaconda3/envs/sparcGNN/lib/python3.10/site-packages/torch/lib
[2026-04-18 01:07:21,153] DEEPMD INFO    running on:            cbe-dt-319.che.ncsu.edu
[2026-04-18 01:07:21,153] DEEPMD INFO    computing device:      cuda:0
[2026-04-18 01:07:21,153] DEEPMD INFO    CUDA_VISIBLE_DEVICES:  unset
[2026-04-18 01:07:21,153] DEEPMD INFO    Count of visible GPUs: 2
[2026-04-18 01:07:21,153] DEEPMD INFO    num_intra_threads:     0
[2026-04-18 01:07:21,153] DEEPMD INFO    num_inter_threads:     0
[2026-04-18 01:07:21,153] DEEPMD INFO    ------------------------------------------------------------------------------------------------------------------------------
[2026-04-18 01:07:21,189] DEEPMD INFO    Calculate neighbor statistics... (add --skip-neighbor-stat to skip this step)
[2026-04-18 01:07:21,482] DEEPMD INFO    Adjust batch size from 1024 to 2048
[2026-04-18 01:07:21,527] DEEPMD INFO    Neighbor statistics: training data with minimal neighbor distance: 0.956954
[2026-04-18 01:07:21,527] DEEPMD INFO    Neighbor statistics: training data with maximum neighbor size: [1 6 1] (cutoff radius: 6.000000)
[2026-04-18 01:07:21,528] DEEPMD INFO    Constructing DataLoaders from 1 systems
[2026-04-18 01:07:21,535] DEEPMD INFO    Constructing DataLoaders from 1 systems
[2026-04-18 01:07:21,572] DEEPMD INFO    Packing data for statistics from 1 systems
[2026-04-18 01:07:21,814] DEEPMD INFO    RMSE of energy per atom after linear regression is: 0.01498822337762161 in the unit of energy.
[2026-04-18 01:07:21,815] DEEPMD INFO    ---Summary of DataSystem: training     -----------------------------------------------
[2026-04-18 01:07:21,816] DEEPMD INFO    found 1 system(s):
[2026-04-18 01:07:21,816] DEEPMD INFO                                        system  natoms  bch_sz   n_bch       prob  pbc
[2026-04-18 01:07:21,816] DEEPMD INFO    -- w/DeePMD_training/00.data/training_data       8       4      51  1.000e+00    T
[2026-04-18 01:07:21,816] DEEPMD INFO    --------------------------------------------------------------------------------------
[2026-04-18 01:07:21,816] DEEPMD INFO    ---Summary of DataSystem: validation   -----------------------------------------------
[2026-04-18 01:07:21,816] DEEPMD INFO    found 1 system(s):
[2026-04-18 01:07:21,816] DEEPMD INFO                                        system  natoms  bch_sz   n_bch       prob  pbc
[2026-04-18 01:07:21,816] DEEPMD INFO    -- DeePMD_training/00.data/validation_data       8       4      13  1.000e+00    T
[2026-04-18 01:07:21,816] DEEPMD INFO    --------------------------------------------------------------------------------------
[2026-04-18 01:07:21,817] DEEPMD INFO    Start to train 100000 steps.
[2026-04-18 01:07:22,500] DEEPMD INFO    batch       1: trn: rmse = 4.09e+01, rmse_e = 4.17e-01, rmse_f = 1.29e+00, lr = 1.00e-03
[2026-04-18 01:07:22,500] DEEPMD INFO    batch       1: val: rmse = 9.55e+01, rmse_e = 2.13e+00, rmse_f = 3.02e+00
[2026-04-18 01:07:22,501] DEEPMD INFO    batch       1: total wall time = 0.68 s, eta = 18:59:07
[2026-04-18 01:07:45,858] DEEPMD INFO    batch    1000: trn: rmse = 6.92e+00, rmse_e = 6.12e-01, rmse_f = 2.19e-01, lr = 1.00e-03
[2026-04-18 01:07:45,859] DEEPMD INFO    batch    1000: val: rmse = 6.44e+00, rmse_e = 6.74e-01, rmse_f = 2.04e-01
[2026-04-18 01:07:45,859] DEEPMD INFO    batch    1000: total wall time = 23.36 s, eta = 0:38:32
[2026-04-18 01:08:09,992] DEEPMD INFO    batch    2000: trn: rmse = 4.93e+00, rmse_e = 1.29e-01, rmse_f = 1.56e-01, lr = 1.00e-03
[2026-04-18 01:08:09,992] DEEPMD INFO    batch    2000: val: rmse = 5.41e+00, rmse_e = 1.58e-01, rmse_f = 1.71e-01
[2026-04-18 01:08:09,992] DEEPMD INFO    batch    2000: total wall time = 24.13 s, eta = 0:39:25
[2026-04-18 01:08:34,604] DEEPMD INFO    batch    3000: trn: rmse = 3.90e+00, rmse_e = 3.57e-02, rmse_f = 1.23e-01, lr = 1.00e-03
[2026-04-18 01:08:34,604] DEEPMD INFO    batch    3000: val: rmse = 3.45e+00, rmse_e = 3.21e-02, rmse_f = 1.09e-01
[2026-04-18 01:08:34,605] DEEPMD INFO    batch    3000: total wall time = 24.61 s, eta = 0:39:47
[2026-04-18 01:08:58,664] DEEPMD INFO    batch    4000: trn: rmse = 3.30e+00, rmse_e = 2.84e-02, rmse_f = 1.04e-01, lr = 1.00e-03
[2026-04-18 01:08:58,664] DEEPMD INFO    batch    4000: val: rmse = 3.27e+00, rmse_e = 2.69e-02, rmse_f = 1.03e-01
[2026-04-18 01:08:58,664] DEEPMD INFO    batch    4000: total wall time = 24.06 s, eta = 0:38:29
[2026-04-18 01:09:22,764] DEEPMD INFO    batch    5000: trn: rmse = 3.11e+00, rmse_e = 3.44e-03, rmse_f = 9.85e-02, lr = 1.00e-03
[2026-04-18 01:09:22,765] DEEPMD INFO    batch    5000: val: rmse = 2.61e+00, rmse_e = 6.06e-03, rmse_f = 8.26e-02
[2026-04-18 01:09:22,765] DEEPMD INFO    batch    5000: total wall time = 24.10 s, eta = 0:38:09
[2026-04-18 01:09:47,168] DEEPMD INFO    batch    6000: trn: rmse = 1.61e+00, rmse_e = 1.09e-02, rmse_f = 6.57e-02, lr = 5.99e-04
[2026-04-18 01:09:47,168] DEEPMD INFO    batch    6000: val: rmse = 1.68e+00, rmse_e = 1.59e-02, rmse_f = 6.85e-02
[2026-04-18 01:09:47,168] DEEPMD INFO    batch    6000: total wall time = 24.40 s, eta = 0:38:13
[2026-04-18 01:10:11,177] DEEPMD INFO    batch    7000: trn: rmse = 1.99e+00, rmse_e = 2.01e-02, rmse_f = 8.15e-02, lr = 5.99e-04
[2026-04-18 01:10:11,177] DEEPMD INFO    batch    7000: val: rmse = 2.34e+00, rmse_e = 3.00e-02, rmse_f = 9.57e-02
[2026-04-18 01:10:11,178] DEEPMD INFO    batch    7000: total wall time = 24.01 s, eta = 0:37:12
[2026-04-18 01:10:35,575] DEEPMD INFO    batch    8000: trn: rmse = 1.33e+00, rmse_e = 6.69e-03, rmse_f = 5.45e-02, lr = 5.99e-04
[2026-04-18 01:10:35,575] DEEPMD INFO    batch    8000: val: rmse = 1.95e+00, rmse_e = 3.42e-03, rmse_f = 7.95e-02
[2026-04-18 01:10:35,575] DEEPMD INFO    batch    8000: total wall time = 24.40 s, eta = 0:37:24
[2026-04-18 01:11:00,614] DEEPMD INFO    batch    9000: trn: rmse = 1.33e+00, rmse_e = 1.76e-02, rmse_f = 5.42e-02, lr = 5.99e-04
[2026-04-18 01:11:00,614] DEEPMD INFO    batch    9000: val: rmse = 1.51e+00, rmse_e = 1.29e-02, rmse_f = 6.16e-02
[2026-04-18 01:11:00,615] DEEPMD INFO    batch    9000: total wall time = 25.04 s, eta = 0:37:58
[2026-04-18 01:11:25,281] DEEPMD INFO    batch   10000: trn: rmse = 1.67e+00, rmse_e = 7.52e-03, rmse_f = 6.83e-02, lr = 5.99e-04
[2026-04-18 01:11:25,282] DEEPMD INFO    batch   10000: val: rmse = 2.45e+00, rmse_e = 3.30e-03, rmse_f = 1.00e-01
[2026-04-18 01:11:25,282] DEEPMD INFO    batch   10000: total wall time = 24.67 s, eta = 0:37:00
[2026-04-18 01:11:25,309] DEEPMD INFO    Saved model to model.ckpt-10000.pt
[2026-04-18 01:11:50,535] DEEPMD INFO    batch   11000: trn: rmse = 1.00e+00, rmse_e = 1.71e-03, rmse_f = 5.27e-02, lr = 3.59e-04
[2026-04-18 01:11:50,535] DEEPMD INFO    batch   11000: val: rmse = 8.89e-01, rmse_e = 4.67e-03, rmse_f = 4.69e-02
[2026-04-18 01:11:50,535] DEEPMD INFO    batch   11000: total wall time = 25.25 s, eta = 0:37:27
[2026-04-18 01:12:15,377] DEEPMD INFO    batch   12000: trn: rmse = 1.20e+00, rmse_e = 1.17e-02, rmse_f = 6.34e-02, lr = 3.59e-04
[2026-04-18 01:12:15,377] DEEPMD INFO    batch   12000: val: rmse = 1.07e+00, rmse_e = 8.32e-03, rmse_f = 5.64e-02
[2026-04-18 01:12:15,378] DEEPMD INFO    batch   12000: total wall time = 24.84 s, eta = 0:36:26
[2026-04-18 01:12:39,396] DEEPMD INFO    batch   13000: trn: rmse = 8.64e-01, rmse_e = 2.45e-02, rmse_f = 4.55e-02, lr = 3.59e-04
[2026-04-18 01:12:39,396] DEEPMD INFO    batch   13000: val: rmse = 9.64e-01, rmse_e = 2.78e-02, rmse_f = 5.08e-02
[2026-04-18 01:12:39,396] DEEPMD INFO    batch   13000: total wall time = 24.02 s, eta = 0:34:49
[2026-04-18 01:13:03,216] DEEPMD INFO    batch   14000: trn: rmse = 1.16e+00, rmse_e = 1.29e-02, rmse_f = 6.14e-02, lr = 3.59e-04
[2026-04-18 01:13:03,216] DEEPMD INFO    batch   14000: val: rmse = 9.08e-01, rmse_e = 1.75e-02, rmse_f = 4.78e-02
[2026-04-18 01:13:03,216] DEEPMD INFO    batch   14000: total wall time = 23.82 s, eta = 0:34:08
[2026-04-18 01:13:27,521] DEEPMD INFO    batch   15000: trn: rmse = 1.04e+00, rmse_e = 4.65e-03, rmse_f = 5.46e-02, lr = 3.59e-04
[2026-04-18 01:13:27,521] DEEPMD INFO    batch   15000: val: rmse = 1.69e+00, rmse_e = 1.22e-02, rmse_f = 8.94e-02
[2026-04-18 01:13:27,521] DEEPMD INFO    batch   15000: total wall time = 24.30 s, eta = 0:34:25
[2026-04-18 01:13:50,918] DEEPMD INFO    batch   16000: trn: rmse = 6.57e-01, rmse_e = 4.15e-03, rmse_f = 4.48e-02, lr = 2.15e-04
[2026-04-18 01:13:50,918] DEEPMD INFO    batch   16000: val: rmse = 6.35e-01, rmse_e = 1.13e-03, rmse_f = 4.33e-02
[2026-04-18 01:13:50,918] DEEPMD INFO    batch   16000: total wall time = 23.40 s, eta = 0:32:45
[2026-04-18 01:14:15,836] DEEPMD INFO    batch   17000: trn: rmse = 4.61e-01, rmse_e = 2.27e-03, rmse_f = 3.14e-02, lr = 2.15e-04
[2026-04-18 01:14:15,837] DEEPMD INFO    batch   17000: val: rmse = 5.42e-01, rmse_e = 2.10e-03, rmse_f = 3.70e-02
[2026-04-18 01:14:15,837] DEEPMD INFO    batch   17000: total wall time = 24.92 s, eta = 0:34:28
[2026-04-18 01:14:39,113] DEEPMD INFO    batch   18000: trn: rmse = 7.05e-01, rmse_e = 1.40e-03, rmse_f = 4.80e-02, lr = 2.15e-04
[2026-04-18 01:14:39,113] DEEPMD INFO    batch   18000: val: rmse = 8.45e-01, rmse_e = 2.83e-03, rmse_f = 5.76e-02
[2026-04-18 01:14:39,114] DEEPMD INFO    batch   18000: total wall time = 23.28 s, eta = 0:31:48
[2026-04-18 01:15:02,849] DEEPMD INFO    batch   19000: trn: rmse = 4.69e-01, rmse_e = 4.39e-03, rmse_f = 3.19e-02, lr = 2.15e-04
[2026-04-18 01:15:02,849] DEEPMD INFO    batch   19000: val: rmse = 6.89e-01, rmse_e = 5.92e-03, rmse_f = 4.69e-02
[2026-04-18 01:15:02,850] DEEPMD INFO    batch   19000: total wall time = 23.74 s, eta = 0:32:02
[2026-04-18 01:15:27,514] DEEPMD INFO    batch   20000: trn: rmse = 5.61e-01, rmse_e = 6.16e-03, rmse_f = 3.82e-02, lr = 2.15e-04
[2026-04-18 01:15:27,515] DEEPMD INFO    batch   20000: val: rmse = 7.14e-01, rmse_e = 2.48e-03, rmse_f = 4.87e-02
[2026-04-18 01:15:27,515] DEEPMD INFO    batch   20000: total wall time = 24.67 s, eta = 0:32:53
[2026-04-18 01:15:27,541] DEEPMD INFO    Saved model to model.ckpt-20000.pt
[2026-04-18 01:15:51,858] DEEPMD INFO    batch   21000: trn: rmse = 3.80e-01, rmse_e = 9.81e-03, rmse_f = 3.33e-02, lr = 1.29e-04
[2026-04-18 01:15:51,859] DEEPMD INFO    batch   21000: val: rmse = 4.34e-01, rmse_e = 5.51e-03, rmse_f = 3.81e-02
[2026-04-18 01:15:51,859] DEEPMD INFO    batch   21000: total wall time = 24.34 s, eta = 0:32:03
[2026-04-18 01:16:16,009] DEEPMD INFO    batch   22000: trn: rmse = 3.07e-01, rmse_e = 7.97e-03, rmse_f = 2.69e-02, lr = 1.29e-04
[2026-04-18 01:16:16,009] DEEPMD INFO    batch   22000: val: rmse = 4.22e-01, rmse_e = 4.45e-03, rmse_f = 3.71e-02
[2026-04-18 01:16:16,009] DEEPMD INFO    batch   22000: total wall time = 24.15 s, eta = 0:31:23
[2026-04-18 01:16:40,531] DEEPMD INFO    batch   23000: trn: rmse = 4.16e-01, rmse_e = 7.67e-03, rmse_f = 3.65e-02, lr = 1.29e-04
[2026-04-18 01:16:40,531] DEEPMD INFO    batch   23000: val: rmse = 5.46e-01, rmse_e = 1.01e-02, rmse_f = 4.80e-02
[2026-04-18 01:16:40,531] DEEPMD INFO    batch   23000: total wall time = 24.52 s, eta = 0:31:28
[2026-04-18 01:17:05,702] DEEPMD INFO    batch   24000: trn: rmse = 4.34e-01, rmse_e = 2.88e-03, rmse_f = 3.82e-02, lr = 1.29e-04
[2026-04-18 01:17:05,703] DEEPMD INFO    batch   24000: val: rmse = 4.69e-01, rmse_e = 3.53e-03, rmse_f = 4.12e-02
[2026-04-18 01:17:05,703] DEEPMD INFO    batch   24000: total wall time = 25.17 s, eta = 0:31:53
[2026-04-18 01:17:31,067] DEEPMD INFO    batch   25000: trn: rmse = 3.76e-01, rmse_e = 1.98e-03, rmse_f = 3.30e-02, lr = 1.29e-04
[2026-04-18 01:17:31,068] DEEPMD INFO    batch   25000: val: rmse = 4.82e-01, rmse_e = 3.78e-03, rmse_f = 4.24e-02
[2026-04-18 01:17:31,068] DEEPMD INFO    batch   25000: total wall time = 25.36 s, eta = 0:31:42
[2026-04-18 01:17:55,373] DEEPMD INFO    batch   26000: trn: rmse = 5.36e-01, rmse_e = 9.13e-03, rmse_f = 6.07e-02, lr = 7.70e-05
[2026-04-18 01:17:55,373] DEEPMD INFO    batch   26000: val: rmse = 2.85e-01, rmse_e = 2.75e-03, rmse_f = 3.23e-02
[2026-04-18 01:17:55,373] DEEPMD INFO    batch   26000: total wall time = 24.31 s, eta = 0:29:58
[2026-04-18 01:18:18,669] DEEPMD INFO    batch   27000: trn: rmse = 2.85e-01, rmse_e = 6.07e-03, rmse_f = 3.22e-02, lr = 7.70e-05
[2026-04-18 01:18:18,670] DEEPMD INFO    batch   27000: val: rmse = 2.59e-01, rmse_e = 5.39e-03, rmse_f = 2.92e-02
[2026-04-18 01:18:18,670] DEEPMD INFO    batch   27000: total wall time = 23.30 s, eta = 0:28:20
[2026-04-18 01:18:42,093] DEEPMD INFO    batch   28000: trn: rmse = 2.81e-01, rmse_e = 1.23e-02, rmse_f = 3.16e-02, lr = 7.70e-05
[2026-04-18 01:18:42,094] DEEPMD INFO    batch   28000: val: rmse = 3.27e-01, rmse_e = 1.35e-02, rmse_f = 3.68e-02
[2026-04-18 01:18:42,094] DEEPMD INFO    batch   28000: total wall time = 23.42 s, eta = 0:28:06
[2026-04-18 01:19:06,644] DEEPMD INFO    batch   29000: trn: rmse = 2.83e-01, rmse_e = 2.50e-03, rmse_f = 3.20e-02, lr = 7.70e-05
[2026-04-18 01:19:06,645] DEEPMD INFO    batch   29000: val: rmse = 2.69e-01, rmse_e = 4.15e-03, rmse_f = 3.04e-02
[2026-04-18 01:19:06,645] DEEPMD INFO    batch   29000: total wall time = 24.55 s, eta = 0:29:03
[2026-04-18 01:19:30,369] DEEPMD INFO    batch   30000: trn: rmse = 3.07e-01, rmse_e = 1.36e-03, rmse_f = 3.48e-02, lr = 7.70e-05
[2026-04-18 01:19:30,369] DEEPMD INFO    batch   30000: val: rmse = 2.81e-01, rmse_e = 9.02e-04, rmse_f = 3.19e-02
[2026-04-18 01:19:30,369] DEEPMD INFO    batch   30000: total wall time = 23.72 s, eta = 0:27:40
[2026-04-18 01:19:30,396] DEEPMD INFO    Saved model to model.ckpt-30000.pt
[2026-04-18 01:19:54,699] DEEPMD INFO    batch   31000: trn: rmse = 2.66e-01, rmse_e = 2.95e-03, rmse_f = 3.87e-02, lr = 4.61e-05
[2026-04-18 01:19:54,700] DEEPMD INFO    batch   31000: val: rmse = 1.88e-01, rmse_e = 3.89e-04, rmse_f = 2.74e-02
[2026-04-18 01:19:54,700] DEEPMD INFO    batch   31000: total wall time = 24.33 s, eta = 0:27:58
[2026-04-18 01:20:19,397] DEEPMD INFO    batch   32000: trn: rmse = 1.70e-01, rmse_e = 2.93e-03, rmse_f = 2.47e-02, lr = 4.61e-05
[2026-04-18 01:20:19,398] DEEPMD INFO    batch   32000: val: rmse = 1.97e-01, rmse_e = 3.83e-03, rmse_f = 2.87e-02
[2026-04-18 01:20:19,398] DEEPMD INFO    batch   32000: total wall time = 24.70 s, eta = 0:27:59
[2026-04-18 01:20:43,977] DEEPMD INFO    batch   33000: trn: rmse = 1.54e-01, rmse_e = 3.08e-03, rmse_f = 2.24e-02, lr = 4.61e-05
[2026-04-18 01:20:43,978] DEEPMD INFO    batch   33000: val: rmse = 1.89e-01, rmse_e = 2.87e-03, rmse_f = 2.75e-02
[2026-04-18 01:20:43,978] DEEPMD INFO    batch   33000: total wall time = 24.58 s, eta = 0:27:26
[2026-04-18 01:21:08,374] DEEPMD INFO    batch   34000: trn: rmse = 2.44e-01, rmse_e = 1.59e-03, rmse_f = 3.55e-02, lr = 4.61e-05
[2026-04-18 01:21:08,375] DEEPMD INFO    batch   34000: val: rmse = 2.17e-01, rmse_e = 9.79e-04, rmse_f = 3.17e-02
[2026-04-18 01:21:08,375] DEEPMD INFO    batch   34000: total wall time = 24.40 s, eta = 0:26:50
[2026-04-18 01:21:33,410] DEEPMD INFO    batch   35000: trn: rmse = 1.80e-01, rmse_e = 1.01e-03, rmse_f = 2.63e-02, lr = 4.61e-05
[2026-04-18 01:21:33,410] DEEPMD INFO    batch   35000: val: rmse = 2.61e-01, rmse_e = 3.71e-04, rmse_f = 3.81e-02
[2026-04-18 01:21:33,411] DEEPMD INFO    batch   35000: total wall time = 25.04 s, eta = 0:27:07
[2026-04-18 01:21:58,357] DEEPMD INFO    batch   36000: trn: rmse = 1.28e-01, rmse_e = 2.32e-03, rmse_f = 2.40e-02, lr = 2.76e-05
[2026-04-18 01:21:58,357] DEEPMD INFO    batch   36000: val: rmse = 1.33e-01, rmse_e = 1.88e-03, rmse_f = 2.49e-02
[2026-04-18 01:21:58,357] DEEPMD INFO    batch   36000: total wall time = 24.95 s, eta = 0:26:36
[2026-04-18 01:22:22,579] DEEPMD INFO    batch   37000: trn: rmse = 1.84e-01, rmse_e = 1.47e-03, rmse_f = 3.44e-02, lr = 2.76e-05
[2026-04-18 01:22:22,579] DEEPMD INFO    batch   37000: val: rmse = 1.61e-01, rmse_e = 2.54e-03, rmse_f = 3.01e-02
[2026-04-18 01:22:22,580] DEEPMD INFO    batch   37000: total wall time = 24.22 s, eta = 0:25:26
[2026-04-18 01:22:47,042] DEEPMD INFO    batch   38000: trn: rmse = 1.50e-01, rmse_e = 1.88e-03, rmse_f = 2.81e-02, lr = 2.76e-05
[2026-04-18 01:22:47,042] DEEPMD INFO    batch   38000: val: rmse = 1.61e-01, rmse_e = 1.92e-03, rmse_f = 3.01e-02
[2026-04-18 01:22:47,042] DEEPMD INFO    batch   38000: total wall time = 24.46 s, eta = 0:25:16
[2026-04-18 01:23:11,629] DEEPMD INFO    batch   39000: trn: rmse = 1.21e-01, rmse_e = 7.58e-04, rmse_f = 2.26e-02, lr = 2.76e-05
[2026-04-18 01:23:11,629] DEEPMD INFO    batch   39000: val: rmse = 1.58e-01, rmse_e = 4.76e-04, rmse_f = 2.95e-02
[2026-04-18 01:23:11,629] DEEPMD INFO    batch   39000: total wall time = 24.59 s, eta = 0:24:59
[2026-04-18 01:23:35,731] DEEPMD INFO    batch   40000: trn: rmse = 1.15e-01, rmse_e = 2.77e-03, rmse_f = 2.15e-02, lr = 2.76e-05
[2026-04-18 01:23:35,731] DEEPMD INFO    batch   40000: val: rmse = 1.93e-01, rmse_e = 2.82e-03, rmse_f = 3.61e-02
[2026-04-18 01:23:35,732] DEEPMD INFO    batch   40000: total wall time = 24.10 s, eta = 0:24:06
[2026-04-18 01:23:35,758] DEEPMD INFO    Saved model to model.ckpt-40000.pt
[2026-04-18 01:24:00,559] DEEPMD INFO    batch   41000: trn: rmse = 1.51e-01, rmse_e = 2.37e-03, rmse_f = 3.61e-02, lr = 1.65e-05
[2026-04-18 01:24:00,559] DEEPMD INFO    batch   41000: val: rmse = 1.62e-01, rmse_e = 3.12e-03, rmse_f = 3.87e-02
[2026-04-18 01:24:00,560] DEEPMD INFO    batch   41000: total wall time = 24.83 s, eta = 0:24:24
[2026-04-18 01:24:24,627] DEEPMD INFO    batch   42000: trn: rmse = 1.11e-01, rmse_e = 4.29e-04, rmse_f = 2.64e-02, lr = 1.65e-05
[2026-04-18 01:24:24,627] DEEPMD INFO    batch   42000: val: rmse = 1.33e-01, rmse_e = 1.87e-03, rmse_f = 3.17e-02
[2026-04-18 01:24:24,627] DEEPMD INFO    batch   42000: total wall time = 24.07 s, eta = 0:23:15
[2026-04-18 01:24:48,750] DEEPMD INFO    batch   43000: trn: rmse = 1.20e-01, rmse_e = 1.19e-03, rmse_f = 2.86e-02, lr = 1.65e-05
[2026-04-18 01:24:48,750] DEEPMD INFO    batch   43000: val: rmse = 1.47e-01, rmse_e = 3.81e-04, rmse_f = 3.52e-02
[2026-04-18 01:24:48,750] DEEPMD INFO    batch   43000: total wall time = 24.12 s, eta = 0:22:55
[2026-04-18 01:25:13,266] DEEPMD INFO    batch   44000: trn: rmse = 8.58e-02, rmse_e = 5.96e-04, rmse_f = 2.05e-02, lr = 1.65e-05
[2026-04-18 01:25:13,266] DEEPMD INFO    batch   44000: val: rmse = 1.27e-01, rmse_e = 1.77e-03, rmse_f = 3.03e-02
[2026-04-18 01:25:13,266] DEEPMD INFO    batch   44000: total wall time = 24.52 s, eta = 0:22:52
[2026-04-18 01:25:37,632] DEEPMD INFO    batch   45000: trn: rmse = 1.10e-01, rmse_e = 2.95e-03, rmse_f = 2.63e-02, lr = 1.65e-05
[2026-04-18 01:25:37,633] DEEPMD INFO    batch   45000: val: rmse = 9.61e-02, rmse_e = 2.25e-03, rmse_f = 2.29e-02
[2026-04-18 01:25:37,634] DEEPMD INFO    batch   45000: total wall time = 24.37 s, eta = 0:22:20
[2026-04-18 01:26:02,541] DEEPMD INFO    batch   46000: trn: rmse = 1.00e-01, rmse_e = 5.66e-04, rmse_f = 3.04e-02, lr = 9.89e-06
[2026-04-18 01:26:02,541] DEEPMD INFO    batch   46000: val: rmse = 9.96e-02, rmse_e = 5.59e-04, rmse_f = 3.02e-02
[2026-04-18 01:26:02,542] DEEPMD INFO    batch   46000: total wall time = 24.91 s, eta = 0:22:25
[2026-04-18 01:26:27,016] DEEPMD INFO    batch   47000: trn: rmse = 9.26e-02, rmse_e = 9.72e-04, rmse_f = 2.80e-02, lr = 9.89e-06
[2026-04-18 01:26:27,016] DEEPMD INFO    batch   47000: val: rmse = 7.82e-02, rmse_e = 6.62e-04, rmse_f = 2.37e-02
[2026-04-18 01:26:27,016] DEEPMD INFO    batch   47000: total wall time = 24.47 s, eta = 0:21:37
[2026-04-18 01:26:51,659] DEEPMD INFO    batch   48000: trn: rmse = 7.23e-02, rmse_e = 2.61e-03, rmse_f = 2.18e-02, lr = 9.89e-06
[2026-04-18 01:26:51,659] DEEPMD INFO    batch   48000: val: rmse = 1.29e-01, rmse_e = 2.79e-03, rmse_f = 3.89e-02
[2026-04-18 01:26:51,660] DEEPMD INFO    batch   48000: total wall time = 24.64 s, eta = 0:21:21
[2026-04-18 01:27:15,888] DEEPMD INFO    batch   49000: trn: rmse = 8.74e-02, rmse_e = 1.14e-03, rmse_f = 2.65e-02, lr = 9.89e-06
[2026-04-18 01:27:15,888] DEEPMD INFO    batch   49000: val: rmse = 1.17e-01, rmse_e = 1.47e-03, rmse_f = 3.53e-02
[2026-04-18 01:27:15,889] DEEPMD INFO    batch   49000: total wall time = 24.23 s, eta = 0:20:35
[2026-04-18 01:27:40,199] DEEPMD INFO    batch   50000: trn: rmse = 7.18e-02, rmse_e = 1.73e-03, rmse_f = 2.17e-02, lr = 9.89e-06
[2026-04-18 01:27:40,200] DEEPMD INFO    batch   50000: val: rmse = 1.08e-01, rmse_e = 2.06e-03, rmse_f = 3.28e-02
[2026-04-18 01:27:40,200] DEEPMD INFO    batch   50000: total wall time = 24.31 s, eta = 0:20:15
[2026-04-18 01:27:40,226] DEEPMD INFO    Saved model to model.ckpt-50000.pt
[2026-04-18 01:28:03,763] DEEPMD INFO    batch   51000: trn: rmse = 5.05e-02, rmse_e = 6.74e-04, rmse_f = 1.92e-02, lr = 5.92e-06
[2026-04-18 01:28:03,764] DEEPMD INFO    batch   51000: val: rmse = 6.26e-02, rmse_e = 9.63e-04, rmse_f = 2.38e-02
[2026-04-18 01:28:03,765] DEEPMD INFO    batch   51000: total wall time = 23.56 s, eta = 0:19:14
[2026-04-18 01:28:28,565] DEEPMD INFO    batch   52000: trn: rmse = 4.54e-02, rmse_e = 7.06e-04, rmse_f = 1.72e-02, lr = 5.92e-06
[2026-04-18 01:28:28,565] DEEPMD INFO    batch   52000: val: rmse = 9.30e-02, rmse_e = 6.03e-04, rmse_f = 3.54e-02
[2026-04-18 01:28:28,566] DEEPMD INFO    batch   52000: total wall time = 24.80 s, eta = 0:19:50
[2026-04-18 01:28:52,915] DEEPMD INFO    batch   53000: trn: rmse = 7.62e-02, rmse_e = 4.33e-04, rmse_f = 2.90e-02, lr = 5.92e-06
[2026-04-18 01:28:52,916] DEEPMD INFO    batch   53000: val: rmse = 7.92e-02, rmse_e = 6.10e-04, rmse_f = 3.01e-02
[2026-04-18 01:28:52,916] DEEPMD INFO    batch   53000: total wall time = 24.35 s, eta = 0:19:04
[2026-04-18 01:29:17,496] DEEPMD INFO    batch   54000: trn: rmse = 6.18e-02, rmse_e = 8.14e-04, rmse_f = 2.35e-02, lr = 5.92e-06
[2026-04-18 01:29:17,496] DEEPMD INFO    batch   54000: val: rmse = 7.47e-02, rmse_e = 8.48e-04, rmse_f = 2.84e-02
[2026-04-18 01:29:17,497] DEEPMD INFO    batch   54000: total wall time = 24.58 s, eta = 0:18:50
[2026-04-18 01:29:42,137] DEEPMD INFO    batch   55000: trn: rmse = 8.02e-02, rmse_e = 1.70e-03, rmse_f = 3.04e-02, lr = 5.92e-06
[2026-04-18 01:29:42,138] DEEPMD INFO    batch   55000: val: rmse = 5.82e-02, rmse_e = 9.05e-04, rmse_f = 2.21e-02
[2026-04-18 01:29:42,138] DEEPMD INFO    batch   55000: total wall time = 24.64 s, eta = 0:18:28
[2026-04-18 01:30:06,697] DEEPMD INFO    batch   56000: trn: rmse = 6.17e-02, rmse_e = 5.54e-04, rmse_f = 2.89e-02, lr = 3.55e-06
[2026-04-18 01:30:06,697] DEEPMD INFO    batch   56000: val: rmse = 6.39e-02, rmse_e = 1.86e-04, rmse_f = 3.00e-02
[2026-04-18 01:30:06,698] DEEPMD INFO    batch   56000: total wall time = 24.56 s, eta = 0:18:00
[2026-04-18 01:30:31,433] DEEPMD INFO    batch   57000: trn: rmse = 6.00e-02, rmse_e = 8.55e-04, rmse_f = 2.81e-02, lr = 3.55e-06
[2026-04-18 01:30:31,433] DEEPMD INFO    batch   57000: val: rmse = 7.48e-02, rmse_e = 7.21e-04, rmse_f = 3.51e-02
[2026-04-18 01:30:31,433] DEEPMD INFO    batch   57000: total wall time = 24.74 s, eta = 0:17:43
[2026-04-18 01:30:55,855] DEEPMD INFO    batch   58000: trn: rmse = 6.52e-02, rmse_e = 1.17e-03, rmse_f = 3.05e-02, lr = 3.55e-06
[2026-04-18 01:30:55,855] DEEPMD INFO    batch   58000: val: rmse = 5.83e-02, rmse_e = 9.01e-04, rmse_f = 2.73e-02
[2026-04-18 01:30:55,856] DEEPMD INFO    batch   58000: total wall time = 24.42 s, eta = 0:17:05
[2026-04-18 01:31:20,548] DEEPMD INFO    batch   59000: trn: rmse = 6.78e-02, rmse_e = 7.50e-04, rmse_f = 3.18e-02, lr = 3.55e-06
[2026-04-18 01:31:20,549] DEEPMD INFO    batch   59000: val: rmse = 3.93e-02, rmse_e = 3.85e-04, rmse_f = 1.84e-02
[2026-04-18 01:31:20,549] DEEPMD INFO    batch   59000: total wall time = 24.69 s, eta = 0:16:52
[2026-04-18 01:31:44,960] DEEPMD INFO    batch   60000: trn: rmse = 5.29e-02, rmse_e = 6.09e-04, rmse_f = 2.48e-02, lr = 3.55e-06
[2026-04-18 01:31:44,960] DEEPMD INFO    batch   60000: val: rmse = 5.88e-02, rmse_e = 6.88e-04, rmse_f = 2.75e-02
[2026-04-18 01:31:44,960] DEEPMD INFO    batch   60000: total wall time = 24.41 s, eta = 0:16:16
[2026-04-18 01:31:44,987] DEEPMD INFO    Saved model to model.ckpt-60000.pt
[2026-04-18 01:32:09,377] DEEPMD INFO    batch   61000: trn: rmse = 4.44e-02, rmse_e = 3.66e-04, rmse_f = 2.51e-02, lr = 2.12e-06
[2026-04-18 01:32:09,377] DEEPMD INFO    batch   61000: val: rmse = 4.49e-02, rmse_e = 4.45e-04, rmse_f = 2.54e-02
[2026-04-18 01:32:09,377] DEEPMD INFO    batch   61000: total wall time = 24.42 s, eta = 0:15:52
[2026-04-18 01:32:34,093] DEEPMD INFO    batch   62000: trn: rmse = 4.54e-02, rmse_e = 9.47e-04, rmse_f = 2.56e-02, lr = 2.12e-06
[2026-04-18 01:32:34,093] DEEPMD INFO    batch   62000: val: rmse = 4.03e-02, rmse_e = 7.99e-04, rmse_f = 2.28e-02
[2026-04-18 01:32:34,093] DEEPMD INFO    batch   62000: total wall time = 24.72 s, eta = 0:15:39
[2026-04-18 01:32:58,473] DEEPMD INFO    batch   63000: trn: rmse = 5.06e-02, rmse_e = 9.29e-04, rmse_f = 2.86e-02, lr = 2.12e-06
[2026-04-18 01:32:58,473] DEEPMD INFO    batch   63000: val: rmse = 4.95e-02, rmse_e = 8.79e-04, rmse_f = 2.80e-02
[2026-04-18 01:32:58,474] DEEPMD INFO    batch   63000: total wall time = 24.38 s, eta = 0:15:02
[2026-04-18 01:33:23,059] DEEPMD INFO    batch   64000: trn: rmse = 4.86e-02, rmse_e = 6.24e-04, rmse_f = 2.75e-02, lr = 2.12e-06
[2026-04-18 01:33:23,060] DEEPMD INFO    batch   64000: val: rmse = 6.10e-02, rmse_e = 1.13e-03, rmse_f = 3.45e-02
[2026-04-18 01:33:23,060] DEEPMD INFO    batch   64000: total wall time = 24.59 s, eta = 0:14:45
[2026-04-18 01:33:47,720] DEEPMD INFO    batch   65000: trn: rmse = 4.96e-02, rmse_e = 7.52e-04, rmse_f = 2.81e-02, lr = 2.12e-06
[2026-04-18 01:33:47,720] DEEPMD INFO    batch   65000: val: rmse = 5.01e-02, rmse_e = 4.08e-04, rmse_f = 2.84e-02
[2026-04-18 01:33:47,721] DEEPMD INFO    batch   65000: total wall time = 24.66 s, eta = 0:14:23
[2026-04-18 01:34:12,249] DEEPMD INFO    batch   66000: trn: rmse = 4.12e-02, rmse_e = 6.79e-04, rmse_f = 2.73e-02, lr = 1.27e-06
[2026-04-18 01:34:12,249] DEEPMD INFO    batch   66000: val: rmse = 5.00e-02, rmse_e = 2.58e-04, rmse_f = 3.32e-02
[2026-04-18 01:34:12,249] DEEPMD INFO    batch   66000: total wall time = 24.53 s, eta = 0:13:53
[2026-04-18 01:34:36,513] DEEPMD INFO    batch   67000: trn: rmse = 4.43e-02, rmse_e = 9.85e-04, rmse_f = 2.94e-02, lr = 1.27e-06
[2026-04-18 01:34:36,513] DEEPMD INFO    batch   67000: val: rmse = 3.34e-02, rmse_e = 5.92e-04, rmse_f = 2.22e-02
[2026-04-18 01:34:36,514] DEEPMD INFO    batch   67000: total wall time = 24.26 s, eta = 0:13:20
[2026-04-18 01:35:01,445] DEEPMD INFO    batch   68000: trn: rmse = 3.70e-02, rmse_e = 3.03e-04, rmse_f = 2.46e-02, lr = 1.27e-06
[2026-04-18 01:35:01,446] DEEPMD INFO    batch   68000: val: rmse = 4.36e-02, rmse_e = 4.62e-04, rmse_f = 2.89e-02
[2026-04-18 01:35:01,446] DEEPMD INFO    batch   68000: total wall time = 24.93 s, eta = 0:13:17
[2026-04-18 01:35:25,577] DEEPMD INFO    batch   69000: trn: rmse = 3.41e-02, rmse_e = 7.65e-04, rmse_f = 2.26e-02, lr = 1.27e-06
[2026-04-18 01:35:25,577] DEEPMD INFO    batch   69000: val: rmse = 3.80e-02, rmse_e = 4.21e-04, rmse_f = 2.52e-02
[2026-04-18 01:35:25,578] DEEPMD INFO    batch   69000: total wall time = 24.13 s, eta = 0:12:28
[2026-04-18 01:35:50,257] DEEPMD INFO    batch   70000: trn: rmse = 3.37e-02, rmse_e = 4.57e-04, rmse_f = 2.23e-02, lr = 1.27e-06
[2026-04-18 01:35:50,257] DEEPMD INFO    batch   70000: val: rmse = 3.48e-02, rmse_e = 3.24e-04, rmse_f = 2.31e-02
[2026-04-18 01:35:50,257] DEEPMD INFO    batch   70000: total wall time = 24.68 s, eta = 0:12:20
[2026-04-18 01:35:50,285] DEEPMD INFO    Saved model to model.ckpt-70000.pt
[2026-04-18 01:36:14,860] DEEPMD INFO    batch   71000: trn: rmse = 2.96e-02, rmse_e = 3.51e-04, rmse_f = 2.23e-02, lr = 7.62e-07
[2026-04-18 01:36:14,860] DEEPMD INFO    batch   71000: val: rmse = 3.30e-02, rmse_e = 3.09e-04, rmse_f = 2.49e-02
[2026-04-18 01:36:14,861] DEEPMD INFO    batch   71000: total wall time = 24.60 s, eta = 0:11:53
[2026-04-18 01:36:39,507] DEEPMD INFO    batch   72000: trn: rmse = 3.37e-02, rmse_e = 3.94e-04, rmse_f = 2.54e-02, lr = 7.62e-07
[2026-04-18 01:36:39,508] DEEPMD INFO    batch   72000: val: rmse = 2.94e-02, rmse_e = 3.97e-04, rmse_f = 2.21e-02
[2026-04-18 01:36:39,508] DEEPMD INFO    batch   72000: total wall time = 24.65 s, eta = 0:11:30
[2026-04-18 01:37:04,503] DEEPMD INFO    batch   73000: trn: rmse = 3.44e-02, rmse_e = 7.62e-04, rmse_f = 2.59e-02, lr = 7.62e-07
[2026-04-18 01:37:04,504] DEEPMD INFO    batch   73000: val: rmse = 3.12e-02, rmse_e = 3.36e-04, rmse_f = 2.35e-02
[2026-04-18 01:37:04,504] DEEPMD INFO    batch   73000: total wall time = 25.00 s, eta = 0:11:14
[2026-04-18 01:37:29,176] DEEPMD INFO    batch   74000: trn: rmse = 3.41e-02, rmse_e = 4.01e-04, rmse_f = 2.57e-02, lr = 7.62e-07
[2026-04-18 01:37:29,176] DEEPMD INFO    batch   74000: val: rmse = 5.48e-02, rmse_e = 7.61e-04, rmse_f = 4.12e-02
[2026-04-18 01:37:29,177] DEEPMD INFO    batch   74000: total wall time = 24.67 s, eta = 0:10:41
[2026-04-18 01:37:53,375] DEEPMD INFO    batch   75000: trn: rmse = 2.77e-02, rmse_e = 6.41e-04, rmse_f = 2.08e-02, lr = 7.62e-07
[2026-04-18 01:37:53,375] DEEPMD INFO    batch   75000: val: rmse = 3.75e-02, rmse_e = 6.35e-04, rmse_f = 2.82e-02
[2026-04-18 01:37:53,375] DEEPMD INFO    batch   75000: total wall time = 24.20 s, eta = 0:10:04
[2026-04-18 01:38:17,531] DEEPMD INFO    batch   76000: trn: rmse = 4.05e-02, rmse_e = 7.28e-04, rmse_f = 3.35e-02, lr = 4.56e-07
[2026-04-18 01:38:17,532] DEEPMD INFO    batch   76000: val: rmse = 2.45e-02, rmse_e = 3.40e-04, rmse_f = 2.03e-02
[2026-04-18 01:38:17,532] DEEPMD INFO    batch   76000: total wall time = 24.16 s, eta = 0:09:39
[2026-04-18 01:38:41,918] DEEPMD INFO    batch   77000: trn: rmse = 2.83e-02, rmse_e = 4.50e-04, rmse_f = 2.34e-02, lr = 4.56e-07
[2026-04-18 01:38:41,919] DEEPMD INFO    batch   77000: val: rmse = 4.05e-02, rmse_e = 2.34e-04, rmse_f = 3.36e-02
[2026-04-18 01:38:41,919] DEEPMD INFO    batch   77000: total wall time = 24.39 s, eta = 0:09:20
[2026-04-18 01:39:05,992] DEEPMD INFO    batch   78000: trn: rmse = 4.43e-02, rmse_e = 8.69e-04, rmse_f = 3.67e-02, lr = 4.56e-07
[2026-04-18 01:39:05,992] DEEPMD INFO    batch   78000: val: rmse = 2.78e-02, rmse_e = 3.03e-04, rmse_f = 2.30e-02
[2026-04-18 01:39:05,993] DEEPMD INFO    batch   78000: total wall time = 24.07 s, eta = 0:08:49
[2026-04-18 01:39:30,343] DEEPMD INFO    batch   79000: trn: rmse = 3.43e-02, rmse_e = 4.28e-04, rmse_f = 2.84e-02, lr = 4.56e-07
[2026-04-18 01:39:30,343] DEEPMD INFO    batch   79000: val: rmse = 3.68e-02, rmse_e = 3.12e-04, rmse_f = 3.05e-02
[2026-04-18 01:39:30,344] DEEPMD INFO    batch   79000: total wall time = 24.35 s, eta = 0:08:31
[2026-04-18 01:39:54,797] DEEPMD INFO    batch   80000: trn: rmse = 2.96e-02, rmse_e = 5.89e-04, rmse_f = 2.45e-02, lr = 4.56e-07
[2026-04-18 01:39:54,797] DEEPMD INFO    batch   80000: val: rmse = 2.71e-02, rmse_e = 3.16e-04, rmse_f = 2.25e-02
[2026-04-18 01:39:54,797] DEEPMD INFO    batch   80000: total wall time = 24.45 s, eta = 0:08:09
[2026-04-18 01:39:54,827] DEEPMD INFO    Saved model to model.ckpt-80000.pt
[2026-04-18 01:40:19,157] DEEPMD INFO    batch   81000: trn: rmse = 2.32e-02, rmse_e = 4.39e-04, rmse_f = 2.05e-02, lr = 2.73e-07
[2026-04-18 01:40:19,157] DEEPMD INFO    batch   81000: val: rmse = 2.86e-02, rmse_e = 5.29e-04, rmse_f = 2.53e-02
[2026-04-18 01:40:19,157] DEEPMD INFO    batch   81000: total wall time = 24.36 s, eta = 0:07:42
[2026-04-18 01:40:44,383] DEEPMD INFO    batch   82000: trn: rmse = 2.60e-02, rmse_e = 4.48e-04, rmse_f = 2.30e-02, lr = 2.73e-07
[2026-04-18 01:40:44,383] DEEPMD INFO    batch   82000: val: rmse = 4.21e-02, rmse_e = 4.65e-04, rmse_f = 3.73e-02
[2026-04-18 01:40:44,384] DEEPMD INFO    batch   82000: total wall time = 25.23 s, eta = 0:07:34
[2026-04-18 01:41:09,305] DEEPMD INFO    batch   83000: trn: rmse = 3.34e-02, rmse_e = 5.36e-04, rmse_f = 2.95e-02, lr = 2.73e-07
[2026-04-18 01:41:09,305] DEEPMD INFO    batch   83000: val: rmse = 4.50e-02, rmse_e = 8.19e-04, rmse_f = 3.99e-02
[2026-04-18 01:41:09,306] DEEPMD INFO    batch   83000: total wall time = 24.92 s, eta = 0:07:03
[2026-04-18 01:41:34,462] DEEPMD INFO    batch   84000: trn: rmse = 3.69e-02, rmse_e = 5.03e-04, rmse_f = 3.27e-02, lr = 2.73e-07
[2026-04-18 01:41:34,462] DEEPMD INFO    batch   84000: val: rmse = 3.60e-02, rmse_e = 8.29e-04, rmse_f = 3.18e-02
[2026-04-18 01:41:34,463] DEEPMD INFO    batch   84000: total wall time = 25.16 s, eta = 0:06:42
[2026-04-18 01:41:59,344] DEEPMD INFO    batch   85000: trn: rmse = 3.30e-02, rmse_e = 7.94e-04, rmse_f = 2.92e-02, lr = 2.73e-07
[2026-04-18 01:41:59,344] DEEPMD INFO    batch   85000: val: rmse = 4.14e-02, rmse_e = 2.56e-04, rmse_f = 3.67e-02
[2026-04-18 01:41:59,344] DEEPMD INFO    batch   85000: total wall time = 24.88 s, eta = 0:06:13
[2026-04-18 01:42:23,733] DEEPMD INFO    batch   86000: trn: rmse = 3.32e-02, rmse_e = 6.89e-04, rmse_f = 3.07e-02, lr = 1.63e-07
[2026-04-18 01:42:23,733] DEEPMD INFO    batch   86000: val: rmse = 3.52e-02, rmse_e = 4.01e-04, rmse_f = 3.26e-02
[2026-04-18 01:42:23,733] DEEPMD INFO    batch   86000: total wall time = 24.39 s, eta = 0:05:41
[2026-04-18 01:42:48,581] DEEPMD INFO    batch   87000: trn: rmse = 3.06e-02, rmse_e = 7.39e-04, rmse_f = 2.83e-02, lr = 1.63e-07
[2026-04-18 01:42:48,581] DEEPMD INFO    batch   87000: val: rmse = 2.87e-02, rmse_e = 2.48e-04, rmse_f = 2.66e-02
[2026-04-18 01:42:48,581] DEEPMD INFO    batch   87000: total wall time = 24.85 s, eta = 0:05:23
[2026-04-18 01:43:12,739] DEEPMD INFO    batch   88000: trn: rmse = 2.77e-02, rmse_e = 6.05e-04, rmse_f = 2.57e-02, lr = 1.63e-07
[2026-04-18 01:43:12,739] DEEPMD INFO    batch   88000: val: rmse = 4.26e-02, rmse_e = 3.31e-04, rmse_f = 3.95e-02
[2026-04-18 01:43:12,740] DEEPMD INFO    batch   88000: total wall time = 24.16 s, eta = 0:04:49
[2026-04-18 01:43:36,572] DEEPMD INFO    batch   89000: trn: rmse = 2.85e-02, rmse_e = 3.18e-04, rmse_f = 2.64e-02, lr = 1.63e-07
[2026-04-18 01:43:36,572] DEEPMD INFO    batch   89000: val: rmse = 2.99e-02, rmse_e = 8.18e-04, rmse_f = 2.77e-02
[2026-04-18 01:43:36,572] DEEPMD INFO    batch   89000: total wall time = 23.83 s, eta = 0:04:22
[2026-04-18 01:44:01,648] DEEPMD INFO    batch   90000: trn: rmse = 1.85e-02, rmse_e = 5.21e-04, rmse_f = 1.71e-02, lr = 1.63e-07
[2026-04-18 01:44:01,648] DEEPMD INFO    batch   90000: val: rmse = 2.74e-02, rmse_e = 7.73e-04, rmse_f = 2.53e-02
[2026-04-18 01:44:01,649] DEEPMD INFO    batch   90000: total wall time = 25.08 s, eta = 0:04:10
[2026-04-18 01:44:01,675] DEEPMD INFO    Saved model to model.ckpt-90000.pt
[2026-04-18 01:44:26,739] DEEPMD INFO    batch   91000: trn: rmse = 3.12e-02, rmse_e = 6.61e-04, rmse_f = 2.97e-02, lr = 9.79e-08
[2026-04-18 01:44:26,739] DEEPMD INFO    batch   91000: val: rmse = 3.03e-02, rmse_e = 5.05e-04, rmse_f = 2.89e-02
[2026-04-18 01:44:26,740] DEEPMD INFO    batch   91000: total wall time = 25.09 s, eta = 0:03:45
[2026-04-18 01:44:50,504] DEEPMD INFO    batch   92000: trn: rmse = 2.48e-02, rmse_e = 4.41e-04, rmse_f = 2.37e-02, lr = 9.79e-08
[2026-04-18 01:44:50,504] DEEPMD INFO    batch   92000: val: rmse = 2.14e-02, rmse_e = 3.63e-04, rmse_f = 2.04e-02
[2026-04-18 01:44:50,505] DEEPMD INFO    batch   92000: total wall time = 23.76 s, eta = 0:03:10
[2026-04-18 01:45:14,969] DEEPMD INFO    batch   93000: trn: rmse = 3.44e-02, rmse_e = 9.05e-04, rmse_f = 3.27e-02, lr = 9.79e-08
[2026-04-18 01:45:14,970] DEEPMD INFO    batch   93000: val: rmse = 3.01e-02, rmse_e = 7.17e-04, rmse_f = 2.86e-02
[2026-04-18 01:45:14,970] DEEPMD INFO    batch   93000: total wall time = 24.47 s, eta = 0:02:51
[2026-04-18 01:45:39,198] DEEPMD INFO    batch   94000: trn: rmse = 2.80e-02, rmse_e = 5.29e-04, rmse_f = 2.66e-02, lr = 9.79e-08
[2026-04-18 01:45:39,198] DEEPMD INFO    batch   94000: val: rmse = 2.99e-02, rmse_e = 1.02e-03, rmse_f = 2.84e-02
[2026-04-18 01:45:39,198] DEEPMD INFO    batch   94000: total wall time = 24.23 s, eta = 0:02:25
[2026-04-18 01:46:03,995] DEEPMD INFO    batch   95000: trn: rmse = 2.10e-02, rmse_e = 4.35e-04, rmse_f = 2.00e-02, lr = 9.79e-08
[2026-04-18 01:46:03,995] DEEPMD INFO    batch   95000: val: rmse = 2.76e-02, rmse_e = 4.22e-04, rmse_f = 2.64e-02
[2026-04-18 01:46:03,996] DEEPMD INFO    batch   95000: total wall time = 24.80 s, eta = 0:02:03
[2026-04-18 01:46:28,191] DEEPMD INFO    batch   96000: trn: rmse = 2.39e-02, rmse_e = 5.22e-04, rmse_f = 2.32e-02, lr = 5.86e-08
[2026-04-18 01:46:28,191] DEEPMD INFO    batch   96000: val: rmse = 2.49e-02, rmse_e = 4.72e-04, rmse_f = 2.41e-02
[2026-04-18 01:46:28,191] DEEPMD INFO    batch   96000: total wall time = 24.20 s, eta = 0:01:36
[2026-04-18 01:46:53,048] DEEPMD INFO    batch   97000: trn: rmse = 2.14e-02, rmse_e = 3.12e-04, rmse_f = 2.08e-02, lr = 5.86e-08
[2026-04-18 01:46:53,048] DEEPMD INFO    batch   97000: val: rmse = 3.23e-02, rmse_e = 3.70e-04, rmse_f = 3.14e-02
[2026-04-18 01:46:53,048] DEEPMD INFO    batch   97000: total wall time = 24.86 s, eta = 0:01:14
[2026-04-18 01:47:17,335] DEEPMD INFO    batch   98000: trn: rmse = 2.30e-02, rmse_e = 3.39e-04, rmse_f = 2.24e-02, lr = 5.86e-08
[2026-04-18 01:47:17,336] DEEPMD INFO    batch   98000: val: rmse = 2.56e-02, rmse_e = 4.96e-04, rmse_f = 2.48e-02
[2026-04-18 01:47:17,336] DEEPMD INFO    batch   98000: total wall time = 24.29 s, eta = 0:00:48
[2026-04-18 01:47:41,960] DEEPMD INFO    batch   99000: trn: rmse = 3.60e-02, rmse_e = 5.64e-04, rmse_f = 3.50e-02, lr = 5.86e-08
[2026-04-18 01:47:41,961] DEEPMD INFO    batch   99000: val: rmse = 3.77e-02, rmse_e = 5.67e-04, rmse_f = 3.66e-02
[2026-04-18 01:47:41,961] DEEPMD INFO    batch   99000: total wall time = 24.62 s, eta = 0:00:24
[2026-04-18 01:48:06,029] DEEPMD INFO    batch  100000: trn: rmse = 3.17e-02, rmse_e = 4.35e-04, rmse_f = 3.08e-02, lr = 5.86e-08
[2026-04-18 01:48:06,029] DEEPMD INFO    batch  100000: val: rmse = 3.52e-02, rmse_e = 2.91e-04, rmse_f = 3.42e-02
[2026-04-18 01:48:06,030] DEEPMD INFO    batch  100000: total wall time = 24.07 s, eta = 0:00:00
[2026-04-18 01:48:06,056] DEEPMD INFO    Saved model to model.ckpt-100000.pt
[2026-04-18 01:48:06,057] DEEPMD INFO    average training time: 0.0244 s/batch (1000 batches excluded)
[2026-04-18 01:48:06,057] DEEPMD INFO    Trained model has been saved to: model.ckpt
2026-04-18 01:48:06,832 - sparc.src.deepmd - INFO - Training completed successfully
2026-04-18 01:48:06,832 - INFO - Training completed successfully
[SPARC][INFO] Freezing model: dp --pt freeze -o frozen_model_3.pth
To get the best performance, it is recommended to adjust the number of threads by setting the environment variables OMP_NUM_THREADS, DP_INTRA_OP_PARALLELISM_THREADS, and DP_INTER_OP_PARALLELISM_THREADS. See https://deepmd.rtfd.io/parallelism/ for more information.
/home/rverma7/anaconda3/envs/sparcGNN/lib/python3.10/site-packages/e3nn/o3/_wigner.py:10: UserWarning: Environment variable TORCH_FORCE_NO_WEIGHTS_ONLY_LOAD detected, since the`weights_only` argument was not explicitly passed to `torch.load`, forcing weights_only=False.
  _Jd, _W3j_flat, _W3j_indices = torch.load(os.path.join(os.path.dirname(__file__), 'constants.pt'))
/home/rverma7/anaconda3/envs/sparcGNN/lib/python3.10/site-packages/nequip/__init__.py:20: UserWarning: !! PyTorch version 2.6.0 found. Upstream issues in PyTorch versions 1.13.* and 2.* have been seen to cause unusual performance degredations on some CUDA systems that become worse over time; see https://github.com/mir-group/nequip/discussions/311. The best tested PyTorch version to use with CUDA devices is 1.11; while using other versions if you observe this problem, an unexpected lack of this problem, or other strange behavior, please post in the linked GitHub issue.
  warnings.warn(
[2026-04-18 01:48:09,398] DEEPMD INFO    DeePMD version: 3.1.1
[2026-04-18 01:48:10,062] DEEPMD INFO    Saved frozen model to frozen_model_3.pth
2026-04-18 01:48:10,702 - sparc.src.deepmd - INFO - Model frozen successfully
2026-04-18 01:48:10,702 - INFO - Model frozen successfully
[SPARC][INFO] ================================================================================
[SPARC][INFO] DeepMD Model Evaluation Results
[SPARC][INFO] --------------------------------------------------------------------------------
[SPARC][INFO] [2026-04-18 01:48:12,122] DEEPMD WARNING To get the best performance, it is recommended to adjust the number of threads by setting the environment variables OMP_NUM_THREADS, DP_INTRA_OP_PARALLELISM_THREADS, and DP_INTER_OP_PARALLELISM_THREADS. See https://deepmd.rtfd.io/parallelism/ for more information.
/home/rverma7/anaconda3/envs/sparcGNN/lib/python3.10/site-packages/e3nn/o3/_wigner.py:10: UserWarning: Environment variable TORCH_FORCE_NO_WEIGHTS_ONLY_LOAD detected, since the`weights_only` argument was not explicitly passed to `torch.load`, forcing weights_only=False.
  _Jd, _W3j_flat, _W3j_indices = torch.load(os.path.join(os.path.dirname(__file__), 'constants.pt'))
/home/rverma7/anaconda3/envs/sparcGNN/lib/python3.10/site-packages/nequip/__init__.py:20: UserWarning: !! PyTorch version 2.6.0 found. Upstream issues in PyTorch versions 1.13.* and 2.* have been seen to cause unusual performance degredations on some CUDA systems that become worse over time; see https://github.com/mir-group/nequip/discussions/311. The best tested PyTorch version to use with CUDA devices is 1.11; while using other versions if you observe this problem, an unexpected lack of this problem, or other strange behavior, please post in the linked GitHub issue.
  warnings.warn(
[2026-04-18 01:48:13,870] DEEPMD INFO    # ---------------output of dp test--------------- 
[2026-04-18 01:48:13,870] DEEPMD INFO    # testing system : /home/rverma7/My_Program/0.3_sparc/examples/CP2K/workflow/DeePMD_training/00.data/validation_data
[2026-04-18 01:48:14,864] DEEPMD INFO    # number of test data : 52 
[2026-04-18 01:48:14,864] DEEPMD INFO    Energy MAE         : 3.147243e-03 eV
[2026-04-18 01:48:14,864] DEEPMD INFO    Energy RMSE        : 4.413918e-03 eV
[2026-04-18 01:48:14,864] DEEPMD INFO    Energy MAE/Natoms  : 3.934054e-04 eV
[2026-04-18 01:48:14,864] DEEPMD INFO    Energy RMSE/Natoms : 5.517398e-04 eV
[2026-04-18 01:48:14,864] DEEPMD INFO    Force  MAE         : 2.090101e-02 eV/Å
[2026-04-18 01:48:14,864] DEEPMD INFO    Force  RMSE        : 2.893744e-02 eV/Å
[2026-04-18 01:48:14,864] DEEPMD INFO    # ----------------------------------------------- 
[2026-04-18 01:48:14,864] DEEPMD INFO    # ----------weighted average of errors----------- 
[2026-04-18 01:48:14,864] DEEPMD INFO    # number of systems : 1
[2026-04-18 01:48:14,864] DEEPMD INFO    Energy MAE         : 3.147243e-03 eV
[2026-04-18 01:48:14,864] DEEPMD INFO    Energy RMSE        : 4.413918e-03 eV
[2026-04-18 01:48:14,864] DEEPMD INFO    Energy MAE/Natoms  : 3.934054e-04 eV
[2026-04-18 01:48:14,864] DEEPMD INFO    Energy RMSE/Natoms : 5.517398e-04 eV
[2026-04-18 01:48:14,864] DEEPMD INFO    Force  MAE         : 2.090101e-02 eV/Å
[2026-04-18 01:48:14,864] DEEPMD INFO    Force  RMSE        : 2.893744e-02 eV/Å
[2026-04-18 01:48:14,864] DEEPMD INFO    # -----------------------------------------------
[SPARC][INFO] ================================================================================
[SPARC][INFO] ================================================================================
[SPARC][INFO] Running 2 ML-MD with updated models (NVT-Nose)
[SPARC][INFO] Restart Exploration: ENABLED (frame: ('candidates',))
[SPARC][INFO] ================================================================================
[SPARC][WARNING]  Warning: Could not load from previous iteration: Invalid restart_mode: ('candidates',). Options: 'last', 'random', 'candidates'
[SPARC][INFO]  Falling back to original structure
[SPARC][INFO] --------------------------------------------------------------------------------
[SPARC][INFO] DeepPotential model successfully loaded and tested:
[SPARC][INFO]   Model: iter_000001/01.train/training_1/frozen_model_1.pth
[SPARC][INFO]   Backend: PYTORCH
[SPARC][INFO] --------------------------------------------------------------------------------
[SPARC][INFO] ================================================================================

[SPARC][INFO]             MACHINE LEARNING POTENTIAL MD SIMULATION FOR [NVT-Nose]             

[SPARC][INFO] Output Logfile: Iter2_dpmd_0.log
[SPARC][INFO] ================================================================================

[SPARC][INFO] 
[SPARC][INFO] Step     Epot (eV)    Ekin (eV)    Temp (K)   P (GPa)    V (Ang^3) 
[SPARC][INFO] --------------------------------------------------------------------------------
[SPARC][INFO] 0          -439.6776      0.3619    350.00    0.3096   1728.00
[SPARC][INFO] ***********************************************************
[SPARC][INFO] Reference Potential Energy (Step 0): -440.554452 eV
[SPARC][INFO] Threshold limit: +/- 2.50 eV
[SPARC][INFO] ***********************************************************
[SPARC][INFO] 200        -440.4695      0.4284    414.28   -0.1747   1728.00
[SPARC][INFO] 400        -440.4155      0.3668    354.67    0.1184   1728.00
[SPARC][INFO] 600        -440.4762      0.5088    492.06   -0.2350   1728.00
[SPARC][INFO] 800        -440.5405      0.5039    487.31    0.0093   1728.00
[SPARC][INFO] 1000       -439.9809      0.2972    287.41   -0.1610   1728.00
[SPARC][INFO] 1200       -440.2762      0.1647    159.23   -0.2517   1728.00
[SPARC][INFO] 1400       -440.2022      0.5170    499.99    0.0817   1728.00
[SPARC][INFO] 1600       -440.4803      0.3295    318.63   -0.1881   1728.00
[SPARC][INFO] 1800       -440.1620      0.3388    327.67   -0.1912   1728.00
[SPARC][INFO] 2000       -440.5874      0.3737    361.43    0.1409   1728.00
[SPARC][INFO] 2200       -440.2556      0.3576    345.81   -0.1565   1728.00
[SPARC][INFO] 2400       -440.6336      0.3677    355.56    0.0946   1728.00
[SPARC][INFO] 2600       -440.5844      0.5594    540.97   -0.0675   1728.00
[SPARC][INFO] 2800       -440.3021      0.2932    283.58    0.0886   1728.00
[SPARC][INFO] 3000       -440.5249      0.3227    312.08    0.0521   1728.00
[SPARC][INFO] 3200       -440.4072      0.4366    422.22    0.0679   1728.00
[SPARC][INFO] 3400       -440.3735      0.2194    212.20    0.1906   1728.00
[SPARC][INFO] 3600       -440.2340      0.3091    298.95    0.1242   1728.00
[SPARC][INFO] 3800       -440.4865      0.4458    431.14   -0.0107   1728.00
[SPARC][INFO] 4000       -440.4455      0.1575    152.33    0.2046   1728.00
[SPARC][INFO] 4200       -440.4563      0.4942    477.90    0.0003   1728.00
[SPARC][INFO] 4400       -440.5226      0.3938    380.79   -0.0090   1728.00
[SPARC][INFO] 4600       -440.5466      0.4173    403.51    0.0050   1728.00
[SPARC][INFO] 4800       -440.3294      0.3565    344.74    0.1450   1728.00
[SPARC][INFO] 5000       -440.6325      0.6032    583.33   -0.0829   1728.00
[SPARC][WARNING]  Warning: Could not load from previous iteration: Invalid restart_mode: ('candidates',). Options: 'last', 'random', 'candidates'
[SPARC][INFO]  Falling back to original structure
[SPARC][INFO] --------------------------------------------------------------------------------
[SPARC][INFO] DeepPotential model successfully loaded and tested:
[SPARC][INFO]   Model: iter_000001/01.train/training_1/frozen_model_1.pth
[SPARC][INFO]   Backend: PYTORCH
[SPARC][INFO] --------------------------------------------------------------------------------
[SPARC][INFO] ================================================================================

[SPARC][INFO]             MACHINE LEARNING POTENTIAL MD SIMULATION FOR [NVT-Nose]             

[SPARC][INFO] Output Logfile: Iter2_dpmd_1.log
[SPARC][INFO] ================================================================================

[SPARC][INFO] 
[SPARC][INFO] Step     Epot (eV)    Ekin (eV)    Temp (K)   P (GPa)    V (Ang^3) 
[SPARC][INFO] --------------------------------------------------------------------------------
[SPARC][INFO] 0          -439.6776      0.3619    350.00    0.3096   1728.00
[SPARC][INFO] ***********************************************************
[SPARC][INFO] Reference Potential Energy (Step 0): -440.448681 eV
[SPARC][INFO] Threshold limit: +/- 2.50 eV
[SPARC][INFO] ***********************************************************
[SPARC][INFO] 200        -440.4347      0.4045    391.13   -0.0902   1728.00
[SPARC][INFO] 400        -440.4344      0.4860    470.01    0.0170   1728.00
[SPARC][INFO] 600        -440.4048      0.2173    210.09   -0.2447   1728.00
[SPARC][INFO] 800        -440.5066      0.4890    472.86    0.0710   1728.00
[SPARC][INFO] 1000       -440.5316      0.2635    254.78    0.2180   1728.00
[SPARC][INFO] 1200       -440.3609      0.3512    339.59   -0.1329   1728.00
[SPARC][INFO] 1400       -440.5856      0.2490    240.76    0.0583   1728.00
[SPARC][INFO] 1600       -440.4617      0.3677    355.59   -0.0532   1728.00
[SPARC][INFO] 1800       -440.4957      0.1312    126.84   -0.2248   1728.00
[SPARC][INFO] 2000       -440.2815      0.2589    250.36   -0.0931   1728.00
[SPARC][INFO] 2200       -440.4726      0.2350    227.24    0.0755   1728.00
[SPARC][INFO] 2400       -440.5391      0.4781    462.35   -0.1261   1728.00
[SPARC][INFO] 2600       -440.5658      0.4628    447.51   -0.0065   1728.00
[SPARC][INFO] 2800       -440.5150      0.2857    276.33    0.1968   1728.00
[SPARC][INFO] 3000       -440.5339      0.5507    532.58   -0.1552   1728.00
[SPARC][INFO] 3200       -440.4865      0.1884    182.19    0.0650   1728.00
[SPARC][INFO] 3400       -440.3983      0.3144    304.01   -0.1187   1728.00
[SPARC][INFO] 3600       -440.4899      0.1472    142.36   -0.1393   1728.00
[SPARC][INFO] 3800       -440.4892      0.4041    390.79    0.0249   1728.00
[SPARC][INFO] 4000       -440.5335      0.2552    246.75    0.0382   1728.00
[SPARC][INFO] 4200       -440.5497      0.5696    550.83    0.0421   1728.00
[SPARC][INFO] 4400       -440.5260      0.2613    252.67   -0.0354   1728.00
[SPARC][INFO] 4600       -440.4948      0.3941    381.09   -0.1179   1728.00
[SPARC][INFO] 4800       -440.6243      0.4475    432.72    0.0190   1728.00
[SPARC][INFO] 5000       -440.4769      0.3751    362.74   -0.0406   1728.00
[SPARC][INFO] 
[SPARC][INFO] QUERY-BY-COMMITTEE: MODEL DEVIATION ANALYSIS
[SPARC][INFO] --------------------------------------------------------------------------------
[SPARC][INFO] Iteration                      2
[SPARC][INFO] Number of models               3
[SPARC][INFO] Deviation range                [0.10, 0.35] eV/Å
[SPARC][INFO] --------------------------------------------------------------------------------
[SPARC][INFO] ================================================================================
[SPARC][INFO]                     Model Path: iter_000002/01.train                    
[SPARC][INFO] ================================================================================
[SPARC][INFO] ================================================================================
[SPARC][INFO]                       Using the following models:                       
[SPARC][INFO] ================================================================================
[SPARC][INFO]                            frozen_model_1.pth                           
[SPARC][INFO]                            frozen_model_2.pth                           
[SPARC][INFO]                            frozen_model_3.pth                           
[SPARC][INFO] ================================================================================
[2026-04-18 01:50:35,705] DEEPMD WARNING To get the best performance, it is recommended to adjust the number of threads by setting the environment variables OMP_NUM_THREADS, DP_INTRA_OP_PARALLELISM_THREADS, and DP_INTER_OP_PARALLELISM_THREADS. See https://deepmd.rtfd.io/parallelism/ for more information.
/home/rverma7/anaconda3/envs/sparcGNN/lib/python3.10/site-packages/e3nn/o3/_wigner.py:10: UserWarning: Environment variable TORCH_FORCE_NO_WEIGHTS_ONLY_LOAD detected, since the`weights_only` argument was not explicitly passed to `torch.load`, forcing weights_only=False.
  _Jd, _W3j_flat, _W3j_indices = torch.load(os.path.join(os.path.dirname(__file__), 'constants.pt'))
/home/rverma7/anaconda3/envs/sparcGNN/lib/python3.10/site-packages/nequip/__init__.py:20: UserWarning: !! PyTorch version 2.6.0 found. Upstream issues in PyTorch versions 1.13.* and 2.* have been seen to cause unusual performance degredations on some CUDA systems that become worse over time; see https://github.com/mir-group/nequip/discussions/311. The best tested PyTorch version to use with CUDA devices is 1.11; while using other versions if you observe this problem, an unexpected lack of this problem, or other strange behavior, please post in the linked GitHub issue.
  warnings.warn(
[2026-04-18 01:50:38,586] DEEPMD INFO    Adjust batch size from 1024 to 2048
[2026-04-18 01:50:39,227] DEEPMD INFO    Adjust batch size from 2048 to 4096
[2026-04-18 01:50:40,430] DEEPMD INFO    Adjust batch size from 1024 to 2048
[2026-04-18 01:50:41,067] DEEPMD INFO    Adjust batch size from 2048 to 4096
[2026-04-18 01:50:42,261] DEEPMD INFO    Adjust batch size from 1024 to 2048
[2026-04-18 01:50:42,898] DEEPMD INFO    Adjust batch size from 2048 to 4096
[SPARC][INFO] ================================================================================
[SPARC][INFO]           Model deviation calculation completed successfully!           
[SPARC][INFO]          Results saved in: iter_000002/02.dpmd/model_dev_2.out          
[SPARC][INFO] ================================================================================
[SPARC][INFO] ================================================================================
[SPARC][INFO] Selection Summary:
[SPARC][INFO]   Candidates in deviation range [0.10, 0.35] eV/Å: 20
[SPARC][INFO]   Skipped (RMSD < 0.050 Å): 17
[SPARC][INFO]   Final selected structures: 3
[SPARC][INFO]   Candidates trajectory: iter_000002/02.dpmd/dft_candidates/candidates.extxyz
[SPARC][INFO]   RMSD details written to: iter_000002/02.dpmd/dft_candidates/rmsd_filtering.dat
[SPARC][INFO] ==========================================================================================

[SPARC][INFO] Candidate summary saved to: iter_000002/02.dpmd/dft_candidates/candidates_summary.csv

[SPARC][INFO] 
[SPARC][INFO] --------------------------------------------------------------------------------
[SPARC][INFO]                          ACTIVE LEARNING ITERATION 3/4                          
[SPARC][INFO] --------------------------------------------------------------------------------
[SPARC][INFO] Iteration Directory            iter_000003
[SPARC][INFO] 
[SPARC][INFO] MD Configuration:
[SPARC][INFO]   Ensemble                     NVT
[SPARC][INFO]   Thermostat                   Nose
[SPARC][INFO]   Temperature                  350.0 K
[SPARC][INFO]   MD Steps                     5000
[SPARC][INFO]   Timestep                     1.00 fs
[SPARC][INFO]   Log Frequency                20
[SPARC][INFO] Restart Exploration            DISABLED (iteration 0)
[SPARC][INFO] 
[SPARC][INFO] Model Deviation Criteria:
[SPARC][INFO]   Min Force Deviation          0.1 eV/Ang.
[SPARC][INFO]   Max Force Deviation          0.35 eV/Ang.
[SPARC][INFO] 
[SPARC][INFO] Training Configuration:
[SPARC][INFO]   Number of Models             3
[SPARC][INFO]   Training Data Dir            DeePMD_training/00.data
[SPARC][INFO] 
[SPARC][INFO] ================================================================================
[SPARC][INFO] 
[SPARC][INFO] Creating Directories for Iteration: 000003
[SPARC][INFO] ================================================================================
[SPARC][INFO] ├── iter_000003
[SPARC][INFO] │   ├── 00.dft
[SPARC][INFO] │   ├── 01.train
[SPARC][INFO] │   └── 02.dpmd
[SPARC][INFO] ================================================================================
[SPARC][INFO] Iteration 3 | Computing DFT energies/forces for 3 candidates
[SPARC][INFO] ================================================================================
[SPARC][INFO] 
[SPARC][INFO] Setting up CP2K calculator...
[SPARC][INFO] CP2K calculator setup successfully
[SPARC][INFO] Candidate:     1 | Epot: -439.997072 [eV]
[SPARC][INFO] Candidate:     2 | Epot: -440.195067 [eV]
[SPARC][INFO] Candidate:     3 | Epot: -440.136819 [eV]
[SPARC][INFO] ================================================================================
[SPARC][INFO] Processing Data for MLIP Re-Training
[SPARC][INFO] ================================================================================
[SPARC][INFO]   Loaded 257 existing frames from TrajCombined.traj
[SPARC][INFO]   Iteration [3]
[SPARC][INFO]    → Checking File : iter_000003/00.dft/AseMD.traj
[SPARC][INFO]    → Added Frames  : 3

[SPARC][INFO] ================================================================================
[SPARC][INFO]                 Total Frames in Combined Trajectory: 260                
[SPARC][INFO] ================================================================================
[SPARC][INFO] Loaded 260 frames
[SPARC][INFO] 
[SPARC][INFO] DATA PROCESSING
[SPARC][INFO] -----------------
[SPARC][INFO] Trajectory file                TrajCombined.traj
[SPARC][INFO] Total frames                   260
[SPARC][INFO] Frames used                    260
[SPARC][INFO] Training frames                208 (80%)
[SPARC][INFO] Validation frames              52 (20%)
[SPARC][INFO] 
[SPARC][INFO] Original directory: /home/rverma7/My_Program/0.3_sparc/examples/CP2K/workflow
[SPARC][INFO] ================================================================================
[SPARC][INFO]  DeePMD-kit v3 Training
[SPARC][INFO]  Backend: PYTORCH
[SPARC][INFO] ================================================================================
[SPARC][INFO] ================================================================================
[SPARC][INFO]  Training Model 1/3
[SPARC][INFO]  Directory: iter_000003/01.train/training_1
[SPARC][INFO] ================================================================================
2026-04-18 01:58:27,093 - sparc.src.deepmd - INFO - Training directory: iter_000003/01.train/training_1
2026-04-18 01:58:27,093 - INFO - Training directory: iter_000003/01.train/training_1
[SPARC][INFO]  Training Model 1/3
[SPARC][INFO] Directory                      iter_000003/01.train/training_1
[SPARC][INFO] Running command: dp --pt train input.json
To get the best performance, it is recommended to adjust the number of threads by setting the environment variables OMP_NUM_THREADS, DP_INTRA_OP_PARALLELISM_THREADS, and DP_INTER_OP_PARALLELISM_THREADS. See https://deepmd.rtfd.io/parallelism/ for more information.
/home/rverma7/anaconda3/envs/sparcGNN/lib/python3.10/site-packages/e3nn/o3/_wigner.py:10: UserWarning: Environment variable TORCH_FORCE_NO_WEIGHTS_ONLY_LOAD detected, since the`weights_only` argument was not explicitly passed to `torch.load`, forcing weights_only=False.
  _Jd, _W3j_flat, _W3j_indices = torch.load(os.path.join(os.path.dirname(__file__), 'constants.pt'))
/home/rverma7/anaconda3/envs/sparcGNN/lib/python3.10/site-packages/nequip/__init__.py:20: UserWarning: !! PyTorch version 2.6.0 found. Upstream issues in PyTorch versions 1.13.* and 2.* have been seen to cause unusual performance degredations on some CUDA systems that become worse over time; see https://github.com/mir-group/nequip/discussions/311. The best tested PyTorch version to use with CUDA devices is 1.11; while using other versions if you observe this problem, an unexpected lack of this problem, or other strange behavior, please post in the linked GitHub issue.
  warnings.warn(
[2026-04-18 01:58:29,688] DEEPMD INFO    DeePMD version: 3.1.1
[2026-04-18 01:58:29,689] DEEPMD INFO    Configuration path: input.json
[2026-04-18 01:58:29,707] DEEPMD INFO     _____               _____   __  __  _____           _     _  _   
[2026-04-18 01:58:29,707] DEEPMD INFO    |  __ \             |  __ \ |  \/  ||  __ \         | |   (_)| |  
[2026-04-18 01:58:29,707] DEEPMD INFO    | |  | |  ___   ___ | |__) || \  / || |  | | ______ | | __ _ | |_ 
[2026-04-18 01:58:29,707] DEEPMD INFO    | |  | | / _ \ / _ \|  ___/ | |\/| || |  | ||______|| |/ /| || __|
[2026-04-18 01:58:29,707] DEEPMD INFO    | |__| ||  __/|  __/| |     | |  | || |__| |        |   < | || |_ 
[2026-04-18 01:58:29,707] DEEPMD INFO    |_____/  \___| \___||_|     |_|  |_||_____/         |_|\_\|_| \__|
[2026-04-18 01:58:29,707] DEEPMD INFO    Please read and cite:
[2026-04-18 01:58:29,707] DEEPMD INFO    Wang, Zhang, Han and E, Comput.Phys.Comm. 228, 178-184 (2018)
[2026-04-18 01:58:29,707] DEEPMD INFO    Zeng et al, J. Chem. Phys., 159, 054801 (2023)
[2026-04-18 01:58:29,707] DEEPMD INFO    Zeng et al, J. Chem. Theory Comput., 21, 4375-4385 (2025)
[2026-04-18 01:58:29,707] DEEPMD INFO    See https://deepmd.rtfd.io/credits/ for details.
[2026-04-18 01:58:29,707] DEEPMD INFO    ------------------------------------------------------------------------------------------------------------------------------
[2026-04-18 01:58:29,707] DEEPMD INFO    installed to:          /home/rverma7/anaconda3/envs/sparcGNN/lib/python3.10/site-packages/deepmd
[2026-04-18 01:58:29,707] DEEPMD INFO    source:                
[2026-04-18 01:58:29,707] DEEPMD INFO    source branch:         HEAD
[2026-04-18 01:58:29,707] DEEPMD INFO    source commit:         9b566bf
[2026-04-18 01:58:29,707] DEEPMD INFO    source commit at:      2025-10-01 20:34:25 +0200
[2026-04-18 01:58:29,707] DEEPMD INFO    use float prec:        double
[2026-04-18 01:58:29,707] DEEPMD INFO    build variant:         cuda
[2026-04-18 01:58:29,707] DEEPMD INFO    Backend:               PyTorch
[2026-04-18 01:58:29,707] DEEPMD INFO    PT ver:                v2.6.0-gUnknown
[2026-04-18 01:58:29,707] DEEPMD INFO    Enable custom OP:      True
[2026-04-18 01:58:29,707] DEEPMD INFO    build with PT ver:     2.6.0
[2026-04-18 01:58:29,707] DEEPMD INFO    build with PT inc:     /home/rverma7/anaconda3/envs/sparcGNN/lib/python3.10/site-packages/torch/include
[2026-04-18 01:58:29,707] DEEPMD INFO                           /home/rverma7/anaconda3/envs/sparcGNN/lib/python3.10/site-packages/torch/include/torch/csrc/api/include
[2026-04-18 01:58:29,707] DEEPMD INFO    build with PT lib:     /home/rverma7/anaconda3/envs/sparcGNN/lib/python3.10/site-packages/torch/lib
[2026-04-18 01:58:29,707] DEEPMD INFO    running on:            cbe-dt-319.che.ncsu.edu
[2026-04-18 01:58:29,707] DEEPMD INFO    computing device:      cuda:0
[2026-04-18 01:58:29,707] DEEPMD INFO    CUDA_VISIBLE_DEVICES:  unset
[2026-04-18 01:58:29,707] DEEPMD INFO    Count of visible GPUs: 2
[2026-04-18 01:58:29,707] DEEPMD INFO    num_intra_threads:     0
[2026-04-18 01:58:29,707] DEEPMD INFO    num_inter_threads:     0
[2026-04-18 01:58:29,707] DEEPMD INFO    ------------------------------------------------------------------------------------------------------------------------------
[2026-04-18 01:58:29,742] DEEPMD INFO    Calculate neighbor statistics... (add --skip-neighbor-stat to skip this step)
[2026-04-18 01:58:30,039] DEEPMD INFO    Adjust batch size from 1024 to 2048
[2026-04-18 01:58:30,082] DEEPMD INFO    Neighbor statistics: training data with minimal neighbor distance: 0.956954
[2026-04-18 01:58:30,082] DEEPMD INFO    Neighbor statistics: training data with maximum neighbor size: [1 6 1] (cutoff radius: 6.000000)
[2026-04-18 01:58:30,083] DEEPMD INFO    Constructing DataLoaders from 1 systems
[2026-04-18 01:58:30,090] DEEPMD INFO    Constructing DataLoaders from 1 systems
[2026-04-18 01:58:30,125] DEEPMD INFO    Packing data for statistics from 1 systems
[2026-04-18 01:58:30,332] DEEPMD INFO    RMSE of energy per atom after linear regression is: 0.01849262911535147 in the unit of energy.
[2026-04-18 01:58:30,333] DEEPMD INFO    ---Summary of DataSystem: training     -----------------------------------------------
[2026-04-18 01:58:30,333] DEEPMD INFO    found 1 system(s):
[2026-04-18 01:58:30,334] DEEPMD INFO                                        system  natoms  bch_sz   n_bch       prob  pbc
[2026-04-18 01:58:30,334] DEEPMD INFO    -- w/DeePMD_training/00.data/training_data       8       4      52  1.000e+00    T
[2026-04-18 01:58:30,334] DEEPMD INFO    --------------------------------------------------------------------------------------
[2026-04-18 01:58:30,334] DEEPMD INFO    ---Summary of DataSystem: validation   -----------------------------------------------
[2026-04-18 01:58:30,334] DEEPMD INFO    found 1 system(s):
[2026-04-18 01:58:30,334] DEEPMD INFO                                        system  natoms  bch_sz   n_bch       prob  pbc
[2026-04-18 01:58:30,334] DEEPMD INFO    -- DeePMD_training/00.data/validation_data       8       4      13  1.000e+00    T
[2026-04-18 01:58:30,334] DEEPMD INFO    --------------------------------------------------------------------------------------
[2026-04-18 01:58:30,335] DEEPMD INFO    Start to train 100000 steps.
[2026-04-18 01:58:30,992] DEEPMD INFO    batch       1: trn: rmse = 3.82e+01, rmse_e = 5.96e-01, rmse_f = 1.21e+00, lr = 1.00e-03
[2026-04-18 01:58:30,992] DEEPMD INFO    batch       1: val: rmse = 5.41e+01, rmse_e = 4.61e-01, rmse_f = 1.71e+00
[2026-04-18 01:58:30,992] DEEPMD INFO    batch       1: total wall time = 0.66 s, eta = 18:15:17
[2026-04-18 01:58:55,265] DEEPMD INFO    batch    1000: trn: rmse = 6.50e+00, rmse_e = 3.94e-01, rmse_f = 2.05e-01, lr = 1.00e-03
[2026-04-18 01:58:55,265] DEEPMD INFO    batch    1000: val: rmse = 6.61e+00, rmse_e = 4.21e-01, rmse_f = 2.09e-01
[2026-04-18 01:58:55,266] DEEPMD INFO    batch    1000: total wall time = 24.27 s, eta = 0:40:03
[2026-04-18 01:59:19,220] DEEPMD INFO    batch    2000: trn: rmse = 3.82e+00, rmse_e = 1.46e-02, rmse_f = 1.21e-01, lr = 1.00e-03
[2026-04-18 01:59:19,220] DEEPMD INFO    batch    2000: val: rmse = 5.58e+00, rmse_e = 1.28e-02, rmse_f = 1.76e-01
[2026-04-18 01:59:19,220] DEEPMD INFO    batch    2000: total wall time = 23.95 s, eta = 0:39:07
[2026-04-18 01:59:44,014] DEEPMD INFO    batch    3000: trn: rmse = 3.72e+00, rmse_e = 8.92e-02, rmse_f = 1.18e-01, lr = 1.00e-03
[2026-04-18 01:59:44,014] DEEPMD INFO    batch    3000: val: rmse = 3.74e+00, rmse_e = 9.46e-02, rmse_f = 1.18e-01
[2026-04-18 01:59:44,014] DEEPMD INFO    batch    3000: total wall time = 24.79 s, eta = 0:40:05
[2026-04-18 02:00:07,975] DEEPMD INFO    batch    4000: trn: rmse = 3.21e+00, rmse_e = 5.59e-02, rmse_f = 1.01e-01, lr = 1.00e-03
[2026-04-18 02:00:07,976] DEEPMD INFO    batch    4000: val: rmse = 4.27e+00, rmse_e = 5.43e-02, rmse_f = 1.35e-01
[2026-04-18 02:00:07,976] DEEPMD INFO    batch    4000: total wall time = 23.96 s, eta = 0:38:20
[2026-04-18 02:00:32,048] DEEPMD INFO    batch    5000: trn: rmse = 3.18e+00, rmse_e = 1.91e-02, rmse_f = 1.01e-01, lr = 1.00e-03
[2026-04-18 02:00:32,048] DEEPMD INFO    batch    5000: val: rmse = 3.98e+00, rmse_e = 2.69e-02, rmse_f = 1.26e-01
[2026-04-18 02:00:32,049] DEEPMD INFO    batch    5000: total wall time = 24.07 s, eta = 0:38:06
[2026-04-18 02:00:55,954] DEEPMD INFO    batch    6000: trn: rmse = 2.08e+00, rmse_e = 4.48e-03, rmse_f = 8.49e-02, lr = 5.99e-04
[2026-04-18 02:00:55,954] DEEPMD INFO    batch    6000: val: rmse = 2.37e+00, rmse_e = 8.27e-03, rmse_f = 9.69e-02
[2026-04-18 02:00:55,955] DEEPMD INFO    batch    6000: total wall time = 23.91 s, eta = 0:37:27
[2026-04-18 02:01:19,865] DEEPMD INFO    batch    7000: trn: rmse = 1.79e+00, rmse_e = 2.06e-02, rmse_f = 7.30e-02, lr = 5.99e-04
[2026-04-18 02:01:19,865] DEEPMD INFO    batch    7000: val: rmse = 1.88e+00, rmse_e = 2.24e-02, rmse_f = 7.67e-02
[2026-04-18 02:01:19,865] DEEPMD INFO    batch    7000: total wall time = 23.91 s, eta = 0:37:03
[2026-04-18 02:01:44,176] DEEPMD INFO    batch    8000: trn: rmse = 1.78e+00, rmse_e = 2.17e-02, rmse_f = 7.25e-02, lr = 5.99e-04
[2026-04-18 02:01:44,176] DEEPMD INFO    batch    8000: val: rmse = 2.18e+00, rmse_e = 2.60e-02, rmse_f = 8.91e-02
[2026-04-18 02:01:44,177] DEEPMD INFO    batch    8000: total wall time = 24.31 s, eta = 0:37:16
[2026-04-18 02:02:08,725] DEEPMD INFO    batch    9000: trn: rmse = 1.88e+00, rmse_e = 6.03e-03, rmse_f = 7.68e-02, lr = 5.99e-04
[2026-04-18 02:02:08,725] DEEPMD INFO    batch    9000: val: rmse = 1.78e+00, rmse_e = 3.84e-03, rmse_f = 7.27e-02
[2026-04-18 02:02:08,726] DEEPMD INFO    batch    9000: total wall time = 24.55 s, eta = 0:37:13
[2026-04-18 02:02:33,585] DEEPMD INFO    batch   10000: trn: rmse = 1.67e+00, rmse_e = 1.58e-02, rmse_f = 6.82e-02, lr = 5.99e-04
[2026-04-18 02:02:33,585] DEEPMD INFO    batch   10000: val: rmse = 2.05e+00, rmse_e = 8.10e-03, rmse_f = 8.36e-02
[2026-04-18 02:02:33,586] DEEPMD INFO    batch   10000: total wall time = 24.86 s, eta = 0:37:17
[2026-04-18 02:02:33,613] DEEPMD INFO    Saved model to model.ckpt-10000.pt
[2026-04-18 02:02:57,840] DEEPMD INFO    batch   11000: trn: rmse = 1.16e+00, rmse_e = 1.24e-02, rmse_f = 6.09e-02, lr = 3.59e-04
[2026-04-18 02:02:57,841] DEEPMD INFO    batch   11000: val: rmse = 1.06e+00, rmse_e = 1.16e-02, rmse_f = 5.60e-02
[2026-04-18 02:02:57,841] DEEPMD INFO    batch   11000: total wall time = 24.26 s, eta = 0:35:58
[2026-04-18 02:03:22,868] DEEPMD INFO    batch   12000: trn: rmse = 8.95e-01, rmse_e = 1.54e-02, rmse_f = 4.72e-02, lr = 3.59e-04
[2026-04-18 02:03:22,868] DEEPMD INFO    batch   12000: val: rmse = 1.31e+00, rmse_e = 1.59e-02, rmse_f = 6.89e-02
[2026-04-18 02:03:22,869] DEEPMD INFO    batch   12000: total wall time = 25.03 s, eta = 0:36:42
[2026-04-18 02:03:47,345] DEEPMD INFO    batch   13000: trn: rmse = 1.26e+00, rmse_e = 3.02e-03, rmse_f = 6.65e-02, lr = 3.59e-04
[2026-04-18 02:03:47,345] DEEPMD INFO    batch   13000: val: rmse = 1.06e+00, rmse_e = 4.86e-03, rmse_f = 5.60e-02
[2026-04-18 02:03:47,346] DEEPMD INFO    batch   13000: total wall time = 24.48 s, eta = 0:35:29
[2026-04-18 02:04:12,078] DEEPMD INFO    batch   14000: trn: rmse = 9.68e-01, rmse_e = 8.68e-03, rmse_f = 5.10e-02, lr = 3.59e-04
[2026-04-18 02:04:12,078] DEEPMD INFO    batch   14000: val: rmse = 1.23e+00, rmse_e = 1.07e-02, rmse_f = 6.48e-02
[2026-04-18 02:04:12,079] DEEPMD INFO    batch   14000: total wall time = 24.73 s, eta = 0:35:27
[2026-04-18 02:04:36,797] DEEPMD INFO    batch   15000: trn: rmse = 1.12e+00, rmse_e = 3.42e-03, rmse_f = 5.90e-02, lr = 3.59e-04
[2026-04-18 02:04:36,797] DEEPMD INFO    batch   15000: val: rmse = 9.25e-01, rmse_e = 1.53e-03, rmse_f = 4.88e-02
[2026-04-18 02:04:36,797] DEEPMD INFO    batch   15000: total wall time = 24.72 s, eta = 0:35:01
[2026-04-18 02:05:01,178] DEEPMD INFO    batch   16000: trn: rmse = 5.39e-01, rmse_e = 6.38e-03, rmse_f = 3.67e-02, lr = 2.15e-04
[2026-04-18 02:05:01,178] DEEPMD INFO    batch   16000: val: rmse = 6.85e-01, rmse_e = 7.37e-03, rmse_f = 4.67e-02
[2026-04-18 02:05:01,178] DEEPMD INFO    batch   16000: total wall time = 24.38 s, eta = 0:34:08
[2026-04-18 02:05:25,369] DEEPMD INFO    batch   17000: trn: rmse = 5.26e-01, rmse_e = 1.99e-03, rmse_f = 3.58e-02, lr = 2.15e-04
[2026-04-18 02:05:25,369] DEEPMD INFO    batch   17000: val: rmse = 7.37e-01, rmse_e = 4.54e-03, rmse_f = 5.02e-02
[2026-04-18 02:05:25,369] DEEPMD INFO    batch   17000: total wall time = 24.19 s, eta = 0:33:27
[2026-04-18 02:05:49,897] DEEPMD INFO    batch   18000: trn: rmse = 6.99e-01, rmse_e = 7.42e-03, rmse_f = 4.76e-02, lr = 2.15e-04
[2026-04-18 02:05:49,898] DEEPMD INFO    batch   18000: val: rmse = 5.94e-01, rmse_e = 9.92e-03, rmse_f = 4.04e-02
[2026-04-18 02:05:49,898] DEEPMD INFO    batch   18000: total wall time = 24.53 s, eta = 0:33:31
[2026-04-18 02:06:13,716] DEEPMD INFO    batch   19000: trn: rmse = 6.23e-01, rmse_e = 9.36e-03, rmse_f = 4.24e-02, lr = 2.15e-04
[2026-04-18 02:06:13,716] DEEPMD INFO    batch   19000: val: rmse = 7.00e-01, rmse_e = 8.88e-03, rmse_f = 4.76e-02
[2026-04-18 02:06:13,717] DEEPMD INFO    batch   19000: total wall time = 23.82 s, eta = 0:32:09
[2026-04-18 02:06:37,775] DEEPMD INFO    batch   20000: trn: rmse = 7.41e-01, rmse_e = 1.15e-02, rmse_f = 5.04e-02, lr = 2.15e-04
[2026-04-18 02:06:37,775] DEEPMD INFO    batch   20000: val: rmse = 6.38e-01, rmse_e = 1.05e-02, rmse_f = 4.34e-02
[2026-04-18 02:06:37,776] DEEPMD INFO    batch   20000: total wall time = 24.06 s, eta = 0:32:04
[2026-04-18 02:06:37,802] DEEPMD INFO    Saved model to model.ckpt-20000.pt
[2026-04-18 02:07:02,091] DEEPMD INFO    batch   21000: trn: rmse = 4.53e-01, rmse_e = 4.58e-03, rmse_f = 3.98e-02, lr = 1.29e-04
[2026-04-18 02:07:02,091] DEEPMD INFO    batch   21000: val: rmse = 4.76e-01, rmse_e = 2.30e-03, rmse_f = 4.18e-02
[2026-04-18 02:07:02,091] DEEPMD INFO    batch   21000: total wall time = 24.32 s, eta = 0:32:00
[2026-04-18 02:07:27,023] DEEPMD INFO    batch   22000: trn: rmse = 4.57e-01, rmse_e = 1.47e-03, rmse_f = 4.02e-02, lr = 1.29e-04
[2026-04-18 02:07:27,023] DEEPMD INFO    batch   22000: val: rmse = 5.52e-01, rmse_e = 2.80e-03, rmse_f = 4.86e-02
[2026-04-18 02:07:27,024] DEEPMD INFO    batch   22000: total wall time = 24.93 s, eta = 0:32:24
[2026-04-18 02:07:51,489] DEEPMD INFO    batch   23000: trn: rmse = 4.60e-01, rmse_e = 1.92e-03, rmse_f = 4.05e-02, lr = 1.29e-04
[2026-04-18 02:07:51,489] DEEPMD INFO    batch   23000: val: rmse = 4.99e-01, rmse_e = 3.66e-03, rmse_f = 4.38e-02
[2026-04-18 02:07:51,489] DEEPMD INFO    batch   23000: total wall time = 24.47 s, eta = 0:31:23
[2026-04-18 02:08:15,816] DEEPMD INFO    batch   24000: trn: rmse = 3.79e-01, rmse_e = 3.21e-03, rmse_f = 3.33e-02, lr = 1.29e-04
[2026-04-18 02:08:15,816] DEEPMD INFO    batch   24000: val: rmse = 5.02e-01, rmse_e = 6.57e-03, rmse_f = 4.41e-02
[2026-04-18 02:08:15,816] DEEPMD INFO    batch   24000: total wall time = 24.33 s, eta = 0:30:48
[2026-04-18 02:08:40,309] DEEPMD INFO    batch   25000: trn: rmse = 4.74e-01, rmse_e = 9.17e-03, rmse_f = 4.16e-02, lr = 1.29e-04
[2026-04-18 02:08:40,309] DEEPMD INFO    batch   25000: val: rmse = 4.21e-01, rmse_e = 3.62e-03, rmse_f = 3.70e-02
[2026-04-18 02:08:40,309] DEEPMD INFO    batch   25000: total wall time = 24.49 s, eta = 0:30:36
[2026-04-18 02:09:04,257] DEEPMD INFO    batch   26000: trn: rmse = 2.71e-01, rmse_e = 1.26e-03, rmse_f = 3.07e-02, lr = 7.70e-05
[2026-04-18 02:09:04,258] DEEPMD INFO    batch   26000: val: rmse = 2.48e-01, rmse_e = 4.23e-04, rmse_f = 2.81e-02
[2026-04-18 02:09:04,258] DEEPMD INFO    batch   26000: total wall time = 23.95 s, eta = 0:29:32
[2026-04-18 02:09:28,848] DEEPMD INFO    batch   27000: trn: rmse = 2.76e-01, rmse_e = 4.08e-03, rmse_f = 3.13e-02, lr = 7.70e-05
[2026-04-18 02:09:28,848] DEEPMD INFO    batch   27000: val: rmse = 2.65e-01, rmse_e = 2.78e-03, rmse_f = 3.00e-02
[2026-04-18 02:09:28,849] DEEPMD INFO    batch   27000: total wall time = 24.59 s, eta = 0:29:55
[2026-04-18 02:09:52,006] DEEPMD INFO    batch   28000: trn: rmse = 3.07e-01, rmse_e = 2.05e-03, rmse_f = 3.47e-02, lr = 7.70e-05
[2026-04-18 02:09:52,006] DEEPMD INFO    batch   28000: val: rmse = 2.82e-01, rmse_e = 3.74e-03, rmse_f = 3.19e-02
[2026-04-18 02:09:52,007] DEEPMD INFO    batch   28000: total wall time = 23.16 s, eta = 0:27:47
[2026-04-18 02:10:16,390] DEEPMD INFO    batch   29000: trn: rmse = 2.59e-01, rmse_e = 7.97e-04, rmse_f = 2.93e-02, lr = 7.70e-05
[2026-04-18 02:10:16,391] DEEPMD INFO    batch   29000: val: rmse = 4.38e-01, rmse_e = 3.02e-03, rmse_f = 4.97e-02
[2026-04-18 02:10:16,391] DEEPMD INFO    batch   29000: total wall time = 24.38 s, eta = 0:28:51
[2026-04-18 02:10:41,114] DEEPMD INFO    batch   30000: trn: rmse = 4.21e-01, rmse_e = 3.42e-03, rmse_f = 4.77e-02, lr = 7.70e-05
[2026-04-18 02:10:41,115] DEEPMD INFO    batch   30000: val: rmse = 3.80e-01, rmse_e = 3.41e-03, rmse_f = 4.31e-02
[2026-04-18 02:10:41,115] DEEPMD INFO    batch   30000: total wall time = 24.72 s, eta = 0:28:50
[2026-04-18 02:10:41,142] DEEPMD INFO    Saved model to model.ckpt-30000.pt
[2026-04-18 02:11:05,807] DEEPMD INFO    batch   31000: trn: rmse = 2.23e-01, rmse_e = 4.09e-03, rmse_f = 3.25e-02, lr = 4.61e-05
[2026-04-18 02:11:05,807] DEEPMD INFO    batch   31000: val: rmse = 2.20e-01, rmse_e = 2.72e-03, rmse_f = 3.20e-02
[2026-04-18 02:11:05,807] DEEPMD INFO    batch   31000: total wall time = 24.69 s, eta = 0:28:23
[2026-04-18 02:11:30,557] DEEPMD INFO    batch   32000: trn: rmse = 2.52e-01, rmse_e = 1.78e-03, rmse_f = 3.67e-02, lr = 4.61e-05
[2026-04-18 02:11:30,557] DEEPMD INFO    batch   32000: val: rmse = 2.38e-01, rmse_e = 1.57e-03, rmse_f = 3.47e-02
[2026-04-18 02:11:30,558] DEEPMD INFO    batch   32000: total wall time = 24.75 s, eta = 0:28:03
[2026-04-18 02:11:55,379] DEEPMD INFO    batch   33000: trn: rmse = 2.06e-01, rmse_e = 5.79e-03, rmse_f = 3.00e-02, lr = 4.61e-05
[2026-04-18 02:11:55,379] DEEPMD INFO    batch   33000: val: rmse = 2.73e-01, rmse_e = 6.34e-03, rmse_f = 3.97e-02
[2026-04-18 02:11:55,379] DEEPMD INFO    batch   33000: total wall time = 24.82 s, eta = 0:27:43
[2026-04-18 02:12:20,129] DEEPMD INFO    batch   34000: trn: rmse = 1.98e-01, rmse_e = 2.15e-03, rmse_f = 2.89e-02, lr = 4.61e-05
[2026-04-18 02:12:20,129] DEEPMD INFO    batch   34000: val: rmse = 2.69e-01, rmse_e = 5.60e-03, rmse_f = 3.91e-02
[2026-04-18 02:12:20,129] DEEPMD INFO    batch   34000: total wall time = 24.75 s, eta = 0:27:13
[2026-04-18 02:12:44,801] DEEPMD INFO    batch   35000: trn: rmse = 2.26e-01, rmse_e = 1.17e-03, rmse_f = 3.29e-02, lr = 4.61e-05
[2026-04-18 02:12:44,802] DEEPMD INFO    batch   35000: val: rmse = 2.41e-01, rmse_e = 2.34e-03, rmse_f = 3.51e-02
[2026-04-18 02:12:44,802] DEEPMD INFO    batch   35000: total wall time = 24.67 s, eta = 0:26:43
[2026-04-18 02:13:09,636] DEEPMD INFO    batch   36000: trn: rmse = 1.85e-01, rmse_e = 2.85e-03, rmse_f = 3.46e-02, lr = 2.76e-05
[2026-04-18 02:13:09,636] DEEPMD INFO    batch   36000: val: rmse = 2.15e-01, rmse_e = 2.79e-03, rmse_f = 4.01e-02
[2026-04-18 02:13:09,637] DEEPMD INFO    batch   36000: total wall time = 24.83 s, eta = 0:26:29
[2026-04-18 02:13:33,923] DEEPMD INFO    batch   37000: trn: rmse = 1.73e-01, rmse_e = 1.78e-03, rmse_f = 3.24e-02, lr = 2.76e-05
[2026-04-18 02:13:33,923] DEEPMD INFO    batch   37000: val: rmse = 1.87e-01, rmse_e = 1.18e-03, rmse_f = 3.49e-02
[2026-04-18 02:13:33,923] DEEPMD INFO    batch   37000: total wall time = 24.29 s, eta = 0:25:30
[2026-04-18 02:13:58,103] DEEPMD INFO    batch   38000: trn: rmse = 1.61e-01, rmse_e = 9.58e-04, rmse_f = 3.01e-02, lr = 2.76e-05
[2026-04-18 02:13:58,103] DEEPMD INFO    batch   38000: val: rmse = 1.71e-01, rmse_e = 7.24e-04, rmse_f = 3.19e-02
[2026-04-18 02:13:58,104] DEEPMD INFO    batch   38000: total wall time = 24.18 s, eta = 0:24:59
[2026-04-18 02:14:22,435] DEEPMD INFO    batch   39000: trn: rmse = 1.61e-01, rmse_e = 1.75e-03, rmse_f = 3.01e-02, lr = 2.76e-05
[2026-04-18 02:14:22,436] DEEPMD INFO    batch   39000: val: rmse = 1.95e-01, rmse_e = 1.65e-03, rmse_f = 3.65e-02
[2026-04-18 02:14:22,436] DEEPMD INFO    batch   39000: total wall time = 24.33 s, eta = 0:24:44
[2026-04-18 02:14:47,214] DEEPMD INFO    batch   40000: trn: rmse = 1.38e-01, rmse_e = 2.09e-03, rmse_f = 2.58e-02, lr = 2.76e-05
[2026-04-18 02:14:47,214] DEEPMD INFO    batch   40000: val: rmse = 2.22e-01, rmse_e = 1.85e-03, rmse_f = 4.16e-02
[2026-04-18 02:14:47,215] DEEPMD INFO    batch   40000: total wall time = 24.78 s, eta = 0:24:46
[2026-04-18 02:14:47,241] DEEPMD INFO    Saved model to model.ckpt-40000.pt
[2026-04-18 02:15:11,869] DEEPMD INFO    batch   41000: trn: rmse = 8.10e-02, rmse_e = 1.06e-03, rmse_f = 1.93e-02, lr = 1.65e-05
[2026-04-18 02:15:11,869] DEEPMD INFO    batch   41000: val: rmse = 1.45e-01, rmse_e = 1.76e-03, rmse_f = 3.46e-02
[2026-04-18 02:15:11,869] DEEPMD INFO    batch   41000: total wall time = 24.65 s, eta = 0:24:14
[2026-04-18 02:15:35,972] DEEPMD INFO    batch   42000: trn: rmse = 1.28e-01, rmse_e = 4.95e-04, rmse_f = 3.07e-02, lr = 1.65e-05
[2026-04-18 02:15:35,972] DEEPMD INFO    batch   42000: val: rmse = 1.71e-01, rmse_e = 2.20e-03, rmse_f = 4.07e-02
[2026-04-18 02:15:35,972] DEEPMD INFO    batch   42000: total wall time = 24.10 s, eta = 0:23:17
[2026-04-18 02:16:01,066] DEEPMD INFO    batch   43000: trn: rmse = 9.13e-02, rmse_e = 1.05e-03, rmse_f = 2.18e-02, lr = 1.65e-05
[2026-04-18 02:16:01,066] DEEPMD INFO    batch   43000: val: rmse = 1.23e-01, rmse_e = 9.26e-04, rmse_f = 2.94e-02
[2026-04-18 02:16:01,067] DEEPMD INFO    batch   43000: total wall time = 25.09 s, eta = 0:23:50
[2026-04-18 02:16:25,428] DEEPMD INFO    batch   44000: trn: rmse = 1.19e-01, rmse_e = 7.95e-04, rmse_f = 2.84e-02, lr = 1.65e-05
[2026-04-18 02:16:25,428] DEEPMD INFO    batch   44000: val: rmse = 1.24e-01, rmse_e = 4.52e-04, rmse_f = 2.97e-02
[2026-04-18 02:16:25,428] DEEPMD INFO    batch   44000: total wall time = 24.36 s, eta = 0:22:44
[2026-04-18 02:16:50,455] DEEPMD INFO    batch   45000: trn: rmse = 1.53e-01, rmse_e = 1.74e-03, rmse_f = 3.66e-02, lr = 1.65e-05
[2026-04-18 02:16:50,456] DEEPMD INFO    batch   45000: val: rmse = 1.20e-01, rmse_e = 8.90e-04, rmse_f = 2.87e-02
[2026-04-18 02:16:50,456] DEEPMD INFO    batch   45000: total wall time = 25.03 s, eta = 0:22:56
[2026-04-18 02:17:14,801] DEEPMD INFO    batch   46000: trn: rmse = 9.28e-02, rmse_e = 2.59e-03, rmse_f = 2.80e-02, lr = 9.89e-06
[2026-04-18 02:17:14,802] DEEPMD INFO    batch   46000: val: rmse = 7.96e-02, rmse_e = 1.71e-03, rmse_f = 2.41e-02
[2026-04-18 02:17:14,802] DEEPMD INFO    batch   46000: total wall time = 24.35 s, eta = 0:21:54
[2026-04-18 02:17:39,064] DEEPMD INFO    batch   47000: trn: rmse = 1.03e-01, rmse_e = 1.35e-03, rmse_f = 3.11e-02, lr = 9.89e-06
[2026-04-18 02:17:39,064] DEEPMD INFO    batch   47000: val: rmse = 1.06e-01, rmse_e = 8.37e-04, rmse_f = 3.22e-02
[2026-04-18 02:17:39,064] DEEPMD INFO    batch   47000: total wall time = 24.26 s, eta = 0:21:25
[2026-04-18 02:18:03,868] DEEPMD INFO    batch   48000: trn: rmse = 1.05e-01, rmse_e = 1.99e-03, rmse_f = 3.17e-02, lr = 9.89e-06
[2026-04-18 02:18:03,869] DEEPMD INFO    batch   48000: val: rmse = 1.05e-01, rmse_e = 1.46e-03, rmse_f = 3.19e-02
[2026-04-18 02:18:03,869] DEEPMD INFO    batch   48000: total wall time = 24.80 s, eta = 0:21:29
[2026-04-18 02:18:28,364] DEEPMD INFO    batch   49000: trn: rmse = 7.10e-02, rmse_e = 1.92e-03, rmse_f = 2.15e-02, lr = 9.89e-06
[2026-04-18 02:18:28,364] DEEPMD INFO    batch   49000: val: rmse = 8.39e-02, rmse_e = 1.23e-03, rmse_f = 2.54e-02
[2026-04-18 02:18:28,364] DEEPMD INFO    batch   49000: total wall time = 24.50 s, eta = 0:20:49
[2026-04-18 02:18:53,195] DEEPMD INFO    batch   50000: trn: rmse = 6.92e-02, rmse_e = 2.22e-03, rmse_f = 2.09e-02, lr = 9.89e-06
[2026-04-18 02:18:53,195] DEEPMD INFO    batch   50000: val: rmse = 9.70e-02, rmse_e = 2.10e-03, rmse_f = 2.94e-02
[2026-04-18 02:18:53,195] DEEPMD INFO    batch   50000: total wall time = 24.83 s, eta = 0:20:41
[2026-04-18 02:18:53,223] DEEPMD INFO    Saved model to model.ckpt-50000.pt
[2026-04-18 02:19:18,098] DEEPMD INFO    batch   51000: trn: rmse = 6.16e-02, rmse_e = 5.84e-04, rmse_f = 2.34e-02, lr = 5.92e-06
[2026-04-18 02:19:18,098] DEEPMD INFO    batch   51000: val: rmse = 1.08e-01, rmse_e = 2.10e-03, rmse_f = 4.09e-02
[2026-04-18 02:19:18,099] DEEPMD INFO    batch   51000: total wall time = 24.90 s, eta = 0:20:20
[2026-04-18 02:19:42,227] DEEPMD INFO    batch   52000: trn: rmse = 9.44e-02, rmse_e = 2.08e-03, rmse_f = 3.58e-02, lr = 5.92e-06
[2026-04-18 02:19:42,228] DEEPMD INFO    batch   52000: val: rmse = 8.06e-02, rmse_e = 9.12e-04, rmse_f = 3.06e-02
[2026-04-18 02:19:42,228] DEEPMD INFO    batch   52000: total wall time = 24.13 s, eta = 0:19:18
[2026-04-18 02:20:06,855] DEEPMD INFO    batch   53000: trn: rmse = 8.87e-02, rmse_e = 1.87e-03, rmse_f = 3.37e-02, lr = 5.92e-06
[2026-04-18 02:20:06,855] DEEPMD INFO    batch   53000: val: rmse = 8.73e-02, rmse_e = 1.21e-03, rmse_f = 3.32e-02
[2026-04-18 02:20:06,855] DEEPMD INFO    batch   53000: total wall time = 24.63 s, eta = 0:19:17
[2026-04-18 02:20:31,532] DEEPMD INFO    batch   54000: trn: rmse = 1.02e-01, rmse_e = 1.22e-03, rmse_f = 3.86e-02, lr = 5.92e-06
[2026-04-18 02:20:31,532] DEEPMD INFO    batch   54000: val: rmse = 9.23e-02, rmse_e = 4.18e-04, rmse_f = 3.51e-02
[2026-04-18 02:20:31,533] DEEPMD INFO    batch   54000: total wall time = 24.68 s, eta = 0:18:55
[2026-04-18 02:20:56,618] DEEPMD INFO    batch   55000: trn: rmse = 6.75e-02, rmse_e = 1.21e-03, rmse_f = 2.56e-02, lr = 5.92e-06
[2026-04-18 02:20:56,618] DEEPMD INFO    batch   55000: val: rmse = 8.67e-02, rmse_e = 1.39e-03, rmse_f = 3.29e-02
[2026-04-18 02:20:56,619] DEEPMD INFO    batch   55000: total wall time = 25.09 s, eta = 0:18:48
[2026-04-18 02:21:20,940] DEEPMD INFO    batch   56000: trn: rmse = 6.12e-02, rmse_e = 1.07e-03, rmse_f = 2.87e-02, lr = 3.55e-06
[2026-04-18 02:21:20,940] DEEPMD INFO    batch   56000: val: rmse = 7.85e-02, rmse_e = 1.09e-03, rmse_f = 3.68e-02
[2026-04-18 02:21:20,940] DEEPMD INFO    batch   56000: total wall time = 24.32 s, eta = 0:17:50
[2026-04-18 02:21:45,855] DEEPMD INFO    batch   57000: trn: rmse = 4.88e-02, rmse_e = 1.05e-03, rmse_f = 2.28e-02, lr = 3.55e-06
[2026-04-18 02:21:45,855] DEEPMD INFO    batch   57000: val: rmse = 7.79e-02, rmse_e = 1.87e-03, rmse_f = 3.65e-02
[2026-04-18 02:21:45,856] DEEPMD INFO    batch   57000: total wall time = 24.92 s, eta = 0:17:51
[2026-04-18 02:22:10,326] DEEPMD INFO    batch   58000: trn: rmse = 6.02e-02, rmse_e = 3.88e-04, rmse_f = 2.82e-02, lr = 3.55e-06
[2026-04-18 02:22:10,326] DEEPMD INFO    batch   58000: val: rmse = 5.04e-02, rmse_e = 9.59e-04, rmse_f = 2.36e-02
[2026-04-18 02:22:10,327] DEEPMD INFO    batch   58000: total wall time = 24.47 s, eta = 0:17:07
[2026-04-18 02:22:34,626] DEEPMD INFO    batch   59000: trn: rmse = 5.14e-02, rmse_e = 5.96e-04, rmse_f = 2.41e-02, lr = 3.55e-06
[2026-04-18 02:22:34,626] DEEPMD INFO    batch   59000: val: rmse = 7.73e-02, rmse_e = 1.18e-03, rmse_f = 3.62e-02
[2026-04-18 02:22:34,627] DEEPMD INFO    batch   59000: total wall time = 24.30 s, eta = 0:16:36
[2026-04-18 02:22:59,520] DEEPMD INFO    batch   60000: trn: rmse = 6.27e-02, rmse_e = 5.89e-04, rmse_f = 2.94e-02, lr = 3.55e-06
[2026-04-18 02:22:59,520] DEEPMD INFO    batch   60000: val: rmse = 6.61e-02, rmse_e = 6.19e-04, rmse_f = 3.10e-02
[2026-04-18 02:22:59,521] DEEPMD INFO    batch   60000: total wall time = 24.89 s, eta = 0:16:35
[2026-04-18 02:22:59,548] DEEPMD INFO    Saved model to model.ckpt-60000.pt
[2026-04-18 02:23:24,114] DEEPMD INFO    batch   61000: trn: rmse = 3.51e-02, rmse_e = 4.03e-04, rmse_f = 1.99e-02, lr = 2.12e-06
[2026-04-18 02:23:24,115] DEEPMD INFO    batch   61000: val: rmse = 5.71e-02, rmse_e = 7.76e-04, rmse_f = 3.23e-02
[2026-04-18 02:23:24,115] DEEPMD INFO    batch   61000: total wall time = 24.59 s, eta = 0:15:59
[2026-04-18 02:23:48,220] DEEPMD INFO    batch   62000: trn: rmse = 4.77e-02, rmse_e = 1.22e-03, rmse_f = 2.69e-02, lr = 2.12e-06
[2026-04-18 02:23:48,220] DEEPMD INFO    batch   62000: val: rmse = 4.14e-02, rmse_e = 5.25e-04, rmse_f = 2.34e-02
[2026-04-18 02:23:48,220] DEEPMD INFO    batch   62000: total wall time = 24.11 s, eta = 0:15:16
[2026-04-18 02:24:12,682] DEEPMD INFO    batch   63000: trn: rmse = 4.55e-02, rmse_e = 6.21e-04, rmse_f = 2.57e-02, lr = 2.12e-06
[2026-04-18 02:24:12,683] DEEPMD INFO    batch   63000: val: rmse = 5.50e-02, rmse_e = 5.29e-04, rmse_f = 3.11e-02
[2026-04-18 02:24:12,683] DEEPMD INFO    batch   63000: total wall time = 24.46 s, eta = 0:15:05
[2026-04-18 02:24:37,675] DEEPMD INFO    batch   64000: trn: rmse = 4.31e-02, rmse_e = 7.69e-04, rmse_f = 2.44e-02, lr = 2.12e-06
[2026-04-18 02:24:37,675] DEEPMD INFO    batch   64000: val: rmse = 5.86e-02, rmse_e = 2.16e-03, rmse_f = 3.30e-02
[2026-04-18 02:24:37,676] DEEPMD INFO    batch   64000: total wall time = 24.99 s, eta = 0:14:59
[2026-04-18 02:25:02,082] DEEPMD INFO    batch   65000: trn: rmse = 4.77e-02, rmse_e = 1.53e-03, rmse_f = 2.69e-02, lr = 2.12e-06
[2026-04-18 02:25:02,082] DEEPMD INFO    batch   65000: val: rmse = 7.24e-02, rmse_e = 2.63e-03, rmse_f = 4.07e-02
[2026-04-18 02:25:02,083] DEEPMD INFO    batch   65000: total wall time = 24.41 s, eta = 0:14:14
[2026-04-18 02:25:27,109] DEEPMD INFO    batch   66000: trn: rmse = 2.97e-02, rmse_e = 9.00e-04, rmse_f = 1.96e-02, lr = 1.27e-06
[2026-04-18 02:25:27,109] DEEPMD INFO    batch   66000: val: rmse = 4.97e-02, rmse_e = 4.10e-04, rmse_f = 3.30e-02
[2026-04-18 02:25:27,110] DEEPMD INFO    batch   66000: total wall time = 25.03 s, eta = 0:14:10
[2026-04-18 02:25:52,110] DEEPMD INFO    batch   67000: trn: rmse = 3.44e-02, rmse_e = 7.05e-04, rmse_f = 2.28e-02, lr = 1.27e-06
[2026-04-18 02:25:52,110] DEEPMD INFO    batch   67000: val: rmse = 3.50e-02, rmse_e = 6.07e-04, rmse_f = 2.32e-02
[2026-04-18 02:25:52,110] DEEPMD INFO    batch   67000: total wall time = 25.00 s, eta = 0:13:45
[2026-04-18 02:26:16,824] DEEPMD INFO    batch   68000: trn: rmse = 3.55e-02, rmse_e = 7.50e-04, rmse_f = 2.35e-02, lr = 1.27e-06
[2026-04-18 02:26:16,825] DEEPMD INFO    batch   68000: val: rmse = 4.33e-02, rmse_e = 5.74e-04, rmse_f = 2.87e-02
[2026-04-18 02:26:16,825] DEEPMD INFO    batch   68000: total wall time = 24.71 s, eta = 0:13:10
[2026-04-18 02:26:41,228] DEEPMD INFO    batch   69000: trn: rmse = 3.87e-02, rmse_e = 9.73e-04, rmse_f = 2.56e-02, lr = 1.27e-06
[2026-04-18 02:26:41,228] DEEPMD INFO    batch   69000: val: rmse = 4.62e-02, rmse_e = 9.57e-04, rmse_f = 3.06e-02
[2026-04-18 02:26:41,229] DEEPMD INFO    batch   69000: total wall time = 24.40 s, eta = 0:12:36
[2026-04-18 02:27:06,087] DEEPMD INFO    batch   70000: trn: rmse = 3.74e-02, rmse_e = 7.62e-04, rmse_f = 2.48e-02, lr = 1.27e-06
[2026-04-18 02:27:06,087] DEEPMD INFO    batch   70000: val: rmse = 4.05e-02, rmse_e = 4.33e-04, rmse_f = 2.69e-02
[2026-04-18 02:27:06,087] DEEPMD INFO    batch   70000: total wall time = 24.86 s, eta = 0:12:25
[2026-04-18 02:27:06,114] DEEPMD INFO    Saved model to model.ckpt-70000.pt
[2026-04-18 02:27:30,730] DEEPMD INFO    batch   71000: trn: rmse = 4.03e-02, rmse_e = 9.29e-04, rmse_f = 3.03e-02, lr = 7.62e-07
[2026-04-18 02:27:30,730] DEEPMD INFO    batch   71000: val: rmse = 3.22e-02, rmse_e = 4.53e-04, rmse_f = 2.42e-02
[2026-04-18 02:27:30,731] DEEPMD INFO    batch   71000: total wall time = 24.64 s, eta = 0:11:54
[2026-04-18 02:27:55,176] DEEPMD INFO    batch   72000: trn: rmse = 3.19e-02, rmse_e = 4.21e-04, rmse_f = 2.40e-02, lr = 7.62e-07
[2026-04-18 02:27:55,176] DEEPMD INFO    batch   72000: val: rmse = 4.03e-02, rmse_e = 5.95e-04, rmse_f = 3.04e-02
[2026-04-18 02:27:55,177] DEEPMD INFO    batch   72000: total wall time = 24.45 s, eta = 0:11:24
[2026-04-18 02:28:19,436] DEEPMD INFO    batch   73000: trn: rmse = 3.15e-02, rmse_e = 4.92e-04, rmse_f = 2.37e-02, lr = 7.62e-07
[2026-04-18 02:28:19,437] DEEPMD INFO    batch   73000: val: rmse = 4.62e-02, rmse_e = 6.58e-04, rmse_f = 3.48e-02
[2026-04-18 02:28:19,437] DEEPMD INFO    batch   73000: total wall time = 24.26 s, eta = 0:10:55
[2026-04-18 02:28:44,868] DEEPMD INFO    batch   74000: trn: rmse = 3.84e-02, rmse_e = 7.81e-04, rmse_f = 2.89e-02, lr = 7.62e-07
[2026-04-18 02:28:44,869] DEEPMD INFO    batch   74000: val: rmse = 4.54e-02, rmse_e = 6.91e-04, rmse_f = 3.42e-02
[2026-04-18 02:28:44,869] DEEPMD INFO    batch   74000: total wall time = 25.43 s, eta = 0:11:01
[2026-04-18 02:29:09,499] DEEPMD INFO    batch   75000: trn: rmse = 2.95e-02, rmse_e = 7.54e-04, rmse_f = 2.21e-02, lr = 7.62e-07
[2026-04-18 02:29:09,499] DEEPMD INFO    batch   75000: val: rmse = 3.79e-02, rmse_e = 1.06e-03, rmse_f = 2.85e-02
[2026-04-18 02:29:09,500] DEEPMD INFO    batch   75000: total wall time = 24.63 s, eta = 0:10:15
[2026-04-18 02:29:33,373] DEEPMD INFO    batch   76000: trn: rmse = 3.38e-02, rmse_e = 1.17e-03, rmse_f = 2.79e-02, lr = 4.56e-07
[2026-04-18 02:29:33,373] DEEPMD INFO    batch   76000: val: rmse = 4.73e-02, rmse_e = 1.16e-03, rmse_f = 3.91e-02
[2026-04-18 02:29:33,373] DEEPMD INFO    batch   76000: total wall time = 23.87 s, eta = 0:09:32
[2026-04-18 02:29:57,780] DEEPMD INFO    batch   77000: trn: rmse = 2.78e-02, rmse_e = 8.85e-04, rmse_f = 2.30e-02, lr = 4.56e-07
[2026-04-18 02:29:57,780] DEEPMD INFO    batch   77000: val: rmse = 2.79e-02, rmse_e = 3.29e-04, rmse_f = 2.31e-02
[2026-04-18 02:29:57,780] DEEPMD INFO    batch   77000: total wall time = 24.41 s, eta = 0:09:21
[2026-04-18 02:30:22,140] DEEPMD INFO    batch   78000: trn: rmse = 3.30e-02, rmse_e = 7.39e-04, rmse_f = 2.73e-02, lr = 4.56e-07
[2026-04-18 02:30:22,140] DEEPMD INFO    batch   78000: val: rmse = 4.86e-02, rmse_e = 1.09e-03, rmse_f = 4.02e-02
[2026-04-18 02:30:22,141] DEEPMD INFO    batch   78000: total wall time = 24.36 s, eta = 0:08:55
[2026-04-18 02:30:46,968] DEEPMD INFO    batch   79000: trn: rmse = 3.00e-02, rmse_e = 4.07e-04, rmse_f = 2.49e-02, lr = 4.56e-07
[2026-04-18 02:30:46,968] DEEPMD INFO    batch   79000: val: rmse = 3.68e-02, rmse_e = 1.24e-03, rmse_f = 3.03e-02
[2026-04-18 02:30:46,969] DEEPMD INFO    batch   79000: total wall time = 24.83 s, eta = 0:08:41
[2026-04-18 02:31:11,772] DEEPMD INFO    batch   80000: trn: rmse = 3.78e-02, rmse_e = 1.01e-03, rmse_f = 3.12e-02, lr = 4.56e-07
[2026-04-18 02:31:11,772] DEEPMD INFO    batch   80000: val: rmse = 2.62e-02, rmse_e = 3.05e-04, rmse_f = 2.17e-02
[2026-04-18 02:31:11,772] DEEPMD INFO    batch   80000: total wall time = 24.80 s, eta = 0:08:16
[2026-04-18 02:31:11,799] DEEPMD INFO    Saved model to model.ckpt-80000.pt
[2026-04-18 02:31:36,637] DEEPMD INFO    batch   81000: trn: rmse = 3.38e-02, rmse_e = 5.94e-04, rmse_f = 2.99e-02, lr = 2.73e-07
[2026-04-18 02:31:36,637] DEEPMD INFO    batch   81000: val: rmse = 3.21e-02, rmse_e = 6.53e-04, rmse_f = 2.84e-02
[2026-04-18 02:31:36,637] DEEPMD INFO    batch   81000: total wall time = 24.87 s, eta = 0:07:52
[2026-04-18 02:32:01,791] DEEPMD INFO    batch   82000: trn: rmse = 2.77e-02, rmse_e = 4.91e-04, rmse_f = 2.45e-02, lr = 2.73e-07
[2026-04-18 02:32:01,791] DEEPMD INFO    batch   82000: val: rmse = 2.51e-02, rmse_e = 6.03e-04, rmse_f = 2.22e-02
[2026-04-18 02:32:01,791] DEEPMD INFO    batch   82000: total wall time = 25.15 s, eta = 0:07:32
[2026-04-18 02:32:25,975] DEEPMD INFO    batch   83000: trn: rmse = 2.51e-02, rmse_e = 4.25e-04, rmse_f = 2.22e-02, lr = 2.73e-07
[2026-04-18 02:32:25,976] DEEPMD INFO    batch   83000: val: rmse = 4.49e-02, rmse_e = 7.74e-04, rmse_f = 3.97e-02
[2026-04-18 02:32:25,976] DEEPMD INFO    batch   83000: total wall time = 24.18 s, eta = 0:06:51
[2026-04-18 02:32:50,677] DEEPMD INFO    batch   84000: trn: rmse = 2.60e-02, rmse_e = 1.15e-03, rmse_f = 2.28e-02, lr = 2.73e-07
[2026-04-18 02:32:50,677] DEEPMD INFO    batch   84000: val: rmse = 3.63e-02, rmse_e = 8.54e-04, rmse_f = 3.21e-02
[2026-04-18 02:32:50,678] DEEPMD INFO    batch   84000: total wall time = 24.70 s, eta = 0:06:35
[2026-04-18 02:33:15,433] DEEPMD INFO    batch   85000: trn: rmse = 3.39e-02, rmse_e = 9.84e-04, rmse_f = 2.99e-02, lr = 2.73e-07
[2026-04-18 02:33:15,433] DEEPMD INFO    batch   85000: val: rmse = 3.30e-02, rmse_e = 4.44e-04, rmse_f = 2.93e-02
[2026-04-18 02:33:15,433] DEEPMD INFO    batch   85000: total wall time = 24.76 s, eta = 0:06:11
[2026-04-18 02:33:40,150] DEEPMD INFO    batch   86000: trn: rmse = 2.16e-02, rmse_e = 2.83e-04, rmse_f = 2.00e-02, lr = 1.63e-07
[2026-04-18 02:33:40,150] DEEPMD INFO    batch   86000: val: rmse = 4.34e-02, rmse_e = 1.66e-03, rmse_f = 4.00e-02
[2026-04-18 02:33:40,151] DEEPMD INFO    batch   86000: total wall time = 24.72 s, eta = 0:05:46
[2026-04-18 02:34:04,713] DEEPMD INFO    batch   87000: trn: rmse = 3.03e-02, rmse_e = 8.35e-04, rmse_f = 2.80e-02, lr = 1.63e-07
[2026-04-18 02:34:04,713] DEEPMD INFO    batch   87000: val: rmse = 4.03e-02, rmse_e = 1.41e-03, rmse_f = 3.72e-02
[2026-04-18 02:34:04,713] DEEPMD INFO    batch   87000: total wall time = 24.56 s, eta = 0:05:19
[2026-04-18 02:34:28,632] DEEPMD INFO    batch   88000: trn: rmse = 3.77e-02, rmse_e = 1.22e-03, rmse_f = 3.48e-02, lr = 1.63e-07
[2026-04-18 02:34:28,632] DEEPMD INFO    batch   88000: val: rmse = 3.71e-02, rmse_e = 7.41e-04, rmse_f = 3.44e-02
[2026-04-18 02:34:28,632] DEEPMD INFO    batch   88000: total wall time = 23.92 s, eta = 0:04:47
[2026-04-18 02:34:52,038] DEEPMD INFO    batch   89000: trn: rmse = 2.91e-02, rmse_e = 7.83e-04, rmse_f = 2.69e-02, lr = 1.63e-07
[2026-04-18 02:34:52,038] DEEPMD INFO    batch   89000: val: rmse = 4.32e-02, rmse_e = 1.15e-03, rmse_f = 3.99e-02
[2026-04-18 02:34:52,038] DEEPMD INFO    batch   89000: total wall time = 23.41 s, eta = 0:04:17
[2026-04-18 02:35:16,860] DEEPMD INFO    batch   90000: trn: rmse = 2.71e-02, rmse_e = 6.00e-04, rmse_f = 2.51e-02, lr = 1.63e-07
[2026-04-18 02:35:16,860] DEEPMD INFO    batch   90000: val: rmse = 2.16e-02, rmse_e = 3.12e-04, rmse_f = 2.00e-02
[2026-04-18 02:35:16,861] DEEPMD INFO    batch   90000: total wall time = 24.82 s, eta = 0:04:08
[2026-04-18 02:35:16,887] DEEPMD INFO    Saved model to model.ckpt-90000.pt
[2026-04-18 02:35:41,600] DEEPMD INFO    batch   91000: trn: rmse = 2.75e-02, rmse_e = 5.09e-04, rmse_f = 2.63e-02, lr = 9.79e-08
[2026-04-18 02:35:41,600] DEEPMD INFO    batch   91000: val: rmse = 2.28e-02, rmse_e = 4.28e-04, rmse_f = 2.17e-02
[2026-04-18 02:35:41,600] DEEPMD INFO    batch   91000: total wall time = 24.74 s, eta = 0:03:42
[2026-04-18 02:36:06,560] DEEPMD INFO    batch   92000: trn: rmse = 2.57e-02, rmse_e = 2.58e-04, rmse_f = 2.45e-02, lr = 9.79e-08
[2026-04-18 02:36:06,560] DEEPMD INFO    batch   92000: val: rmse = 3.19e-02, rmse_e = 3.69e-04, rmse_f = 3.04e-02
[2026-04-18 02:36:06,560] DEEPMD INFO    batch   92000: total wall time = 24.96 s, eta = 0:03:19
[2026-04-18 02:36:31,634] DEEPMD INFO    batch   93000: trn: rmse = 2.92e-02, rmse_e = 8.40e-04, rmse_f = 2.78e-02, lr = 9.79e-08
[2026-04-18 02:36:31,635] DEEPMD INFO    batch   93000: val: rmse = 2.96e-02, rmse_e = 6.86e-04, rmse_f = 2.82e-02
[2026-04-18 02:36:31,635] DEEPMD INFO    batch   93000: total wall time = 25.07 s, eta = 0:02:55
[2026-04-18 02:36:55,812] DEEPMD INFO    batch   94000: trn: rmse = 2.50e-02, rmse_e = 7.03e-04, rmse_f = 2.38e-02, lr = 9.79e-08
[2026-04-18 02:36:55,812] DEEPMD INFO    batch   94000: val: rmse = 3.97e-02, rmse_e = 1.45e-03, rmse_f = 3.77e-02
[2026-04-18 02:36:55,813] DEEPMD INFO    batch   94000: total wall time = 24.18 s, eta = 0:02:25
[2026-04-18 02:37:20,369] DEEPMD INFO    batch   95000: trn: rmse = 2.68e-02, rmse_e = 7.73e-04, rmse_f = 2.55e-02, lr = 9.79e-08
[2026-04-18 02:37:20,370] DEEPMD INFO    batch   95000: val: rmse = 3.42e-02, rmse_e = 9.79e-04, rmse_f = 3.25e-02
[2026-04-18 02:37:20,370] DEEPMD INFO    batch   95000: total wall time = 24.56 s, eta = 0:02:02
[2026-04-18 02:37:45,411] DEEPMD INFO    batch   96000: trn: rmse = 2.51e-02, rmse_e = 5.07e-04, rmse_f = 2.44e-02, lr = 5.86e-08
[2026-04-18 02:37:45,411] DEEPMD INFO    batch   96000: val: rmse = 2.84e-02, rmse_e = 8.92e-04, rmse_f = 2.75e-02
[2026-04-18 02:37:45,411] DEEPMD INFO    batch   96000: total wall time = 25.04 s, eta = 0:01:40
[2026-04-18 02:38:10,784] DEEPMD INFO    batch   97000: trn: rmse = 2.25e-02, rmse_e = 7.63e-04, rmse_f = 2.18e-02, lr = 5.86e-08
[2026-04-18 02:38:10,784] DEEPMD INFO    batch   97000: val: rmse = 3.50e-02, rmse_e = 7.83e-04, rmse_f = 3.40e-02
[2026-04-18 02:38:10,784] DEEPMD INFO    batch   97000: total wall time = 25.37 s, eta = 0:01:16
[2026-04-18 02:38:35,784] DEEPMD INFO    batch   98000: trn: rmse = 2.49e-02, rmse_e = 3.87e-04, rmse_f = 2.41e-02, lr = 5.86e-08
[2026-04-18 02:38:35,784] DEEPMD INFO    batch   98000: val: rmse = 3.54e-02, rmse_e = 9.16e-04, rmse_f = 3.43e-02
[2026-04-18 02:38:35,785] DEEPMD INFO    batch   98000: total wall time = 25.00 s, eta = 0:00:50
[2026-04-18 02:38:59,719] DEEPMD INFO    batch   99000: trn: rmse = 2.56e-02, rmse_e = 6.38e-04, rmse_f = 2.48e-02, lr = 5.86e-08
[2026-04-18 02:38:59,719] DEEPMD INFO    batch   99000: val: rmse = 3.22e-02, rmse_e = 9.08e-04, rmse_f = 3.12e-02
[2026-04-18 02:38:59,719] DEEPMD INFO    batch   99000: total wall time = 23.93 s, eta = 0:00:23
[2026-04-18 02:39:23,681] DEEPMD INFO    batch  100000: trn: rmse = 2.96e-02, rmse_e = 6.46e-04, rmse_f = 2.87e-02, lr = 5.86e-08
[2026-04-18 02:39:23,681] DEEPMD INFO    batch  100000: val: rmse = 4.06e-02, rmse_e = 1.69e-03, rmse_f = 3.91e-02
[2026-04-18 02:39:23,681] DEEPMD INFO    batch  100000: total wall time = 23.96 s, eta = 0:00:00
[2026-04-18 02:39:23,707] DEEPMD INFO    Saved model to model.ckpt-100000.pt
[2026-04-18 02:39:23,708] DEEPMD INFO    average training time: 0.0245 s/batch (1000 batches excluded)
[2026-04-18 02:39:23,708] DEEPMD INFO    Trained model has been saved to: model.ckpt
2026-04-18 02:39:24,478 - sparc.src.deepmd - INFO - Training completed successfully
2026-04-18 02:39:24,478 - INFO - Training completed successfully
[SPARC][INFO] Freezing model: dp --pt freeze -o frozen_model_1.pth
To get the best performance, it is recommended to adjust the number of threads by setting the environment variables OMP_NUM_THREADS, DP_INTRA_OP_PARALLELISM_THREADS, and DP_INTER_OP_PARALLELISM_THREADS. See https://deepmd.rtfd.io/parallelism/ for more information.
/home/rverma7/anaconda3/envs/sparcGNN/lib/python3.10/site-packages/e3nn/o3/_wigner.py:10: UserWarning: Environment variable TORCH_FORCE_NO_WEIGHTS_ONLY_LOAD detected, since the`weights_only` argument was not explicitly passed to `torch.load`, forcing weights_only=False.
  _Jd, _W3j_flat, _W3j_indices = torch.load(os.path.join(os.path.dirname(__file__), 'constants.pt'))
/home/rverma7/anaconda3/envs/sparcGNN/lib/python3.10/site-packages/nequip/__init__.py:20: UserWarning: !! PyTorch version 2.6.0 found. Upstream issues in PyTorch versions 1.13.* and 2.* have been seen to cause unusual performance degredations on some CUDA systems that become worse over time; see https://github.com/mir-group/nequip/discussions/311. The best tested PyTorch version to use with CUDA devices is 1.11; while using other versions if you observe this problem, an unexpected lack of this problem, or other strange behavior, please post in the linked GitHub issue.
  warnings.warn(
[2026-04-18 02:39:27,048] DEEPMD INFO    DeePMD version: 3.1.1
[2026-04-18 02:39:27,710] DEEPMD INFO    Saved frozen model to frozen_model_1.pth
2026-04-18 02:39:28,358 - sparc.src.deepmd - INFO - Model frozen successfully
2026-04-18 02:39:28,358 - INFO - Model frozen successfully
[SPARC][INFO] ================================================================================
[SPARC][INFO] DeepMD Model Evaluation Results
[SPARC][INFO] --------------------------------------------------------------------------------
[SPARC][INFO] [2026-04-18 02:39:29,781] DEEPMD WARNING To get the best performance, it is recommended to adjust the number of threads by setting the environment variables OMP_NUM_THREADS, DP_INTRA_OP_PARALLELISM_THREADS, and DP_INTER_OP_PARALLELISM_THREADS. See https://deepmd.rtfd.io/parallelism/ for more information.
/home/rverma7/anaconda3/envs/sparcGNN/lib/python3.10/site-packages/e3nn/o3/_wigner.py:10: UserWarning: Environment variable TORCH_FORCE_NO_WEIGHTS_ONLY_LOAD detected, since the`weights_only` argument was not explicitly passed to `torch.load`, forcing weights_only=False.
  _Jd, _W3j_flat, _W3j_indices = torch.load(os.path.join(os.path.dirname(__file__), 'constants.pt'))
/home/rverma7/anaconda3/envs/sparcGNN/lib/python3.10/site-packages/nequip/__init__.py:20: UserWarning: !! PyTorch version 2.6.0 found. Upstream issues in PyTorch versions 1.13.* and 2.* have been seen to cause unusual performance degredations on some CUDA systems that become worse over time; see https://github.com/mir-group/nequip/discussions/311. The best tested PyTorch version to use with CUDA devices is 1.11; while using other versions if you observe this problem, an unexpected lack of this problem, or other strange behavior, please post in the linked GitHub issue.
  warnings.warn(
[2026-04-18 02:39:31,535] DEEPMD INFO    # ---------------output of dp test--------------- 
[2026-04-18 02:39:31,535] DEEPMD INFO    # testing system : /home/rverma7/My_Program/0.3_sparc/examples/CP2K/workflow/DeePMD_training/00.data/validation_data
[2026-04-18 02:39:32,511] DEEPMD INFO    # number of test data : 52 
[2026-04-18 02:39:32,511] DEEPMD INFO    Energy MAE         : 5.390681e-03 eV
[2026-04-18 02:39:32,511] DEEPMD INFO    Energy RMSE        : 7.610357e-03 eV
[2026-04-18 02:39:32,511] DEEPMD INFO    Energy MAE/Natoms  : 6.738352e-04 eV
[2026-04-18 02:39:32,511] DEEPMD INFO    Energy RMSE/Natoms : 9.512946e-04 eV
[2026-04-18 02:39:32,511] DEEPMD INFO    Force  MAE         : 2.306203e-02 eV/Å
[2026-04-18 02:39:32,511] DEEPMD INFO    Force  RMSE        : 3.209365e-02 eV/Å
[2026-04-18 02:39:32,511] DEEPMD INFO    # ----------------------------------------------- 
[2026-04-18 02:39:32,511] DEEPMD INFO    # ----------weighted average of errors----------- 
[2026-04-18 02:39:32,511] DEEPMD INFO    # number of systems : 1
[2026-04-18 02:39:32,511] DEEPMD INFO    Energy MAE         : 5.390681e-03 eV
[2026-04-18 02:39:32,511] DEEPMD INFO    Energy RMSE        : 7.610357e-03 eV
[2026-04-18 02:39:32,511] DEEPMD INFO    Energy MAE/Natoms  : 6.738352e-04 eV
[2026-04-18 02:39:32,511] DEEPMD INFO    Energy RMSE/Natoms : 9.512946e-04 eV
[2026-04-18 02:39:32,511] DEEPMD INFO    Force  MAE         : 2.306203e-02 eV/Å
[2026-04-18 02:39:32,511] DEEPMD INFO    Force  RMSE        : 3.209365e-02 eV/Å
[2026-04-18 02:39:32,511] DEEPMD INFO    # -----------------------------------------------
[SPARC][INFO] ================================================================================
[SPARC][INFO] ================================================================================
[SPARC][INFO]  Training Model 2/3
[SPARC][INFO]  Directory: iter_000003/01.train/training_2
[SPARC][INFO] ================================================================================
2026-04-18 02:39:33,330 - sparc.src.deepmd - INFO - Training directory: iter_000003/01.train/training_2
2026-04-18 02:39:33,330 - INFO - Training directory: iter_000003/01.train/training_2
[SPARC][INFO]  Training Model 2/3
[SPARC][INFO] Directory                      iter_000003/01.train/training_2
[SPARC][INFO] Running command: dp --pt train input.json
To get the best performance, it is recommended to adjust the number of threads by setting the environment variables OMP_NUM_THREADS, DP_INTRA_OP_PARALLELISM_THREADS, and DP_INTER_OP_PARALLELISM_THREADS. See https://deepmd.rtfd.io/parallelism/ for more information.
/home/rverma7/anaconda3/envs/sparcGNN/lib/python3.10/site-packages/e3nn/o3/_wigner.py:10: UserWarning: Environment variable TORCH_FORCE_NO_WEIGHTS_ONLY_LOAD detected, since the`weights_only` argument was not explicitly passed to `torch.load`, forcing weights_only=False.
  _Jd, _W3j_flat, _W3j_indices = torch.load(os.path.join(os.path.dirname(__file__), 'constants.pt'))
/home/rverma7/anaconda3/envs/sparcGNN/lib/python3.10/site-packages/nequip/__init__.py:20: UserWarning: !! PyTorch version 2.6.0 found. Upstream issues in PyTorch versions 1.13.* and 2.* have been seen to cause unusual performance degredations on some CUDA systems that become worse over time; see https://github.com/mir-group/nequip/discussions/311. The best tested PyTorch version to use with CUDA devices is 1.11; while using other versions if you observe this problem, an unexpected lack of this problem, or other strange behavior, please post in the linked GitHub issue.
  warnings.warn(
[2026-04-18 02:39:35,983] DEEPMD INFO    DeePMD version: 3.1.1
[2026-04-18 02:39:35,983] DEEPMD INFO    Configuration path: input.json
[2026-04-18 02:39:36,001] DEEPMD INFO     _____               _____   __  __  _____           _     _  _   
[2026-04-18 02:39:36,001] DEEPMD INFO    |  __ \             |  __ \ |  \/  ||  __ \         | |   (_)| |  
[2026-04-18 02:39:36,001] DEEPMD INFO    | |  | |  ___   ___ | |__) || \  / || |  | | ______ | | __ _ | |_ 
[2026-04-18 02:39:36,001] DEEPMD INFO    | |  | | / _ \ / _ \|  ___/ | |\/| || |  | ||______|| |/ /| || __|
[2026-04-18 02:39:36,001] DEEPMD INFO    | |__| ||  __/|  __/| |     | |  | || |__| |        |   < | || |_ 
[2026-04-18 02:39:36,001] DEEPMD INFO    |_____/  \___| \___||_|     |_|  |_||_____/         |_|\_\|_| \__|
[2026-04-18 02:39:36,001] DEEPMD INFO    Please read and cite:
[2026-04-18 02:39:36,001] DEEPMD INFO    Wang, Zhang, Han and E, Comput.Phys.Comm. 228, 178-184 (2018)
[2026-04-18 02:39:36,001] DEEPMD INFO    Zeng et al, J. Chem. Phys., 159, 054801 (2023)
[2026-04-18 02:39:36,001] DEEPMD INFO    Zeng et al, J. Chem. Theory Comput., 21, 4375-4385 (2025)
[2026-04-18 02:39:36,001] DEEPMD INFO    See https://deepmd.rtfd.io/credits/ for details.
[2026-04-18 02:39:36,001] DEEPMD INFO    ------------------------------------------------------------------------------------------------------------------------------
[2026-04-18 02:39:36,001] DEEPMD INFO    installed to:          /home/rverma7/anaconda3/envs/sparcGNN/lib/python3.10/site-packages/deepmd
[2026-04-18 02:39:36,001] DEEPMD INFO    source:                
[2026-04-18 02:39:36,001] DEEPMD INFO    source branch:         HEAD
[2026-04-18 02:39:36,001] DEEPMD INFO    source commit:         9b566bf
[2026-04-18 02:39:36,001] DEEPMD INFO    source commit at:      2025-10-01 20:34:25 +0200
[2026-04-18 02:39:36,001] DEEPMD INFO    use float prec:        double
[2026-04-18 02:39:36,001] DEEPMD INFO    build variant:         cuda
[2026-04-18 02:39:36,001] DEEPMD INFO    Backend:               PyTorch
[2026-04-18 02:39:36,001] DEEPMD INFO    PT ver:                v2.6.0-gUnknown
[2026-04-18 02:39:36,001] DEEPMD INFO    Enable custom OP:      True
[2026-04-18 02:39:36,001] DEEPMD INFO    build with PT ver:     2.6.0
[2026-04-18 02:39:36,001] DEEPMD INFO    build with PT inc:     /home/rverma7/anaconda3/envs/sparcGNN/lib/python3.10/site-packages/torch/include
[2026-04-18 02:39:36,001] DEEPMD INFO                           /home/rverma7/anaconda3/envs/sparcGNN/lib/python3.10/site-packages/torch/include/torch/csrc/api/include
[2026-04-18 02:39:36,001] DEEPMD INFO    build with PT lib:     /home/rverma7/anaconda3/envs/sparcGNN/lib/python3.10/site-packages/torch/lib
[2026-04-18 02:39:36,001] DEEPMD INFO    running on:            cbe-dt-319.che.ncsu.edu
[2026-04-18 02:39:36,001] DEEPMD INFO    computing device:      cuda:0
[2026-04-18 02:39:36,001] DEEPMD INFO    CUDA_VISIBLE_DEVICES:  unset
[2026-04-18 02:39:36,001] DEEPMD INFO    Count of visible GPUs: 2
[2026-04-18 02:39:36,001] DEEPMD INFO    num_intra_threads:     0
[2026-04-18 02:39:36,001] DEEPMD INFO    num_inter_threads:     0
[2026-04-18 02:39:36,001] DEEPMD INFO    ------------------------------------------------------------------------------------------------------------------------------
[2026-04-18 02:39:36,037] DEEPMD INFO    Calculate neighbor statistics... (add --skip-neighbor-stat to skip this step)
[2026-04-18 02:39:36,324] DEEPMD INFO    Adjust batch size from 1024 to 2048
[2026-04-18 02:39:36,367] DEEPMD INFO    Neighbor statistics: training data with minimal neighbor distance: 0.956954
[2026-04-18 02:39:36,367] DEEPMD INFO    Neighbor statistics: training data with maximum neighbor size: [1 6 1] (cutoff radius: 6.000000)
[2026-04-18 02:39:36,368] DEEPMD INFO    Constructing DataLoaders from 1 systems
[2026-04-18 02:39:36,376] DEEPMD INFO    Constructing DataLoaders from 1 systems
[2026-04-18 02:39:36,413] DEEPMD INFO    Packing data for statistics from 1 systems
[2026-04-18 02:39:36,616] DEEPMD INFO    RMSE of energy per atom after linear regression is: 0.014755452425183169 in the unit of energy.
[2026-04-18 02:39:36,617] DEEPMD INFO    ---Summary of DataSystem: training     -----------------------------------------------
[2026-04-18 02:39:36,617] DEEPMD INFO    found 1 system(s):
[2026-04-18 02:39:36,618] DEEPMD INFO                                        system  natoms  bch_sz   n_bch       prob  pbc
[2026-04-18 02:39:36,618] DEEPMD INFO    -- w/DeePMD_training/00.data/training_data       8       4      52  1.000e+00    T
[2026-04-18 02:39:36,618] DEEPMD INFO    --------------------------------------------------------------------------------------
[2026-04-18 02:39:36,618] DEEPMD INFO    ---Summary of DataSystem: validation   -----------------------------------------------
[2026-04-18 02:39:36,618] DEEPMD INFO    found 1 system(s):
[2026-04-18 02:39:36,618] DEEPMD INFO                                        system  natoms  bch_sz   n_bch       prob  pbc
[2026-04-18 02:39:36,618] DEEPMD INFO    -- DeePMD_training/00.data/validation_data       8       4      13  1.000e+00    T
[2026-04-18 02:39:36,618] DEEPMD INFO    --------------------------------------------------------------------------------------
[2026-04-18 02:39:36,619] DEEPMD INFO    Start to train 100000 steps.
[2026-04-18 02:39:37,283] DEEPMD INFO    batch       1: trn: rmse = 2.72e+01, rmse_e = 3.12e-01, rmse_f = 8.59e-01, lr = 1.00e-03
[2026-04-18 02:39:37,283] DEEPMD INFO    batch       1: val: rmse = 5.64e+01, rmse_e = 5.96e-01, rmse_f = 1.78e+00
[2026-04-18 02:39:37,284] DEEPMD INFO    batch       1: total wall time = 0.66 s, eta = 18:26:57
[2026-04-18 02:40:01,558] DEEPMD INFO    batch    1000: trn: rmse = 6.86e+00, rmse_e = 4.40e-01, rmse_f = 2.17e-01, lr = 1.00e-03
[2026-04-18 02:40:01,558] DEEPMD INFO    batch    1000: val: rmse = 5.84e+00, rmse_e = 4.66e-01, rmse_f = 1.85e-01
[2026-04-18 02:40:01,559] DEEPMD INFO    batch    1000: total wall time = 24.28 s, eta = 0:40:03
[2026-04-18 02:40:25,994] DEEPMD INFO    batch    2000: trn: rmse = 5.29e+00, rmse_e = 8.22e-02, rmse_f = 1.67e-01, lr = 1.00e-03
[2026-04-18 02:40:25,994] DEEPMD INFO    batch    2000: val: rmse = 5.16e+00, rmse_e = 6.82e-02, rmse_f = 1.63e-01
[2026-04-18 02:40:25,994] DEEPMD INFO    batch    2000: total wall time = 24.44 s, eta = 0:39:54
[2026-04-18 02:40:50,046] DEEPMD INFO    batch    3000: trn: rmse = 3.60e+00, rmse_e = 3.56e-02, rmse_f = 1.14e-01, lr = 1.00e-03
[2026-04-18 02:40:50,046] DEEPMD INFO    batch    3000: val: rmse = 3.81e+00, rmse_e = 3.06e-02, rmse_f = 1.20e-01
[2026-04-18 02:40:50,047] DEEPMD INFO    batch    3000: total wall time = 24.05 s, eta = 0:38:53
[2026-04-18 02:41:14,742] DEEPMD INFO    batch    4000: trn: rmse = 4.89e+00, rmse_e = 1.82e-02, rmse_f = 1.55e-01, lr = 1.00e-03
[2026-04-18 02:41:14,743] DEEPMD INFO    batch    4000: val: rmse = 4.91e+00, rmse_e = 1.55e-02, rmse_f = 1.55e-01
[2026-04-18 02:41:14,743] DEEPMD INFO    batch    4000: total wall time = 24.70 s, eta = 0:39:30
[2026-04-18 02:41:39,819] DEEPMD INFO    batch    5000: trn: rmse = 3.44e+00, rmse_e = 1.64e-02, rmse_f = 1.09e-01, lr = 1.00e-03
[2026-04-18 02:41:39,819] DEEPMD INFO    batch    5000: val: rmse = 3.13e+00, rmse_e = 1.93e-02, rmse_f = 9.91e-02
[2026-04-18 02:41:39,819] DEEPMD INFO    batch    5000: total wall time = 25.08 s, eta = 0:39:42
[2026-04-18 02:42:03,910] DEEPMD INFO    batch    6000: trn: rmse = 1.77e+00, rmse_e = 6.24e-03, rmse_f = 7.24e-02, lr = 5.99e-04
[2026-04-18 02:42:03,911] DEEPMD INFO    batch    6000: val: rmse = 2.86e+00, rmse_e = 4.33e-03, rmse_f = 1.17e-01
[2026-04-18 02:42:03,911] DEEPMD INFO    batch    6000: total wall time = 24.09 s, eta = 0:37:44
[2026-04-18 02:42:28,790] DEEPMD INFO    batch    7000: trn: rmse = 1.94e+00, rmse_e = 1.33e-02, rmse_f = 7.91e-02, lr = 5.99e-04
[2026-04-18 02:42:28,790] DEEPMD INFO    batch    7000: val: rmse = 2.12e+00, rmse_e = 4.55e-03, rmse_f = 8.66e-02
[2026-04-18 02:42:28,790] DEEPMD INFO    batch    7000: total wall time = 24.88 s, eta = 0:38:33
[2026-04-18 02:42:52,611] DEEPMD INFO    batch    8000: trn: rmse = 1.70e+00, rmse_e = 1.70e-02, rmse_f = 6.93e-02, lr = 5.99e-04
[2026-04-18 02:42:52,611] DEEPMD INFO    batch    8000: val: rmse = 2.49e+00, rmse_e = 6.25e-03, rmse_f = 1.02e-01
[2026-04-18 02:42:52,612] DEEPMD INFO    batch    8000: total wall time = 23.82 s, eta = 0:36:31
[2026-04-18 02:43:16,138] DEEPMD INFO    batch    9000: trn: rmse = 1.35e+00, rmse_e = 1.34e-02, rmse_f = 5.52e-02, lr = 5.99e-04
[2026-04-18 02:43:16,138] DEEPMD INFO    batch    9000: val: rmse = 1.63e+00, rmse_e = 7.67e-03, rmse_f = 6.67e-02
[2026-04-18 02:43:16,139] DEEPMD INFO    batch    9000: total wall time = 23.53 s, eta = 0:35:40
[2026-04-18 02:43:40,075] DEEPMD INFO    batch   10000: trn: rmse = 1.69e+00, rmse_e = 2.71e-02, rmse_f = 6.89e-02, lr = 5.99e-04
[2026-04-18 02:43:40,075] DEEPMD INFO    batch   10000: val: rmse = 1.87e+00, rmse_e = 2.47e-02, rmse_f = 7.65e-02
[2026-04-18 02:43:40,075] DEEPMD INFO    batch   10000: total wall time = 23.94 s, eta = 0:35:54
[2026-04-18 02:43:40,101] DEEPMD INFO    Saved model to model.ckpt-10000.pt
[2026-04-18 02:44:05,038] DEEPMD INFO    batch   11000: trn: rmse = 1.05e+00, rmse_e = 1.59e-02, rmse_f = 5.51e-02, lr = 3.59e-04
[2026-04-18 02:44:05,038] DEEPMD INFO    batch   11000: val: rmse = 9.87e-01, rmse_e = 2.11e-02, rmse_f = 5.20e-02
[2026-04-18 02:44:05,038] DEEPMD INFO    batch   11000: total wall time = 24.96 s, eta = 0:37:01
[2026-04-18 02:44:29,797] DEEPMD INFO    batch   12000: trn: rmse = 7.91e-01, rmse_e = 2.92e-03, rmse_f = 4.17e-02, lr = 3.59e-04
[2026-04-18 02:44:29,797] DEEPMD INFO    batch   12000: val: rmse = 1.01e+00, rmse_e = 8.70e-03, rmse_f = 5.34e-02
[2026-04-18 02:44:29,798] DEEPMD INFO    batch   12000: total wall time = 24.76 s, eta = 0:36:18
[2026-04-18 02:44:53,683] DEEPMD INFO    batch   13000: trn: rmse = 7.89e-01, rmse_e = 2.20e-02, rmse_f = 4.15e-02, lr = 3.59e-04
[2026-04-18 02:44:53,683] DEEPMD INFO    batch   13000: val: rmse = 1.36e+00, rmse_e = 1.39e-02, rmse_f = 7.15e-02
[2026-04-18 02:44:53,684] DEEPMD INFO    batch   13000: total wall time = 23.89 s, eta = 0:34:38
[2026-04-18 02:45:18,169] DEEPMD INFO    batch   14000: trn: rmse = 9.22e-01, rmse_e = 2.57e-03, rmse_f = 4.87e-02, lr = 3.59e-04
[2026-04-18 02:45:18,169] DEEPMD INFO    batch   14000: val: rmse = 1.02e+00, rmse_e = 3.51e-03, rmse_f = 5.40e-02
[2026-04-18 02:45:18,169] DEEPMD INFO    batch   14000: total wall time = 24.49 s, eta = 0:35:05
[2026-04-18 02:45:43,092] DEEPMD INFO    batch   15000: trn: rmse = 1.09e+00, rmse_e = 3.39e-03, rmse_f = 5.76e-02, lr = 3.59e-04
[2026-04-18 02:45:43,092] DEEPMD INFO    batch   15000: val: rmse = 1.27e+00, rmse_e = 4.20e-03, rmse_f = 6.68e-02
[2026-04-18 02:45:43,093] DEEPMD INFO    batch   15000: total wall time = 24.92 s, eta = 0:35:18
[2026-04-18 02:46:08,087] DEEPMD INFO    batch   16000: trn: rmse = 7.08e-01, rmse_e = 6.96e-03, rmse_f = 4.82e-02, lr = 2.15e-04
[2026-04-18 02:46:08,088] DEEPMD INFO    batch   16000: val: rmse = 8.73e-01, rmse_e = 5.76e-03, rmse_f = 5.95e-02
[2026-04-18 02:46:08,088] DEEPMD INFO    batch   16000: total wall time = 25.00 s, eta = 0:34:59
[2026-04-18 02:46:32,430] DEEPMD INFO    batch   17000: trn: rmse = 5.33e-01, rmse_e = 2.26e-03, rmse_f = 3.63e-02, lr = 2.15e-04
[2026-04-18 02:46:32,430] DEEPMD INFO    batch   17000: val: rmse = 7.45e-01, rmse_e = 1.60e-03, rmse_f = 5.08e-02
[2026-04-18 02:46:32,430] DEEPMD INFO    batch   17000: total wall time = 24.34 s, eta = 0:33:40
[2026-04-18 02:46:56,985] DEEPMD INFO    batch   18000: trn: rmse = 4.62e-01, rmse_e = 1.40e-03, rmse_f = 3.14e-02, lr = 2.15e-04
[2026-04-18 02:46:56,985] DEEPMD INFO    batch   18000: val: rmse = 6.93e-01, rmse_e = 5.54e-03, rmse_f = 4.72e-02
[2026-04-18 02:46:56,985] DEEPMD INFO    batch   18000: total wall time = 24.56 s, eta = 0:33:33
[2026-04-18 02:47:20,654] DEEPMD INFO    batch   19000: trn: rmse = 4.55e-01, rmse_e = 1.35e-03, rmse_f = 3.10e-02, lr = 2.15e-04
[2026-04-18 02:47:20,654] DEEPMD INFO    batch   19000: val: rmse = 5.94e-01, rmse_e = 1.83e-03, rmse_f = 4.04e-02
[2026-04-18 02:47:20,654] DEEPMD INFO    batch   19000: total wall time = 23.67 s, eta = 0:31:57
[2026-04-18 02:47:44,252] DEEPMD INFO    batch   20000: trn: rmse = 6.58e-01, rmse_e = 5.44e-03, rmse_f = 4.48e-02, lr = 2.15e-04
[2026-04-18 02:47:44,252] DEEPMD INFO    batch   20000: val: rmse = 5.59e-01, rmse_e = 3.76e-03, rmse_f = 3.81e-02
[2026-04-18 02:47:44,253] DEEPMD INFO    batch   20000: total wall time = 23.60 s, eta = 0:31:27
[2026-04-18 02:47:44,279] DEEPMD INFO    Saved model to model.ckpt-20000.pt
[2026-04-18 02:48:08,634] DEEPMD INFO    batch   21000: trn: rmse = 4.28e-01, rmse_e = 4.70e-03, rmse_f = 3.76e-02, lr = 1.29e-04
[2026-04-18 02:48:08,635] DEEPMD INFO    batch   21000: val: rmse = 4.31e-01, rmse_e = 3.48e-03, rmse_f = 3.79e-02
[2026-04-18 02:48:08,635] DEEPMD INFO    batch   21000: total wall time = 24.38 s, eta = 0:32:06
[2026-04-18 02:48:33,396] DEEPMD INFO    batch   22000: trn: rmse = 3.89e-01, rmse_e = 1.66e-03, rmse_f = 3.42e-02, lr = 1.29e-04
[2026-04-18 02:48:33,396] DEEPMD INFO    batch   22000: val: rmse = 4.95e-01, rmse_e = 2.24e-03, rmse_f = 4.35e-02
[2026-04-18 02:48:33,397] DEEPMD INFO    batch   22000: total wall time = 24.76 s, eta = 0:32:11
[2026-04-18 02:48:58,235] DEEPMD INFO    batch   23000: trn: rmse = 4.46e-01, rmse_e = 3.62e-03, rmse_f = 3.92e-02, lr = 1.29e-04
[2026-04-18 02:48:58,235] DEEPMD INFO    batch   23000: val: rmse = 4.40e-01, rmse_e = 2.55e-03, rmse_f = 3.87e-02
[2026-04-18 02:48:58,235] DEEPMD INFO    batch   23000: total wall time = 24.84 s, eta = 0:31:52
[2026-04-18 02:49:23,047] DEEPMD INFO    batch   24000: trn: rmse = 4.84e-01, rmse_e = 2.37e-03, rmse_f = 4.25e-02, lr = 1.29e-04
[2026-04-18 02:49:23,047] DEEPMD INFO    batch   24000: val: rmse = 4.37e-01, rmse_e = 4.18e-03, rmse_f = 3.84e-02
[2026-04-18 02:49:23,047] DEEPMD INFO    batch   24000: total wall time = 24.81 s, eta = 0:31:25
[2026-04-18 02:49:47,055] DEEPMD INFO    batch   25000: trn: rmse = 4.13e-01, rmse_e = 1.83e-03, rmse_f = 3.63e-02, lr = 1.29e-04
[2026-04-18 02:49:47,056] DEEPMD INFO    batch   25000: val: rmse = 5.05e-01, rmse_e = 1.26e-03, rmse_f = 4.44e-02
[2026-04-18 02:49:47,056] DEEPMD INFO    batch   25000: total wall time = 24.01 s, eta = 0:30:00
[2026-04-18 02:50:11,131] DEEPMD INFO    batch   26000: trn: rmse = 2.57e-01, rmse_e = 1.05e-03, rmse_f = 2.91e-02, lr = 7.70e-05
[2026-04-18 02:50:11,131] DEEPMD INFO    batch   26000: val: rmse = 2.22e-01, rmse_e = 4.47e-04, rmse_f = 2.52e-02
[2026-04-18 02:50:11,132] DEEPMD INFO    batch   26000: total wall time = 24.08 s, eta = 0:29:41
[2026-04-18 02:50:35,950] DEEPMD INFO    batch   27000: trn: rmse = 2.84e-01, rmse_e = 1.89e-03, rmse_f = 3.22e-02, lr = 7.70e-05
[2026-04-18 02:50:35,950] DEEPMD INFO    batch   27000: val: rmse = 3.29e-01, rmse_e = 1.14e-03, rmse_f = 3.72e-02
[2026-04-18 02:50:35,950] DEEPMD INFO    batch   27000: total wall time = 24.82 s, eta = 0:30:11
[2026-04-18 02:51:00,615] DEEPMD INFO    batch   28000: trn: rmse = 2.74e-01, rmse_e = 7.68e-03, rmse_f = 3.10e-02, lr = 7.70e-05
[2026-04-18 02:51:00,615] DEEPMD INFO    batch   28000: val: rmse = 3.54e-01, rmse_e = 7.59e-03, rmse_f = 4.01e-02
[2026-04-18 02:51:00,616] DEEPMD INFO    batch   28000: total wall time = 24.67 s, eta = 0:29:35
[2026-04-18 02:51:25,542] DEEPMD INFO    batch   29000: trn: rmse = 2.97e-01, rmse_e = 1.89e-03, rmse_f = 3.36e-02, lr = 7.70e-05
[2026-04-18 02:51:25,542] DEEPMD INFO    batch   29000: val: rmse = 2.96e-01, rmse_e = 1.03e-03, rmse_f = 3.35e-02
[2026-04-18 02:51:25,543] DEEPMD INFO    batch   29000: total wall time = 24.93 s, eta = 0:29:29
[2026-04-18 02:51:49,575] DEEPMD INFO    batch   30000: trn: rmse = 2.48e-01, rmse_e = 3.30e-03, rmse_f = 2.81e-02, lr = 7.70e-05
[2026-04-18 02:51:49,575] DEEPMD INFO    batch   30000: val: rmse = 2.47e-01, rmse_e = 4.78e-03, rmse_f = 2.80e-02
[2026-04-18 02:51:49,576] DEEPMD INFO    batch   30000: total wall time = 24.03 s, eta = 0:28:02
[2026-04-18 02:51:49,602] DEEPMD INFO    Saved model to model.ckpt-30000.pt
[2026-04-18 02:52:14,231] DEEPMD INFO    batch   31000: trn: rmse = 1.96e-01, rmse_e = 1.19e-03, rmse_f = 2.86e-02, lr = 4.61e-05
[2026-04-18 02:52:14,231] DEEPMD INFO    batch   31000: val: rmse = 2.10e-01, rmse_e = 1.07e-03, rmse_f = 3.06e-02
[2026-04-18 02:52:14,232] DEEPMD INFO    batch   31000: total wall time = 24.66 s, eta = 0:28:21
[2026-04-18 02:52:38,858] DEEPMD INFO    batch   32000: trn: rmse = 1.71e-01, rmse_e = 2.14e-03, rmse_f = 2.49e-02, lr = 4.61e-05
[2026-04-18 02:52:38,858] DEEPMD INFO    batch   32000: val: rmse = 2.61e-01, rmse_e = 1.13e-03, rmse_f = 3.81e-02
[2026-04-18 02:52:38,858] DEEPMD INFO    batch   32000: total wall time = 24.63 s, eta = 0:27:54
[2026-04-18 02:53:03,356] DEEPMD INFO    batch   33000: trn: rmse = 1.98e-01, rmse_e = 6.81e-04, rmse_f = 2.89e-02, lr = 4.61e-05
[2026-04-18 02:53:03,356] DEEPMD INFO    batch   33000: val: rmse = 2.71e-01, rmse_e = 2.12e-03, rmse_f = 3.95e-02
[2026-04-18 02:53:03,356] DEEPMD INFO    batch   33000: total wall time = 24.50 s, eta = 0:27:21
[2026-04-18 02:53:27,600] DEEPMD INFO    batch   34000: trn: rmse = 2.73e-01, rmse_e = 2.14e-03, rmse_f = 3.98e-02, lr = 4.61e-05
[2026-04-18 02:53:27,600] DEEPMD INFO    batch   34000: val: rmse = 2.72e-01, rmse_e = 9.85e-04, rmse_f = 3.97e-02
[2026-04-18 02:53:27,601] DEEPMD INFO    batch   34000: total wall time = 24.24 s, eta = 0:26:40
[2026-04-18 02:53:52,104] DEEPMD INFO    batch   35000: trn: rmse = 1.92e-01, rmse_e = 1.69e-03, rmse_f = 2.79e-02, lr = 4.61e-05
[2026-04-18 02:53:52,104] DEEPMD INFO    batch   35000: val: rmse = 2.30e-01, rmse_e = 1.44e-03, rmse_f = 3.36e-02
[2026-04-18 02:53:52,105] DEEPMD INFO    batch   35000: total wall time = 24.50 s, eta = 0:26:32
[2026-04-18 02:54:16,152] DEEPMD INFO    batch   36000: trn: rmse = 1.83e-01, rmse_e = 4.02e-03, rmse_f = 3.43e-02, lr = 2.76e-05
[2026-04-18 02:54:16,153] DEEPMD INFO    batch   36000: val: rmse = 1.76e-01, rmse_e = 2.66e-03, rmse_f = 3.30e-02
[2026-04-18 02:54:16,153] DEEPMD INFO    batch   36000: total wall time = 24.05 s, eta = 0:25:39
[2026-04-18 02:54:40,686] DEEPMD INFO    batch   37000: trn: rmse = 1.42e-01, rmse_e = 9.86e-04, rmse_f = 2.65e-02, lr = 2.76e-05
[2026-04-18 02:54:40,686] DEEPMD INFO    batch   37000: val: rmse = 1.50e-01, rmse_e = 2.19e-04, rmse_f = 2.80e-02
[2026-04-18 02:54:40,687] DEEPMD INFO    batch   37000: total wall time = 24.53 s, eta = 0:25:45
[2026-04-18 02:55:04,333] DEEPMD INFO    batch   38000: trn: rmse = 1.52e-01, rmse_e = 3.27e-03, rmse_f = 2.83e-02, lr = 2.76e-05
[2026-04-18 02:55:04,334] DEEPMD INFO    batch   38000: val: rmse = 1.67e-01, rmse_e = 3.61e-03, rmse_f = 3.12e-02
[2026-04-18 02:55:04,334] DEEPMD INFO    batch   38000: total wall time = 23.65 s, eta = 0:24:26
[2026-04-18 02:55:28,509] DEEPMD INFO    batch   39000: trn: rmse = 1.37e-01, rmse_e = 2.60e-03, rmse_f = 2.57e-02, lr = 2.76e-05
[2026-04-18 02:55:28,509] DEEPMD INFO    batch   39000: val: rmse = 1.99e-01, rmse_e = 7.80e-04, rmse_f = 3.72e-02
[2026-04-18 02:55:28,510] DEEPMD INFO    batch   39000: total wall time = 24.18 s, eta = 0:24:34
[2026-04-18 02:55:52,685] DEEPMD INFO    batch   40000: trn: rmse = 1.35e-01, rmse_e = 6.81e-04, rmse_f = 2.52e-02, lr = 2.76e-05
[2026-04-18 02:55:52,686] DEEPMD INFO    batch   40000: val: rmse = 1.48e-01, rmse_e = 5.60e-04, rmse_f = 2.78e-02
[2026-04-18 02:55:52,686] DEEPMD INFO    batch   40000: total wall time = 24.18 s, eta = 0:24:10
[2026-04-18 02:55:52,712] DEEPMD INFO    Saved model to model.ckpt-40000.pt
[2026-04-18 02:56:17,486] DEEPMD INFO    batch   41000: trn: rmse = 1.16e-01, rmse_e = 6.81e-04, rmse_f = 2.76e-02, lr = 1.65e-05
[2026-04-18 02:56:17,487] DEEPMD INFO    batch   41000: val: rmse = 1.33e-01, rmse_e = 1.32e-03, rmse_f = 3.18e-02
[2026-04-18 02:56:17,487] DEEPMD INFO    batch   41000: total wall time = 24.80 s, eta = 0:24:23
[2026-04-18 02:56:42,017] DEEPMD INFO    batch   42000: trn: rmse = 1.08e-01, rmse_e = 9.53e-04, rmse_f = 2.59e-02, lr = 1.65e-05
[2026-04-18 02:56:42,017] DEEPMD INFO    batch   42000: val: rmse = 1.38e-01, rmse_e = 1.34e-03, rmse_f = 3.29e-02
[2026-04-18 02:56:42,017] DEEPMD INFO    batch   42000: total wall time = 24.53 s, eta = 0:23:42
[2026-04-18 02:57:06,559] DEEPMD INFO    batch   43000: trn: rmse = 1.28e-01, rmse_e = 1.23e-03, rmse_f = 3.05e-02, lr = 1.65e-05
[2026-04-18 02:57:06,559] DEEPMD INFO    batch   43000: val: rmse = 1.05e-01, rmse_e = 8.95e-04, rmse_f = 2.51e-02
[2026-04-18 02:57:06,560] DEEPMD INFO    batch   43000: total wall time = 24.54 s, eta = 0:23:18
[2026-04-18 02:57:31,534] DEEPMD INFO    batch   44000: trn: rmse = 1.04e-01, rmse_e = 1.26e-03, rmse_f = 2.48e-02, lr = 1.65e-05
[2026-04-18 02:57:31,535] DEEPMD INFO    batch   44000: val: rmse = 1.37e-01, rmse_e = 1.72e-03, rmse_f = 3.28e-02
[2026-04-18 02:57:31,535] DEEPMD INFO    batch   44000: total wall time = 24.98 s, eta = 0:23:18
[2026-04-18 02:57:55,943] DEEPMD INFO    batch   45000: trn: rmse = 1.15e-01, rmse_e = 2.72e-03, rmse_f = 2.74e-02, lr = 1.65e-05
[2026-04-18 02:57:55,944] DEEPMD INFO    batch   45000: val: rmse = 1.34e-01, rmse_e = 2.35e-03, rmse_f = 3.21e-02
[2026-04-18 02:57:55,944] DEEPMD INFO    batch   45000: total wall time = 24.41 s, eta = 0:22:22
[2026-04-18 02:58:19,966] DEEPMD INFO    batch   46000: trn: rmse = 5.64e-02, rmse_e = 7.26e-04, rmse_f = 1.71e-02, lr = 9.89e-06
[2026-04-18 02:58:19,966] DEEPMD INFO    batch   46000: val: rmse = 1.08e-01, rmse_e = 6.78e-04, rmse_f = 3.27e-02
[2026-04-18 02:58:19,966] DEEPMD INFO    batch   46000: total wall time = 24.02 s, eta = 0:21:37
[2026-04-18 02:58:44,350] DEEPMD INFO    batch   47000: trn: rmse = 6.77e-02, rmse_e = 7.23e-04, rmse_f = 2.05e-02, lr = 9.89e-06
[2026-04-18 02:58:44,350] DEEPMD INFO    batch   47000: val: rmse = 1.12e-01, rmse_e = 6.00e-04, rmse_f = 3.40e-02
[2026-04-18 02:58:44,350] DEEPMD INFO    batch   47000: total wall time = 24.38 s, eta = 0:21:32
[2026-04-18 02:59:08,195] DEEPMD INFO    batch   48000: trn: rmse = 9.87e-02, rmse_e = 3.79e-04, rmse_f = 2.99e-02, lr = 9.89e-06
[2026-04-18 02:59:08,196] DEEPMD INFO    batch   48000: val: rmse = 9.28e-02, rmse_e = 3.12e-04, rmse_f = 2.81e-02
[2026-04-18 02:59:08,196] DEEPMD INFO    batch   48000: total wall time = 23.85 s, eta = 0:20:39
[2026-04-18 02:59:32,668] DEEPMD INFO    batch   49000: trn: rmse = 7.65e-02, rmse_e = 1.43e-03, rmse_f = 2.32e-02, lr = 9.89e-06
[2026-04-18 02:59:32,668] DEEPMD INFO    batch   49000: val: rmse = 1.03e-01, rmse_e = 1.72e-03, rmse_f = 3.13e-02
[2026-04-18 02:59:32,668] DEEPMD INFO    batch   49000: total wall time = 24.47 s, eta = 0:20:48
[2026-04-18 02:59:57,435] DEEPMD INFO    batch   50000: trn: rmse = 8.78e-02, rmse_e = 8.31e-04, rmse_f = 2.66e-02, lr = 9.89e-06
[2026-04-18 02:59:57,436] DEEPMD INFO    batch   50000: val: rmse = 1.24e-01, rmse_e = 6.23e-04, rmse_f = 3.75e-02
[2026-04-18 02:59:57,436] DEEPMD INFO    batch   50000: total wall time = 24.77 s, eta = 0:20:38
[2026-04-18 02:59:57,464] DEEPMD INFO    Saved model to model.ckpt-50000.pt
[2026-04-18 03:00:22,241] DEEPMD INFO    batch   51000: trn: rmse = 6.91e-02, rmse_e = 6.72e-04, rmse_f = 2.63e-02, lr = 5.92e-06
[2026-04-18 03:00:22,241] DEEPMD INFO    batch   51000: val: rmse = 8.14e-02, rmse_e = 6.98e-04, rmse_f = 3.09e-02
[2026-04-18 03:00:22,242] DEEPMD INFO    batch   51000: total wall time = 24.81 s, eta = 0:20:15
[2026-04-18 03:00:46,299] DEEPMD INFO    batch   52000: trn: rmse = 6.50e-02, rmse_e = 1.76e-03, rmse_f = 2.46e-02, lr = 5.92e-06
[2026-04-18 03:00:46,299] DEEPMD INFO    batch   52000: val: rmse = 7.49e-02, rmse_e = 1.63e-03, rmse_f = 2.84e-02
[2026-04-18 03:00:46,300] DEEPMD INFO    batch   52000: total wall time = 24.06 s, eta = 0:19:14
[2026-04-18 03:01:10,397] DEEPMD INFO    batch   53000: trn: rmse = 6.60e-02, rmse_e = 2.89e-04, rmse_f = 2.51e-02, lr = 5.92e-06
[2026-04-18 03:01:10,397] DEEPMD INFO    batch   53000: val: rmse = 7.80e-02, rmse_e = 4.33e-04, rmse_f = 2.97e-02
[2026-04-18 03:01:10,398] DEEPMD INFO    batch   53000: total wall time = 24.10 s, eta = 0:18:52
[2026-04-18 03:01:34,819] DEEPMD INFO    batch   54000: trn: rmse = 6.72e-02, rmse_e = 5.79e-04, rmse_f = 2.55e-02, lr = 5.92e-06
[2026-04-18 03:01:34,820] DEEPMD INFO    batch   54000: val: rmse = 8.96e-02, rmse_e = 1.17e-03, rmse_f = 3.41e-02
[2026-04-18 03:01:34,820] DEEPMD INFO    batch   54000: total wall time = 24.42 s, eta = 0:18:43
[2026-04-18 03:01:59,624] DEEPMD INFO    batch   55000: trn: rmse = 6.96e-02, rmse_e = 1.24e-03, rmse_f = 2.64e-02, lr = 5.92e-06
[2026-04-18 03:01:59,624] DEEPMD INFO    batch   55000: val: rmse = 6.18e-02, rmse_e = 8.48e-04, rmse_f = 2.35e-02
[2026-04-18 03:01:59,624] DEEPMD INFO    batch   55000: total wall time = 24.80 s, eta = 0:18:36
[2026-04-18 03:02:24,346] DEEPMD INFO    batch   56000: trn: rmse = 6.34e-02, rmse_e = 7.82e-04, rmse_f = 2.97e-02, lr = 3.55e-06
[2026-04-18 03:02:24,346] DEEPMD INFO    batch   56000: val: rmse = 5.30e-02, rmse_e = 3.04e-04, rmse_f = 2.49e-02
[2026-04-18 03:02:24,347] DEEPMD INFO    batch   56000: total wall time = 24.72 s, eta = 0:18:07
[2026-04-18 03:02:48,521] DEEPMD INFO    batch   57000: trn: rmse = 3.76e-02, rmse_e = 6.66e-04, rmse_f = 1.76e-02, lr = 3.55e-06
[2026-04-18 03:02:48,521] DEEPMD INFO    batch   57000: val: rmse = 5.50e-02, rmse_e = 7.10e-04, rmse_f = 2.58e-02
[2026-04-18 03:02:48,521] DEEPMD INFO    batch   57000: total wall time = 24.17 s, eta = 0:17:19
[2026-04-18 03:03:13,036] DEEPMD INFO    batch   58000: trn: rmse = 3.38e-02, rmse_e = 9.80e-04, rmse_f = 1.58e-02, lr = 3.55e-06
[2026-04-18 03:03:13,036] DEEPMD INFO    batch   58000: val: rmse = 6.38e-02, rmse_e = 5.53e-04, rmse_f = 2.99e-02
[2026-04-18 03:03:13,036] DEEPMD INFO    batch   58000: total wall time = 24.52 s, eta = 0:17:09
[2026-04-18 03:03:37,276] DEEPMD INFO    batch   59000: trn: rmse = 4.51e-02, rmse_e = 8.38e-04, rmse_f = 2.11e-02, lr = 3.55e-06
[2026-04-18 03:03:37,276] DEEPMD INFO    batch   59000: val: rmse = 5.46e-02, rmse_e = 8.99e-04, rmse_f = 2.56e-02
[2026-04-18 03:03:37,277] DEEPMD INFO    batch   59000: total wall time = 24.24 s, eta = 0:16:33
[2026-04-18 03:04:02,311] DEEPMD INFO    batch   60000: trn: rmse = 6.61e-02, rmse_e = 5.18e-04, rmse_f = 3.10e-02, lr = 3.55e-06
[2026-04-18 03:04:02,311] DEEPMD INFO    batch   60000: val: rmse = 5.15e-02, rmse_e = 5.98e-04, rmse_f = 2.42e-02
[2026-04-18 03:04:02,312] DEEPMD INFO    batch   60000: total wall time = 25.04 s, eta = 0:16:41
[2026-04-18 03:04:02,338] DEEPMD INFO    Saved model to model.ckpt-60000.pt
[2026-04-18 03:04:27,443] DEEPMD INFO    batch   61000: trn: rmse = 5.19e-02, rmse_e = 8.52e-04, rmse_f = 2.93e-02, lr = 2.12e-06
[2026-04-18 03:04:27,444] DEEPMD INFO    batch   61000: val: rmse = 5.89e-02, rmse_e = 6.50e-04, rmse_f = 3.33e-02
[2026-04-18 03:04:27,444] DEEPMD INFO    batch   61000: total wall time = 25.13 s, eta = 0:16:20
[2026-04-18 03:04:51,817] DEEPMD INFO    batch   62000: trn: rmse = 4.85e-02, rmse_e = 8.18e-04, rmse_f = 2.74e-02, lr = 2.12e-06
[2026-04-18 03:04:51,817] DEEPMD INFO    batch   62000: val: rmse = 6.05e-02, rmse_e = 8.59e-04, rmse_f = 3.42e-02
[2026-04-18 03:04:51,817] DEEPMD INFO    batch   62000: total wall time = 24.37 s, eta = 0:15:26
[2026-04-18 03:05:16,792] DEEPMD INFO    batch   63000: trn: rmse = 4.54e-02, rmse_e = 5.00e-04, rmse_f = 2.57e-02, lr = 2.12e-06
[2026-04-18 03:05:16,792] DEEPMD INFO    batch   63000: val: rmse = 4.53e-02, rmse_e = 1.20e-03, rmse_f = 2.56e-02
[2026-04-18 03:05:16,793] DEEPMD INFO    batch   63000: total wall time = 24.98 s, eta = 0:15:24
[2026-04-18 03:05:41,661] DEEPMD INFO    batch   64000: trn: rmse = 3.88e-02, rmse_e = 4.89e-04, rmse_f = 2.19e-02, lr = 2.12e-06
[2026-04-18 03:05:41,662] DEEPMD INFO    batch   64000: val: rmse = 5.88e-02, rmse_e = 7.98e-04, rmse_f = 3.33e-02
[2026-04-18 03:05:41,662] DEEPMD INFO    batch   64000: total wall time = 24.87 s, eta = 0:14:55
[2026-04-18 03:06:06,926] DEEPMD INFO    batch   65000: trn: rmse = 4.78e-02, rmse_e = 1.02e-03, rmse_f = 2.70e-02, lr = 2.12e-06
[2026-04-18 03:06:06,927] DEEPMD INFO    batch   65000: val: rmse = 4.95e-02, rmse_e = 3.42e-04, rmse_f = 2.80e-02
[2026-04-18 03:06:06,927] DEEPMD INFO    batch   65000: total wall time = 25.26 s, eta = 0:14:44
[2026-04-18 03:06:31,539] DEEPMD INFO    batch   66000: trn: rmse = 3.55e-02, rmse_e = 5.11e-04, rmse_f = 2.36e-02, lr = 1.27e-06
[2026-04-18 03:06:31,539] DEEPMD INFO    batch   66000: val: rmse = 5.18e-02, rmse_e = 5.06e-04, rmse_f = 3.43e-02
[2026-04-18 03:06:31,540] DEEPMD INFO    batch   66000: total wall time = 24.61 s, eta = 0:13:56
[2026-04-18 03:06:55,958] DEEPMD INFO    batch   67000: trn: rmse = 2.94e-02, rmse_e = 3.75e-04, rmse_f = 1.95e-02, lr = 1.27e-06
[2026-04-18 03:06:55,959] DEEPMD INFO    batch   67000: val: rmse = 4.77e-02, rmse_e = 6.68e-04, rmse_f = 3.17e-02
[2026-04-18 03:06:55,959] DEEPMD INFO    batch   67000: total wall time = 24.42 s, eta = 0:13:25
[2026-04-18 03:07:20,123] DEEPMD INFO    batch   68000: trn: rmse = 4.05e-02, rmse_e = 5.52e-04, rmse_f = 2.68e-02, lr = 1.27e-06
[2026-04-18 03:07:20,123] DEEPMD INFO    batch   68000: val: rmse = 5.44e-02, rmse_e = 6.91e-04, rmse_f = 3.61e-02
[2026-04-18 03:07:20,123] DEEPMD INFO    batch   68000: total wall time = 24.16 s, eta = 0:12:53
[2026-04-18 03:07:45,022] DEEPMD INFO    batch   69000: trn: rmse = 3.97e-02, rmse_e = 7.66e-04, rmse_f = 2.63e-02, lr = 1.27e-06
[2026-04-18 03:07:45,022] DEEPMD INFO    batch   69000: val: rmse = 4.18e-02, rmse_e = 1.04e-03, rmse_f = 2.77e-02
[2026-04-18 03:07:45,023] DEEPMD INFO    batch   69000: total wall time = 24.90 s, eta = 0:12:51
[2026-04-18 03:08:09,238] DEEPMD INFO    batch   70000: trn: rmse = 3.51e-02, rmse_e = 3.16e-04, rmse_f = 2.33e-02, lr = 1.27e-06
[2026-04-18 03:08:09,239] DEEPMD INFO    batch   70000: val: rmse = 3.56e-02, rmse_e = 7.16e-04, rmse_f = 2.36e-02
[2026-04-18 03:08:09,239] DEEPMD INFO    batch   70000: total wall time = 24.22 s, eta = 0:12:06
[2026-04-18 03:08:09,265] DEEPMD INFO    Saved model to model.ckpt-70000.pt
[2026-04-18 03:08:34,159] DEEPMD INFO    batch   71000: trn: rmse = 3.60e-02, rmse_e = 6.50e-04, rmse_f = 2.71e-02, lr = 7.62e-07
[2026-04-18 03:08:34,160] DEEPMD INFO    batch   71000: val: rmse = 3.37e-02, rmse_e = 4.82e-04, rmse_f = 2.54e-02
[2026-04-18 03:08:34,160] DEEPMD INFO    batch   71000: total wall time = 24.92 s, eta = 0:12:02
[2026-04-18 03:08:58,652] DEEPMD INFO    batch   72000: trn: rmse = 4.32e-02, rmse_e = 9.37e-04, rmse_f = 3.25e-02, lr = 7.62e-07
[2026-04-18 03:08:58,653] DEEPMD INFO    batch   72000: val: rmse = 3.30e-02, rmse_e = 3.43e-04, rmse_f = 2.49e-02
[2026-04-18 03:08:58,653] DEEPMD INFO    batch   72000: total wall time = 24.49 s, eta = 0:11:25
[2026-04-18 03:09:23,067] DEEPMD INFO    batch   73000: trn: rmse = 2.66e-02, rmse_e = 6.25e-04, rmse_f = 2.00e-02, lr = 7.62e-07
[2026-04-18 03:09:23,067] DEEPMD INFO    batch   73000: val: rmse = 2.81e-02, rmse_e = 2.83e-04, rmse_f = 2.12e-02
[2026-04-18 03:09:23,068] DEEPMD INFO    batch   73000: total wall time = 24.41 s, eta = 0:10:59
[2026-04-18 03:09:47,626] DEEPMD INFO    batch   74000: trn: rmse = 3.95e-02, rmse_e = 4.65e-04, rmse_f = 2.97e-02, lr = 7.62e-07
[2026-04-18 03:09:47,627] DEEPMD INFO    batch   74000: val: rmse = 3.96e-02, rmse_e = 4.32e-04, rmse_f = 2.98e-02
[2026-04-18 03:09:47,627] DEEPMD INFO    batch   74000: total wall time = 24.56 s, eta = 0:10:38
[2026-04-18 03:10:12,118] DEEPMD INFO    batch   75000: trn: rmse = 3.90e-02, rmse_e = 6.73e-04, rmse_f = 2.93e-02, lr = 7.62e-07
[2026-04-18 03:10:12,118] DEEPMD INFO    batch   75000: val: rmse = 3.98e-02, rmse_e = 8.55e-04, rmse_f = 2.99e-02
[2026-04-18 03:10:12,119] DEEPMD INFO    batch   75000: total wall time = 24.49 s, eta = 0:10:12
[2026-04-18 03:10:36,544] DEEPMD INFO    batch   76000: trn: rmse = 3.13e-02, rmse_e = 5.50e-04, rmse_f = 2.60e-02, lr = 4.56e-07
[2026-04-18 03:10:36,544] DEEPMD INFO    batch   76000: val: rmse = 3.94e-02, rmse_e = 9.76e-04, rmse_f = 3.26e-02
[2026-04-18 03:10:36,544] DEEPMD INFO    batch   76000: total wall time = 24.43 s, eta = 0:09:46
[2026-04-18 03:11:00,237] DEEPMD INFO    batch   77000: trn: rmse = 3.50e-02, rmse_e = 8.42e-04, rmse_f = 2.89e-02, lr = 4.56e-07
[2026-04-18 03:11:00,237] DEEPMD INFO    batch   77000: val: rmse = 3.31e-02, rmse_e = 5.22e-04, rmse_f = 2.74e-02
[2026-04-18 03:11:00,237] DEEPMD INFO    batch   77000: total wall time = 23.69 s, eta = 0:09:04
[2026-04-18 03:11:25,230] DEEPMD INFO    batch   78000: trn: rmse = 2.44e-02, rmse_e = 5.69e-04, rmse_f = 2.02e-02, lr = 4.56e-07
[2026-04-18 03:11:25,231] DEEPMD INFO    batch   78000: val: rmse = 3.35e-02, rmse_e = 7.42e-04, rmse_f = 2.77e-02
[2026-04-18 03:11:25,231] DEEPMD INFO    batch   78000: total wall time = 24.99 s, eta = 0:09:09
[2026-04-18 03:11:49,667] DEEPMD INFO    batch   79000: trn: rmse = 2.84e-02, rmse_e = 3.27e-04, rmse_f = 2.36e-02, lr = 4.56e-07
[2026-04-18 03:11:49,668] DEEPMD INFO    batch   79000: val: rmse = 4.20e-02, rmse_e = 7.63e-04, rmse_f = 3.47e-02
[2026-04-18 03:11:49,668] DEEPMD INFO    batch   79000: total wall time = 24.44 s, eta = 0:08:33
[2026-04-18 03:12:14,602] DEEPMD INFO    batch   80000: trn: rmse = 3.28e-02, rmse_e = 6.79e-04, rmse_f = 2.71e-02, lr = 4.56e-07
[2026-04-18 03:12:14,602] DEEPMD INFO    batch   80000: val: rmse = 3.44e-02, rmse_e = 9.87e-04, rmse_f = 2.84e-02
[2026-04-18 03:12:14,603] DEEPMD INFO    batch   80000: total wall time = 24.93 s, eta = 0:08:18
[2026-04-18 03:12:14,629] DEEPMD INFO    Saved model to model.ckpt-80000.pt
[2026-04-18 03:12:38,621] DEEPMD INFO    batch   81000: trn: rmse = 2.24e-02, rmse_e = 4.41e-04, rmse_f = 1.98e-02, lr = 2.73e-07
[2026-04-18 03:12:38,621] DEEPMD INFO    batch   81000: val: rmse = 3.37e-02, rmse_e = 7.27e-04, rmse_f = 2.98e-02
[2026-04-18 03:12:38,621] DEEPMD INFO    batch   81000: total wall time = 24.02 s, eta = 0:07:36
[2026-04-18 03:13:03,484] DEEPMD INFO    batch   82000: trn: rmse = 2.33e-02, rmse_e = 6.63e-04, rmse_f = 2.06e-02, lr = 2.73e-07
[2026-04-18 03:13:03,484] DEEPMD INFO    batch   82000: val: rmse = 2.73e-02, rmse_e = 3.18e-04, rmse_f = 2.42e-02
[2026-04-18 03:13:03,485] DEEPMD INFO    batch   82000: total wall time = 24.86 s, eta = 0:07:27
[2026-04-18 03:13:28,184] DEEPMD INFO    batch   83000: trn: rmse = 2.65e-02, rmse_e = 5.51e-04, rmse_f = 2.34e-02, lr = 2.73e-07
[2026-04-18 03:13:28,184] DEEPMD INFO    batch   83000: val: rmse = 4.15e-02, rmse_e = 5.50e-04, rmse_f = 3.68e-02
[2026-04-18 03:13:28,184] DEEPMD INFO    batch   83000: total wall time = 24.70 s, eta = 0:06:59
[2026-04-18 03:13:52,353] DEEPMD INFO    batch   84000: trn: rmse = 2.29e-02, rmse_e = 4.31e-04, rmse_f = 2.02e-02, lr = 2.73e-07
[2026-04-18 03:13:52,354] DEEPMD INFO    batch   84000: val: rmse = 4.11e-02, rmse_e = 6.97e-04, rmse_f = 3.64e-02
[2026-04-18 03:13:52,354] DEEPMD INFO    batch   84000: total wall time = 24.17 s, eta = 0:06:26
[2026-04-18 03:14:16,970] DEEPMD INFO    batch   85000: trn: rmse = 3.42e-02, rmse_e = 4.77e-04, rmse_f = 3.03e-02, lr = 2.73e-07
[2026-04-18 03:14:16,971] DEEPMD INFO    batch   85000: val: rmse = 4.22e-02, rmse_e = 4.46e-04, rmse_f = 3.74e-02
[2026-04-18 03:14:16,971] DEEPMD INFO    batch   85000: total wall time = 24.62 s, eta = 0:06:09
[2026-04-18 03:14:41,448] DEEPMD INFO    batch   86000: trn: rmse = 2.38e-02, rmse_e = 3.22e-04, rmse_f = 2.21e-02, lr = 1.63e-07
[2026-04-18 03:14:41,448] DEEPMD INFO    batch   86000: val: rmse = 3.52e-02, rmse_e = 4.43e-04, rmse_f = 3.26e-02
[2026-04-18 03:14:41,449] DEEPMD INFO    batch   86000: total wall time = 24.48 s, eta = 0:05:42
[2026-04-18 03:15:06,000] DEEPMD INFO    batch   87000: trn: rmse = 2.57e-02, rmse_e = 5.29e-04, rmse_f = 2.38e-02, lr = 1.63e-07
[2026-04-18 03:15:06,000] DEEPMD INFO    batch   87000: val: rmse = 3.33e-02, rmse_e = 2.30e-04, rmse_f = 3.09e-02
[2026-04-18 03:15:06,000] DEEPMD INFO    batch   87000: total wall time = 24.55 s, eta = 0:05:19
[2026-04-18 03:15:30,813] DEEPMD INFO    batch   88000: trn: rmse = 2.76e-02, rmse_e = 4.38e-04, rmse_f = 2.56e-02, lr = 1.63e-07
[2026-04-18 03:15:30,813] DEEPMD INFO    batch   88000: val: rmse = 3.83e-02, rmse_e = 6.58e-04, rmse_f = 3.54e-02
[2026-04-18 03:15:30,814] DEEPMD INFO    batch   88000: total wall time = 24.81 s, eta = 0:04:57
[2026-04-18 03:15:55,355] DEEPMD INFO    batch   89000: trn: rmse = 2.56e-02, rmse_e = 6.10e-04, rmse_f = 2.37e-02, lr = 1.63e-07
[2026-04-18 03:15:55,355] DEEPMD INFO    batch   89000: val: rmse = 3.30e-02, rmse_e = 9.07e-04, rmse_f = 3.05e-02
[2026-04-18 03:15:55,356] DEEPMD INFO    batch   89000: total wall time = 24.54 s, eta = 0:04:29
[2026-04-18 03:16:19,861] DEEPMD INFO    batch   90000: trn: rmse = 1.57e-02, rmse_e = 2.96e-04, rmse_f = 1.45e-02, lr = 1.63e-07
[2026-04-18 03:16:19,862] DEEPMD INFO    batch   90000: val: rmse = 3.62e-02, rmse_e = 3.35e-04, rmse_f = 3.36e-02
[2026-04-18 03:16:19,862] DEEPMD INFO    batch   90000: total wall time = 24.51 s, eta = 0:04:05
[2026-04-18 03:16:19,889] DEEPMD INFO    Saved model to model.ckpt-90000.pt
[2026-04-18 03:16:44,137] DEEPMD INFO    batch   91000: trn: rmse = 2.49e-02, rmse_e = 5.05e-04, rmse_f = 2.37e-02, lr = 9.79e-08
[2026-04-18 03:16:44,137] DEEPMD INFO    batch   91000: val: rmse = 2.44e-02, rmse_e = 1.85e-04, rmse_f = 2.32e-02
[2026-04-18 03:16:44,138] DEEPMD INFO    batch   91000: total wall time = 24.28 s, eta = 0:03:38
[2026-04-18 03:17:08,704] DEEPMD INFO    batch   92000: trn: rmse = 2.39e-02, rmse_e = 4.95e-04, rmse_f = 2.28e-02, lr = 9.79e-08
[2026-04-18 03:17:08,705] DEEPMD INFO    batch   92000: val: rmse = 2.72e-02, rmse_e = 4.08e-04, rmse_f = 2.59e-02
[2026-04-18 03:17:08,705] DEEPMD INFO    batch   92000: total wall time = 24.57 s, eta = 0:03:16
[2026-04-18 03:17:33,695] DEEPMD INFO    batch   93000: trn: rmse = 2.36e-02, rmse_e = 6.90e-04, rmse_f = 2.24e-02, lr = 9.79e-08
[2026-04-18 03:17:33,695] DEEPMD INFO    batch   93000: val: rmse = 2.60e-02, rmse_e = 5.80e-04, rmse_f = 2.48e-02
[2026-04-18 03:17:33,696] DEEPMD INFO    batch   93000: total wall time = 24.99 s, eta = 0:02:54
[2026-04-18 03:17:58,080] DEEPMD INFO    batch   94000: trn: rmse = 2.31e-02, rmse_e = 4.33e-04, rmse_f = 2.20e-02, lr = 9.79e-08
[2026-04-18 03:17:58,080] DEEPMD INFO    batch   94000: val: rmse = 1.94e-02, rmse_e = 1.71e-04, rmse_f = 1.85e-02
[2026-04-18 03:17:58,081] DEEPMD INFO    batch   94000: total wall time = 24.38 s, eta = 0:02:26
[2026-04-18 03:18:22,477] DEEPMD INFO    batch   95000: trn: rmse = 3.25e-02, rmse_e = 4.00e-04, rmse_f = 3.10e-02, lr = 9.79e-08
[2026-04-18 03:18:22,477] DEEPMD INFO    batch   95000: val: rmse = 3.01e-02, rmse_e = 4.70e-04, rmse_f = 2.87e-02
[2026-04-18 03:18:22,477] DEEPMD INFO    batch   95000: total wall time = 24.40 s, eta = 0:02:01
[2026-04-18 03:18:47,056] DEEPMD INFO    batch   96000: trn: rmse = 2.90e-02, rmse_e = 6.57e-04, rmse_f = 2.81e-02, lr = 5.86e-08
[2026-04-18 03:18:47,056] DEEPMD INFO    batch   96000: val: rmse = 2.65e-02, rmse_e = 5.77e-04, rmse_f = 2.57e-02
[2026-04-18 03:18:47,057] DEEPMD INFO    batch   96000: total wall time = 24.58 s, eta = 0:01:38
[2026-04-18 03:19:12,340] DEEPMD INFO    batch   97000: trn: rmse = 2.70e-02, rmse_e = 6.42e-04, rmse_f = 2.62e-02, lr = 5.86e-08
[2026-04-18 03:19:12,340] DEEPMD INFO    batch   97000: val: rmse = 2.93e-02, rmse_e = 6.55e-04, rmse_f = 2.84e-02
[2026-04-18 03:19:12,341] DEEPMD INFO    batch   97000: total wall time = 25.28 s, eta = 0:01:15
[2026-04-18 03:19:37,015] DEEPMD INFO    batch   98000: trn: rmse = 2.34e-02, rmse_e = 5.36e-04, rmse_f = 2.27e-02, lr = 5.86e-08
[2026-04-18 03:19:37,016] DEEPMD INFO    batch   98000: val: rmse = 3.14e-02, rmse_e = 7.25e-04, rmse_f = 3.04e-02
[2026-04-18 03:19:37,016] DEEPMD INFO    batch   98000: total wall time = 24.68 s, eta = 0:00:49
[2026-04-18 03:20:01,023] DEEPMD INFO    batch   99000: trn: rmse = 2.00e-02, rmse_e = 4.31e-04, rmse_f = 1.94e-02, lr = 5.86e-08
[2026-04-18 03:20:01,024] DEEPMD INFO    batch   99000: val: rmse = 3.41e-02, rmse_e = 7.62e-04, rmse_f = 3.31e-02
[2026-04-18 03:20:01,024] DEEPMD INFO    batch   99000: total wall time = 24.01 s, eta = 0:00:24
[2026-04-18 03:20:25,714] DEEPMD INFO    batch  100000: trn: rmse = 2.62e-02, rmse_e = 4.18e-04, rmse_f = 2.54e-02, lr = 5.86e-08
[2026-04-18 03:20:25,715] DEEPMD INFO    batch  100000: val: rmse = 2.35e-02, rmse_e = 3.39e-04, rmse_f = 2.28e-02
[2026-04-18 03:20:25,715] DEEPMD INFO    batch  100000: total wall time = 24.69 s, eta = 0:00:00
[2026-04-18 03:20:25,744] DEEPMD INFO    Saved model to model.ckpt-100000.pt
[2026-04-18 03:20:25,746] DEEPMD INFO    average training time: 0.0245 s/batch (1000 batches excluded)
[2026-04-18 03:20:25,746] DEEPMD INFO    Trained model has been saved to: model.ckpt
2026-04-18 03:20:26,515 - sparc.src.deepmd - INFO - Training completed successfully
2026-04-18 03:20:26,515 - INFO - Training completed successfully
[SPARC][INFO] Freezing model: dp --pt freeze -o frozen_model_2.pth
To get the best performance, it is recommended to adjust the number of threads by setting the environment variables OMP_NUM_THREADS, DP_INTRA_OP_PARALLELISM_THREADS, and DP_INTER_OP_PARALLELISM_THREADS. See https://deepmd.rtfd.io/parallelism/ for more information.
/home/rverma7/anaconda3/envs/sparcGNN/lib/python3.10/site-packages/e3nn/o3/_wigner.py:10: UserWarning: Environment variable TORCH_FORCE_NO_WEIGHTS_ONLY_LOAD detected, since the`weights_only` argument was not explicitly passed to `torch.load`, forcing weights_only=False.
  _Jd, _W3j_flat, _W3j_indices = torch.load(os.path.join(os.path.dirname(__file__), 'constants.pt'))
/home/rverma7/anaconda3/envs/sparcGNN/lib/python3.10/site-packages/nequip/__init__.py:20: UserWarning: !! PyTorch version 2.6.0 found. Upstream issues in PyTorch versions 1.13.* and 2.* have been seen to cause unusual performance degredations on some CUDA systems that become worse over time; see https://github.com/mir-group/nequip/discussions/311. The best tested PyTorch version to use with CUDA devices is 1.11; while using other versions if you observe this problem, an unexpected lack of this problem, or other strange behavior, please post in the linked GitHub issue.
  warnings.warn(
[2026-04-18 03:20:29,102] DEEPMD INFO    DeePMD version: 3.1.1
[2026-04-18 03:20:29,770] DEEPMD INFO    Saved frozen model to frozen_model_2.pth
2026-04-18 03:20:30,422 - sparc.src.deepmd - INFO - Model frozen successfully
2026-04-18 03:20:30,422 - INFO - Model frozen successfully
[SPARC][INFO] ================================================================================
[SPARC][INFO] DeepMD Model Evaluation Results
[SPARC][INFO] --------------------------------------------------------------------------------
[SPARC][INFO] [2026-04-18 03:20:31,856] DEEPMD WARNING To get the best performance, it is recommended to adjust the number of threads by setting the environment variables OMP_NUM_THREADS, DP_INTRA_OP_PARALLELISM_THREADS, and DP_INTER_OP_PARALLELISM_THREADS. See https://deepmd.rtfd.io/parallelism/ for more information.
/home/rverma7/anaconda3/envs/sparcGNN/lib/python3.10/site-packages/e3nn/o3/_wigner.py:10: UserWarning: Environment variable TORCH_FORCE_NO_WEIGHTS_ONLY_LOAD detected, since the`weights_only` argument was not explicitly passed to `torch.load`, forcing weights_only=False.
  _Jd, _W3j_flat, _W3j_indices = torch.load(os.path.join(os.path.dirname(__file__), 'constants.pt'))
/home/rverma7/anaconda3/envs/sparcGNN/lib/python3.10/site-packages/nequip/__init__.py:20: UserWarning: !! PyTorch version 2.6.0 found. Upstream issues in PyTorch versions 1.13.* and 2.* have been seen to cause unusual performance degredations on some CUDA systems that become worse over time; see https://github.com/mir-group/nequip/discussions/311. The best tested PyTorch version to use with CUDA devices is 1.11; while using other versions if you observe this problem, an unexpected lack of this problem, or other strange behavior, please post in the linked GitHub issue.
  warnings.warn(
[2026-04-18 03:20:33,618] DEEPMD INFO    # ---------------output of dp test--------------- 
[2026-04-18 03:20:33,618] DEEPMD INFO    # testing system : /home/rverma7/My_Program/0.3_sparc/examples/CP2K/workflow/DeePMD_training/00.data/validation_data
[2026-04-18 03:20:34,592] DEEPMD INFO    # number of test data : 52 
[2026-04-18 03:20:34,592] DEEPMD INFO    Energy MAE         : 3.923338e-03 eV
[2026-04-18 03:20:34,592] DEEPMD INFO    Energy RMSE        : 5.100495e-03 eV
[2026-04-18 03:20:34,592] DEEPMD INFO    Energy MAE/Natoms  : 4.904172e-04 eV
[2026-04-18 03:20:34,592] DEEPMD INFO    Energy RMSE/Natoms : 6.375619e-04 eV
[2026-04-18 03:20:34,592] DEEPMD INFO    Force  MAE         : 2.201985e-02 eV/Å
[2026-04-18 03:20:34,592] DEEPMD INFO    Force  RMSE        : 2.946113e-02 eV/Å
[2026-04-18 03:20:34,592] DEEPMD INFO    # ----------------------------------------------- 
[2026-04-18 03:20:34,593] DEEPMD INFO    # ----------weighted average of errors----------- 
[2026-04-18 03:20:34,593] DEEPMD INFO    # number of systems : 1
[2026-04-18 03:20:34,593] DEEPMD INFO    Energy MAE         : 3.923338e-03 eV
[2026-04-18 03:20:34,593] DEEPMD INFO    Energy RMSE        : 5.100495e-03 eV
[2026-04-18 03:20:34,593] DEEPMD INFO    Energy MAE/Natoms  : 4.904172e-04 eV
[2026-04-18 03:20:34,593] DEEPMD INFO    Energy RMSE/Natoms : 6.375619e-04 eV
[2026-04-18 03:20:34,593] DEEPMD INFO    Force  MAE         : 2.201985e-02 eV/Å
[2026-04-18 03:20:34,593] DEEPMD INFO    Force  RMSE        : 2.946113e-02 eV/Å
[2026-04-18 03:20:34,593] DEEPMD INFO    # -----------------------------------------------
[SPARC][INFO] ================================================================================
[SPARC][INFO] ================================================================================
[SPARC][INFO]  Training Model 3/3
[SPARC][INFO]  Directory: iter_000003/01.train/training_3
[SPARC][INFO] ================================================================================
2026-04-18 03:20:35,417 - sparc.src.deepmd - INFO - Training directory: iter_000003/01.train/training_3
2026-04-18 03:20:35,417 - INFO - Training directory: iter_000003/01.train/training_3
[SPARC][INFO]  Training Model 3/3
[SPARC][INFO] Directory                      iter_000003/01.train/training_3
[SPARC][INFO] Running command: dp --pt train input.json
To get the best performance, it is recommended to adjust the number of threads by setting the environment variables OMP_NUM_THREADS, DP_INTRA_OP_PARALLELISM_THREADS, and DP_INTER_OP_PARALLELISM_THREADS. See https://deepmd.rtfd.io/parallelism/ for more information.
/home/rverma7/anaconda3/envs/sparcGNN/lib/python3.10/site-packages/e3nn/o3/_wigner.py:10: UserWarning: Environment variable TORCH_FORCE_NO_WEIGHTS_ONLY_LOAD detected, since the`weights_only` argument was not explicitly passed to `torch.load`, forcing weights_only=False.
  _Jd, _W3j_flat, _W3j_indices = torch.load(os.path.join(os.path.dirname(__file__), 'constants.pt'))
/home/rverma7/anaconda3/envs/sparcGNN/lib/python3.10/site-packages/nequip/__init__.py:20: UserWarning: !! PyTorch version 2.6.0 found. Upstream issues in PyTorch versions 1.13.* and 2.* have been seen to cause unusual performance degredations on some CUDA systems that become worse over time; see https://github.com/mir-group/nequip/discussions/311. The best tested PyTorch version to use with CUDA devices is 1.11; while using other versions if you observe this problem, an unexpected lack of this problem, or other strange behavior, please post in the linked GitHub issue.
  warnings.warn(
[2026-04-18 03:20:37,951] DEEPMD INFO    DeePMD version: 3.1.1
[2026-04-18 03:20:37,952] DEEPMD INFO    Configuration path: input.json
[2026-04-18 03:20:37,969] DEEPMD INFO     _____               _____   __  __  _____           _     _  _   
[2026-04-18 03:20:37,969] DEEPMD INFO    |  __ \             |  __ \ |  \/  ||  __ \         | |   (_)| |  
[2026-04-18 03:20:37,969] DEEPMD INFO    | |  | |  ___   ___ | |__) || \  / || |  | | ______ | | __ _ | |_ 
[2026-04-18 03:20:37,969] DEEPMD INFO    | |  | | / _ \ / _ \|  ___/ | |\/| || |  | ||______|| |/ /| || __|
[2026-04-18 03:20:37,969] DEEPMD INFO    | |__| ||  __/|  __/| |     | |  | || |__| |        |   < | || |_ 
[2026-04-18 03:20:37,969] DEEPMD INFO    |_____/  \___| \___||_|     |_|  |_||_____/         |_|\_\|_| \__|
[2026-04-18 03:20:37,969] DEEPMD INFO    Please read and cite:
[2026-04-18 03:20:37,969] DEEPMD INFO    Wang, Zhang, Han and E, Comput.Phys.Comm. 228, 178-184 (2018)
[2026-04-18 03:20:37,969] DEEPMD INFO    Zeng et al, J. Chem. Phys., 159, 054801 (2023)
[2026-04-18 03:20:37,969] DEEPMD INFO    Zeng et al, J. Chem. Theory Comput., 21, 4375-4385 (2025)
[2026-04-18 03:20:37,969] DEEPMD INFO    See https://deepmd.rtfd.io/credits/ for details.
[2026-04-18 03:20:37,969] DEEPMD INFO    ------------------------------------------------------------------------------------------------------------------------------
[2026-04-18 03:20:37,969] DEEPMD INFO    installed to:          /home/rverma7/anaconda3/envs/sparcGNN/lib/python3.10/site-packages/deepmd
[2026-04-18 03:20:37,969] DEEPMD INFO    source:                
[2026-04-18 03:20:37,969] DEEPMD INFO    source branch:         HEAD
[2026-04-18 03:20:37,969] DEEPMD INFO    source commit:         9b566bf
[2026-04-18 03:20:37,969] DEEPMD INFO    source commit at:      2025-10-01 20:34:25 +0200
[2026-04-18 03:20:37,969] DEEPMD INFO    use float prec:        double
[2026-04-18 03:20:37,969] DEEPMD INFO    build variant:         cuda
[2026-04-18 03:20:37,969] DEEPMD INFO    Backend:               PyTorch
[2026-04-18 03:20:37,969] DEEPMD INFO    PT ver:                v2.6.0-gUnknown
[2026-04-18 03:20:37,969] DEEPMD INFO    Enable custom OP:      True
[2026-04-18 03:20:37,969] DEEPMD INFO    build with PT ver:     2.6.0
[2026-04-18 03:20:37,969] DEEPMD INFO    build with PT inc:     /home/rverma7/anaconda3/envs/sparcGNN/lib/python3.10/site-packages/torch/include
[2026-04-18 03:20:37,969] DEEPMD INFO                           /home/rverma7/anaconda3/envs/sparcGNN/lib/python3.10/site-packages/torch/include/torch/csrc/api/include
[2026-04-18 03:20:37,969] DEEPMD INFO    build with PT lib:     /home/rverma7/anaconda3/envs/sparcGNN/lib/python3.10/site-packages/torch/lib
[2026-04-18 03:20:37,969] DEEPMD INFO    running on:            cbe-dt-319.che.ncsu.edu
[2026-04-18 03:20:37,969] DEEPMD INFO    computing device:      cuda:0
[2026-04-18 03:20:37,969] DEEPMD INFO    CUDA_VISIBLE_DEVICES:  unset
[2026-04-18 03:20:37,970] DEEPMD INFO    Count of visible GPUs: 2
[2026-04-18 03:20:37,970] DEEPMD INFO    num_intra_threads:     0
[2026-04-18 03:20:37,970] DEEPMD INFO    num_inter_threads:     0
[2026-04-18 03:20:37,970] DEEPMD INFO    ------------------------------------------------------------------------------------------------------------------------------
[2026-04-18 03:20:38,005] DEEPMD INFO    Calculate neighbor statistics... (add --skip-neighbor-stat to skip this step)
[2026-04-18 03:20:38,296] DEEPMD INFO    Adjust batch size from 1024 to 2048
[2026-04-18 03:20:38,339] DEEPMD INFO    Neighbor statistics: training data with minimal neighbor distance: 0.956954
[2026-04-18 03:20:38,340] DEEPMD INFO    Neighbor statistics: training data with maximum neighbor size: [1 6 1] (cutoff radius: 6.000000)
[2026-04-18 03:20:38,341] DEEPMD INFO    Constructing DataLoaders from 1 systems
[2026-04-18 03:20:38,348] DEEPMD INFO    Constructing DataLoaders from 1 systems
[2026-04-18 03:20:38,389] DEEPMD INFO    Packing data for statistics from 1 systems
[2026-04-18 03:20:38,602] DEEPMD INFO    RMSE of energy per atom after linear regression is: 0.016154489006321677 in the unit of energy.
[2026-04-18 03:20:38,604] DEEPMD INFO    ---Summary of DataSystem: training     -----------------------------------------------
[2026-04-18 03:20:38,604] DEEPMD INFO    found 1 system(s):
[2026-04-18 03:20:38,604] DEEPMD INFO                                        system  natoms  bch_sz   n_bch       prob  pbc
[2026-04-18 03:20:38,604] DEEPMD INFO    -- w/DeePMD_training/00.data/training_data       8       4      52  1.000e+00    T
[2026-04-18 03:20:38,604] DEEPMD INFO    --------------------------------------------------------------------------------------
[2026-04-18 03:20:38,604] DEEPMD INFO    ---Summary of DataSystem: validation   -----------------------------------------------
[2026-04-18 03:20:38,605] DEEPMD INFO    found 1 system(s):
[2026-04-18 03:20:38,605] DEEPMD INFO                                        system  natoms  bch_sz   n_bch       prob  pbc
[2026-04-18 03:20:38,605] DEEPMD INFO    -- DeePMD_training/00.data/validation_data       8       4      13  1.000e+00    T
[2026-04-18 03:20:38,605] DEEPMD INFO    --------------------------------------------------------------------------------------
[2026-04-18 03:20:38,605] DEEPMD INFO    Start to train 100000 steps.
[2026-04-18 03:20:39,273] DEEPMD INFO    batch       1: trn: rmse = 3.45e+01, rmse_e = 7.60e-01, rmse_f = 1.09e+00, lr = 1.00e-03
[2026-04-18 03:20:39,273] DEEPMD INFO    batch       1: val: rmse = 6.59e+01, rmse_e = 2.70e-01, rmse_f = 2.08e+00
[2026-04-18 03:20:39,274] DEEPMD INFO    batch       1: total wall time = 0.67 s, eta = 18:33:09
[2026-04-18 03:21:03,874] DEEPMD INFO    batch    1000: trn: rmse = 8.44e+00, rmse_e = 3.92e-01, rmse_f = 2.67e-01, lr = 1.00e-03
[2026-04-18 03:21:03,874] DEEPMD INFO    batch    1000: val: rmse = 6.75e+00, rmse_e = 4.68e-01, rmse_f = 2.13e-01
[2026-04-18 03:21:03,874] DEEPMD INFO    batch    1000: total wall time = 24.60 s, eta = 0:40:35
[2026-04-18 03:21:27,841] DEEPMD INFO    batch    2000: trn: rmse = 5.77e+00, rmse_e = 6.39e-02, rmse_f = 1.82e-01, lr = 1.00e-03
[2026-04-18 03:21:27,841] DEEPMD INFO    batch    2000: val: rmse = 4.17e+00, rmse_e = 2.83e-02, rmse_f = 1.32e-01
[2026-04-18 03:21:27,841] DEEPMD INFO    batch    2000: total wall time = 23.97 s, eta = 0:39:08
[2026-04-18 03:21:50,678] DEEPMD INFO    batch    3000: trn: rmse = 4.00e+00, rmse_e = 3.33e-02, rmse_f = 1.27e-01, lr = 1.00e-03
[2026-04-18 03:21:50,678] DEEPMD INFO    batch    3000: val: rmse = 4.19e+00, rmse_e = 2.24e-02, rmse_f = 1.33e-01
[2026-04-18 03:21:50,679] DEEPMD INFO    batch    3000: total wall time = 22.84 s, eta = 0:36:55
[2026-04-18 03:22:14,909] DEEPMD INFO    batch    4000: trn: rmse = 2.57e+00, rmse_e = 5.18e-02, rmse_f = 8.12e-02, lr = 1.00e-03
[2026-04-18 03:22:14,909] DEEPMD INFO    batch    4000: val: rmse = 3.06e+00, rmse_e = 4.31e-02, rmse_f = 9.67e-02
[2026-04-18 03:22:14,910] DEEPMD INFO    batch    4000: total wall time = 24.23 s, eta = 0:38:46
[2026-04-18 03:22:39,367] DEEPMD INFO    batch    5000: trn: rmse = 2.50e+00, rmse_e = 2.69e-02, rmse_f = 7.91e-02, lr = 1.00e-03
[2026-04-18 03:22:39,367] DEEPMD INFO    batch    5000: val: rmse = 2.92e+00, rmse_e = 3.79e-02, rmse_f = 9.22e-02
[2026-04-18 03:22:39,367] DEEPMD INFO    batch    5000: total wall time = 24.46 s, eta = 0:38:43
[2026-04-18 03:23:02,790] DEEPMD INFO    batch    6000: trn: rmse = 1.50e+00, rmse_e = 9.62e-03, rmse_f = 6.12e-02, lr = 5.99e-04
[2026-04-18 03:23:02,790] DEEPMD INFO    batch    6000: val: rmse = 1.73e+00, rmse_e = 9.00e-03, rmse_f = 7.05e-02
[2026-04-18 03:23:02,791] DEEPMD INFO    batch    6000: total wall time = 23.42 s, eta = 0:36:41
[2026-04-18 03:23:27,442] DEEPMD INFO    batch    7000: trn: rmse = 1.29e+00, rmse_e = 2.45e-02, rmse_f = 5.27e-02, lr = 5.99e-04
[2026-04-18 03:23:27,442] DEEPMD INFO    batch    7000: val: rmse = 1.70e+00, rmse_e = 2.46e-02, rmse_f = 6.95e-02
[2026-04-18 03:23:27,443] DEEPMD INFO    batch    7000: total wall time = 24.65 s, eta = 0:38:12
[2026-04-18 03:23:51,973] DEEPMD INFO    batch    8000: trn: rmse = 1.58e+00, rmse_e = 1.16e-02, rmse_f = 6.47e-02, lr = 5.99e-04
[2026-04-18 03:23:51,973] DEEPMD INFO    batch    8000: val: rmse = 1.42e+00, rmse_e = 1.63e-02, rmse_f = 5.80e-02
[2026-04-18 03:23:51,973] DEEPMD INFO    batch    8000: total wall time = 24.53 s, eta = 0:37:36
[2026-04-18 03:24:17,037] DEEPMD INFO    batch    9000: trn: rmse = 1.25e+00, rmse_e = 3.67e-03, rmse_f = 5.12e-02, lr = 5.99e-04
[2026-04-18 03:24:17,037] DEEPMD INFO    batch    9000: val: rmse = 1.60e+00, rmse_e = 6.57e-03, rmse_f = 6.54e-02
[2026-04-18 03:24:17,037] DEEPMD INFO    batch    9000: total wall time = 25.06 s, eta = 0:38:00
[2026-04-18 03:24:41,736] DEEPMD INFO    batch   10000: trn: rmse = 1.29e+00, rmse_e = 3.92e-03, rmse_f = 5.28e-02, lr = 5.99e-04
[2026-04-18 03:24:41,736] DEEPMD INFO    batch   10000: val: rmse = 1.46e+00, rmse_e = 3.74e-03, rmse_f = 5.95e-02
[2026-04-18 03:24:41,736] DEEPMD INFO    batch   10000: total wall time = 24.70 s, eta = 0:37:02
[2026-04-18 03:24:41,763] DEEPMD INFO    Saved model to model.ckpt-10000.pt
[2026-04-18 03:25:05,905] DEEPMD INFO    batch   11000: trn: rmse = 8.91e-01, rmse_e = 3.43e-03, rmse_f = 4.70e-02, lr = 3.59e-04
[2026-04-18 03:25:05,906] DEEPMD INFO    batch   11000: val: rmse = 9.40e-01, rmse_e = 3.07e-03, rmse_f = 4.96e-02
[2026-04-18 03:25:05,906] DEEPMD INFO    batch   11000: total wall time = 24.17 s, eta = 0:35:51
[2026-04-18 03:25:30,880] DEEPMD INFO    batch   12000: trn: rmse = 9.28e-01, rmse_e = 6.41e-03, rmse_f = 4.90e-02, lr = 3.59e-04
[2026-04-18 03:25:30,880] DEEPMD INFO    batch   12000: val: rmse = 9.58e-01, rmse_e = 4.96e-03, rmse_f = 5.06e-02
[2026-04-18 03:25:30,880] DEEPMD INFO    batch   12000: total wall time = 24.97 s, eta = 0:36:37
[2026-04-18 03:25:55,606] DEEPMD INFO    batch   13000: trn: rmse = 9.03e-01, rmse_e = 1.06e-02, rmse_f = 4.76e-02, lr = 3.59e-04
[2026-04-18 03:25:55,607] DEEPMD INFO    batch   13000: val: rmse = 8.74e-01, rmse_e = 9.30e-03, rmse_f = 4.61e-02
[2026-04-18 03:25:55,607] DEEPMD INFO    batch   13000: total wall time = 24.73 s, eta = 0:35:51
[2026-04-18 03:26:19,675] DEEPMD INFO    batch   14000: trn: rmse = 7.25e-01, rmse_e = 1.22e-02, rmse_f = 3.82e-02, lr = 3.59e-04
[2026-04-18 03:26:19,676] DEEPMD INFO    batch   14000: val: rmse = 9.55e-01, rmse_e = 8.68e-03, rmse_f = 5.04e-02
[2026-04-18 03:26:19,676] DEEPMD INFO    batch   14000: total wall time = 24.07 s, eta = 0:34:29
[2026-04-18 03:26:44,036] DEEPMD INFO    batch   15000: trn: rmse = 7.40e-01, rmse_e = 8.79e-03, rmse_f = 3.90e-02, lr = 3.59e-04
[2026-04-18 03:26:44,037] DEEPMD INFO    batch   15000: val: rmse = 9.41e-01, rmse_e = 6.32e-03, rmse_f = 4.97e-02
[2026-04-18 03:26:44,037] DEEPMD INFO    batch   15000: total wall time = 24.36 s, eta = 0:34:30
[2026-04-18 03:27:07,051] DEEPMD INFO    batch   16000: trn: rmse = 5.94e-01, rmse_e = 2.59e-03, rmse_f = 4.05e-02, lr = 2.15e-04
[2026-04-18 03:27:07,051] DEEPMD INFO    batch   16000: val: rmse = 5.42e-01, rmse_e = 1.55e-03, rmse_f = 3.69e-02
[2026-04-18 03:27:07,052] DEEPMD INFO    batch   16000: total wall time = 23.01 s, eta = 0:32:13
[2026-04-18 03:27:31,878] DEEPMD INFO    batch   17000: trn: rmse = 6.79e-01, rmse_e = 2.81e-03, rmse_f = 4.63e-02, lr = 2.15e-04
[2026-04-18 03:27:31,879] DEEPMD INFO    batch   17000: val: rmse = 8.50e-01, rmse_e = 2.18e-03, rmse_f = 5.79e-02
[2026-04-18 03:27:31,879] DEEPMD INFO    batch   17000: total wall time = 24.83 s, eta = 0:34:20
[2026-04-18 03:27:56,000] DEEPMD INFO    batch   18000: trn: rmse = 6.03e-01, rmse_e = 3.28e-03, rmse_f = 4.11e-02, lr = 2.15e-04
[2026-04-18 03:27:56,000] DEEPMD INFO    batch   18000: val: rmse = 6.49e-01, rmse_e = 9.61e-04, rmse_f = 4.42e-02
[2026-04-18 03:27:56,000] DEEPMD INFO    batch   18000: total wall time = 24.12 s, eta = 0:32:57
[2026-04-18 03:28:20,777] DEEPMD INFO    batch   19000: trn: rmse = 5.03e-01, rmse_e = 5.57e-03, rmse_f = 3.43e-02, lr = 2.15e-04
[2026-04-18 03:28:20,778] DEEPMD INFO    batch   19000: val: rmse = 6.81e-01, rmse_e = 1.02e-02, rmse_f = 4.63e-02
[2026-04-18 03:28:20,778] DEEPMD INFO    batch   19000: total wall time = 24.78 s, eta = 0:33:27
[2026-04-18 03:28:45,614] DEEPMD INFO    batch   20000: trn: rmse = 6.04e-01, rmse_e = 1.50e-02, rmse_f = 4.11e-02, lr = 2.15e-04
[2026-04-18 03:28:45,615] DEEPMD INFO    batch   20000: val: rmse = 5.57e-01, rmse_e = 1.47e-02, rmse_f = 3.79e-02
[2026-04-18 03:28:45,615] DEEPMD INFO    batch   20000: total wall time = 24.84 s, eta = 0:33:06
[2026-04-18 03:28:45,642] DEEPMD INFO    Saved model to model.ckpt-20000.pt
[2026-04-18 03:29:10,150] DEEPMD INFO    batch   21000: trn: rmse = 3.47e-01, rmse_e = 7.05e-04, rmse_f = 3.05e-02, lr = 1.29e-04
[2026-04-18 03:29:10,151] DEEPMD INFO    batch   21000: val: rmse = 5.35e-01, rmse_e = 2.13e-03, rmse_f = 4.70e-02
[2026-04-18 03:29:10,151] DEEPMD INFO    batch   21000: total wall time = 24.54 s, eta = 0:32:18
[2026-04-18 03:29:35,026] DEEPMD INFO    batch   22000: trn: rmse = 3.95e-01, rmse_e = 2.84e-03, rmse_f = 3.47e-02, lr = 1.29e-04
[2026-04-18 03:29:35,026] DEEPMD INFO    batch   22000: val: rmse = 3.78e-01, rmse_e = 2.98e-03, rmse_f = 3.32e-02
[2026-04-18 03:29:35,027] DEEPMD INFO    batch   22000: total wall time = 24.88 s, eta = 0:32:20
[2026-04-18 03:29:59,935] DEEPMD INFO    batch   23000: trn: rmse = 4.42e-01, rmse_e = 2.72e-03, rmse_f = 3.89e-02, lr = 1.29e-04
[2026-04-18 03:29:59,935] DEEPMD INFO    batch   23000: val: rmse = 3.16e-01, rmse_e = 1.72e-03, rmse_f = 2.78e-02
[2026-04-18 03:29:59,936] DEEPMD INFO    batch   23000: total wall time = 24.91 s, eta = 0:31:57
[2026-04-18 03:30:24,497] DEEPMD INFO    batch   24000: trn: rmse = 4.23e-01, rmse_e = 2.68e-03, rmse_f = 3.72e-02, lr = 1.29e-04
[2026-04-18 03:30:24,497] DEEPMD INFO    batch   24000: val: rmse = 4.41e-01, rmse_e = 4.20e-03, rmse_f = 3.87e-02
[2026-04-18 03:30:24,498] DEEPMD INFO    batch   24000: total wall time = 24.56 s, eta = 0:31:06
[2026-04-18 03:30:48,741] DEEPMD INFO    batch   25000: trn: rmse = 4.23e-01, rmse_e = 7.26e-04, rmse_f = 3.72e-02, lr = 1.29e-04
[2026-04-18 03:30:48,741] DEEPMD INFO    batch   25000: val: rmse = 3.59e-01, rmse_e = 1.18e-03, rmse_f = 3.16e-02
[2026-04-18 03:30:48,741] DEEPMD INFO    batch   25000: total wall time = 24.24 s, eta = 0:30:18
[2026-04-18 03:31:12,480] DEEPMD INFO    batch   26000: trn: rmse = 1.63e-01, rmse_e = 2.95e-03, rmse_f = 1.85e-02, lr = 7.70e-05
[2026-04-18 03:31:12,481] DEEPMD INFO    batch   26000: val: rmse = 2.29e-01, rmse_e = 2.51e-03, rmse_f = 2.60e-02
[2026-04-18 03:31:12,482] DEEPMD INFO    batch   26000: total wall time = 23.74 s, eta = 0:29:16
[2026-04-18 03:31:37,374] DEEPMD INFO    batch   27000: trn: rmse = 2.34e-01, rmse_e = 1.34e-03, rmse_f = 2.65e-02, lr = 7.70e-05
[2026-04-18 03:31:37,374] DEEPMD INFO    batch   27000: val: rmse = 3.91e-01, rmse_e = 1.25e-03, rmse_f = 4.44e-02
[2026-04-18 03:31:37,375] DEEPMD INFO    batch   27000: total wall time = 24.89 s, eta = 0:30:17
[2026-04-18 03:32:01,423] DEEPMD INFO    batch   28000: trn: rmse = 2.16e-01, rmse_e = 9.05e-04, rmse_f = 2.45e-02, lr = 7.70e-05
[2026-04-18 03:32:01,424] DEEPMD INFO    batch   28000: val: rmse = 3.03e-01, rmse_e = 1.58e-03, rmse_f = 3.43e-02
[2026-04-18 03:32:01,424] DEEPMD INFO    batch   28000: total wall time = 24.05 s, eta = 0:28:51
[2026-04-18 03:32:25,198] DEEPMD INFO    batch   29000: trn: rmse = 2.98e-01, rmse_e = 1.24e-03, rmse_f = 3.38e-02, lr = 7.70e-05
[2026-04-18 03:32:25,198] DEEPMD INFO    batch   29000: val: rmse = 3.24e-01, rmse_e = 1.73e-03, rmse_f = 3.67e-02
[2026-04-18 03:32:25,199] DEEPMD INFO    batch   29000: total wall time = 23.77 s, eta = 0:28:08
[2026-04-18 03:32:49,255] DEEPMD INFO    batch   30000: trn: rmse = 3.66e-01, rmse_e = 3.29e-03, rmse_f = 4.15e-02, lr = 7.70e-05
[2026-04-18 03:32:49,255] DEEPMD INFO    batch   30000: val: rmse = 3.03e-01, rmse_e = 3.37e-03, rmse_f = 3.43e-02
[2026-04-18 03:32:49,256] DEEPMD INFO    batch   30000: total wall time = 24.06 s, eta = 0:28:03
[2026-04-18 03:32:49,282] DEEPMD INFO    Saved model to model.ckpt-30000.pt
[2026-04-18 03:33:14,214] DEEPMD INFO    batch   31000: trn: rmse = 2.03e-01, rmse_e = 2.53e-03, rmse_f = 2.96e-02, lr = 4.61e-05
[2026-04-18 03:33:14,214] DEEPMD INFO    batch   31000: val: rmse = 2.62e-01, rmse_e = 1.70e-03, rmse_f = 3.81e-02
[2026-04-18 03:33:14,214] DEEPMD INFO    batch   31000: total wall time = 24.96 s, eta = 0:28:42
[2026-04-18 03:33:39,084] DEEPMD INFO    batch   32000: trn: rmse = 1.63e-01, rmse_e = 3.80e-03, rmse_f = 2.37e-02, lr = 4.61e-05
[2026-04-18 03:33:39,084] DEEPMD INFO    batch   32000: val: rmse = 2.85e-01, rmse_e = 1.79e-03, rmse_f = 4.15e-02
[2026-04-18 03:33:39,084] DEEPMD INFO    batch   32000: total wall time = 24.87 s, eta = 0:28:11
[2026-04-18 03:34:03,066] DEEPMD INFO    batch   33000: trn: rmse = 1.82e-01, rmse_e = 9.53e-04, rmse_f = 2.65e-02, lr = 4.61e-05
[2026-04-18 03:34:03,066] DEEPMD INFO    batch   33000: val: rmse = 1.74e-01, rmse_e = 4.05e-04, rmse_f = 2.54e-02
[2026-04-18 03:34:03,067] DEEPMD INFO    batch   33000: total wall time = 23.98 s, eta = 0:26:46
[2026-04-18 03:34:27,593] DEEPMD INFO    batch   34000: trn: rmse = 1.99e-01, rmse_e = 2.34e-03, rmse_f = 2.91e-02, lr = 4.61e-05
[2026-04-18 03:34:27,593] DEEPMD INFO    batch   34000: val: rmse = 2.22e-01, rmse_e = 4.16e-04, rmse_f = 3.24e-02
[2026-04-18 03:34:27,593] DEEPMD INFO    batch   34000: total wall time = 24.53 s, eta = 0:26:58
[2026-04-18 03:34:51,337] DEEPMD INFO    batch   35000: trn: rmse = 1.67e-01, rmse_e = 3.89e-03, rmse_f = 2.43e-02, lr = 4.61e-05
[2026-04-18 03:34:51,337] DEEPMD INFO    batch   35000: val: rmse = 1.97e-01, rmse_e = 4.08e-03, rmse_f = 2.87e-02
[2026-04-18 03:34:51,337] DEEPMD INFO    batch   35000: total wall time = 23.74 s, eta = 0:25:43
[2026-04-18 03:35:15,630] DEEPMD INFO    batch   36000: trn: rmse = 1.23e-01, rmse_e = 1.13e-03, rmse_f = 2.30e-02, lr = 2.76e-05
[2026-04-18 03:35:15,631] DEEPMD INFO    batch   36000: val: rmse = 2.06e-01, rmse_e = 8.91e-04, rmse_f = 3.86e-02
[2026-04-18 03:35:15,631] DEEPMD INFO    batch   36000: total wall time = 24.29 s, eta = 0:25:54
[2026-04-18 03:35:40,057] DEEPMD INFO    batch   37000: trn: rmse = 1.42e-01, rmse_e = 4.19e-04, rmse_f = 2.66e-02, lr = 2.76e-05
[2026-04-18 03:35:40,057] DEEPMD INFO    batch   37000: val: rmse = 1.59e-01, rmse_e = 9.30e-04, rmse_f = 2.97e-02
[2026-04-18 03:35:40,058] DEEPMD INFO    batch   37000: total wall time = 24.43 s, eta = 0:25:38
[2026-04-18 03:36:04,791] DEEPMD INFO    batch   38000: trn: rmse = 1.36e-01, rmse_e = 2.49e-03, rmse_f = 2.53e-02, lr = 2.76e-05
[2026-04-18 03:36:04,791] DEEPMD INFO    batch   38000: val: rmse = 1.62e-01, rmse_e = 3.58e-03, rmse_f = 3.02e-02
[2026-04-18 03:36:04,791] DEEPMD INFO    batch   38000: total wall time = 24.73 s, eta = 0:25:33
[2026-04-18 03:36:29,480] DEEPMD INFO    batch   39000: trn: rmse = 1.37e-01, rmse_e = 1.38e-03, rmse_f = 2.57e-02, lr = 2.76e-05
[2026-04-18 03:36:29,480] DEEPMD INFO    batch   39000: val: rmse = 2.21e-01, rmse_e = 1.86e-03, rmse_f = 4.13e-02
[2026-04-18 03:36:29,480] DEEPMD INFO    batch   39000: total wall time = 24.69 s, eta = 0:25:06
[2026-04-18 03:36:53,942] DEEPMD INFO    batch   40000: trn: rmse = 1.38e-01, rmse_e = 6.69e-04, rmse_f = 2.59e-02, lr = 2.76e-05
[2026-04-18 03:36:53,942] DEEPMD INFO    batch   40000: val: rmse = 1.88e-01, rmse_e = 1.49e-03, rmse_f = 3.52e-02
[2026-04-18 03:36:53,943] DEEPMD INFO    batch   40000: total wall time = 24.46 s, eta = 0:24:27
[2026-04-18 03:36:53,969] DEEPMD INFO    Saved model to model.ckpt-40000.pt
[2026-04-18 03:37:19,014] DEEPMD INFO    batch   41000: trn: rmse = 9.81e-02, rmse_e = 1.69e-03, rmse_f = 2.34e-02, lr = 1.65e-05
[2026-04-18 03:37:19,014] DEEPMD INFO    batch   41000: val: rmse = 1.20e-01, rmse_e = 1.04e-03, rmse_f = 2.87e-02
[2026-04-18 03:37:19,015] DEEPMD INFO    batch   41000: total wall time = 25.07 s, eta = 0:24:39
[2026-04-18 03:37:44,083] DEEPMD INFO    batch   42000: trn: rmse = 1.06e-01, rmse_e = 2.77e-03, rmse_f = 2.53e-02, lr = 1.65e-05
[2026-04-18 03:37:44,083] DEEPMD INFO    batch   42000: val: rmse = 1.57e-01, rmse_e = 2.44e-03, rmse_f = 3.75e-02
[2026-04-18 03:37:44,084] DEEPMD INFO    batch   42000: total wall time = 25.07 s, eta = 0:24:13
[2026-04-18 03:38:08,693] DEEPMD INFO    batch   43000: trn: rmse = 1.17e-01, rmse_e = 1.16e-03, rmse_f = 2.81e-02, lr = 1.65e-05
[2026-04-18 03:38:08,694] DEEPMD INFO    batch   43000: val: rmse = 1.09e-01, rmse_e = 1.55e-03, rmse_f = 2.61e-02
[2026-04-18 03:38:08,694] DEEPMD INFO    batch   43000: total wall time = 24.61 s, eta = 0:23:22
[2026-04-18 03:38:33,776] DEEPMD INFO    batch   44000: trn: rmse = 9.53e-02, rmse_e = 9.76e-04, rmse_f = 2.28e-02, lr = 1.65e-05
[2026-04-18 03:38:33,777] DEEPMD INFO    batch   44000: val: rmse = 1.20e-01, rmse_e = 1.47e-03, rmse_f = 2.87e-02
[2026-04-18 03:38:33,777] DEEPMD INFO    batch   44000: total wall time = 25.08 s, eta = 0:23:24
[2026-04-18 03:38:58,401] DEEPMD INFO    batch   45000: trn: rmse = 9.79e-02, rmse_e = 1.48e-03, rmse_f = 2.34e-02, lr = 1.65e-05
[2026-04-18 03:38:58,401] DEEPMD INFO    batch   45000: val: rmse = 1.12e-01, rmse_e = 1.15e-03, rmse_f = 2.68e-02
[2026-04-18 03:38:58,401] DEEPMD INFO    batch   45000: total wall time = 24.62 s, eta = 0:22:34
[2026-04-18 03:39:23,015] DEEPMD INFO    batch   46000: trn: rmse = 6.69e-02, rmse_e = 8.54e-04, rmse_f = 2.03e-02, lr = 9.89e-06
[2026-04-18 03:39:23,015] DEEPMD INFO    batch   46000: val: rmse = 9.01e-02, rmse_e = 7.59e-04, rmse_f = 2.73e-02
[2026-04-18 03:39:23,015] DEEPMD INFO    batch   46000: total wall time = 24.61 s, eta = 0:22:09
[2026-04-18 03:39:47,446] DEEPMD INFO    batch   47000: trn: rmse = 6.95e-02, rmse_e = 9.38e-04, rmse_f = 2.11e-02, lr = 9.89e-06
[2026-04-18 03:39:47,446] DEEPMD INFO    batch   47000: val: rmse = 7.83e-02, rmse_e = 5.05e-04, rmse_f = 2.37e-02
[2026-04-18 03:39:47,446] DEEPMD INFO    batch   47000: total wall time = 24.43 s, eta = 0:21:34
[2026-04-18 03:40:12,290] DEEPMD INFO    batch   48000: trn: rmse = 7.84e-02, rmse_e = 6.29e-04, rmse_f = 2.38e-02, lr = 9.89e-06
[2026-04-18 03:40:12,290] DEEPMD INFO    batch   48000: val: rmse = 1.30e-01, rmse_e = 9.01e-04, rmse_f = 3.93e-02
[2026-04-18 03:40:12,291] DEEPMD INFO    batch   48000: total wall time = 24.84 s, eta = 0:21:31
[2026-04-18 03:40:36,767] DEEPMD INFO    batch   49000: trn: rmse = 8.04e-02, rmse_e = 3.20e-04, rmse_f = 2.44e-02, lr = 9.89e-06
[2026-04-18 03:40:36,767] DEEPMD INFO    batch   49000: val: rmse = 7.29e-02, rmse_e = 8.58e-05, rmse_f = 2.21e-02
[2026-04-18 03:40:36,768] DEEPMD INFO    batch   49000: total wall time = 24.48 s, eta = 0:20:48
[2026-04-18 03:41:01,380] DEEPMD INFO    batch   50000: trn: rmse = 7.10e-02, rmse_e = 1.25e-03, rmse_f = 2.15e-02, lr = 9.89e-06
[2026-04-18 03:41:01,380] DEEPMD INFO    batch   50000: val: rmse = 8.21e-02, rmse_e = 9.53e-04, rmse_f = 2.49e-02
[2026-04-18 03:41:01,381] DEEPMD INFO    batch   50000: total wall time = 24.61 s, eta = 0:20:30
[2026-04-18 03:41:01,407] DEEPMD INFO    Saved model to model.ckpt-50000.pt
[2026-04-18 03:41:26,163] DEEPMD INFO    batch   51000: trn: rmse = 6.81e-02, rmse_e = 5.58e-04, rmse_f = 2.59e-02, lr = 5.92e-06
[2026-04-18 03:41:26,164] DEEPMD INFO    batch   51000: val: rmse = 7.46e-02, rmse_e = 5.28e-04, rmse_f = 2.83e-02
[2026-04-18 03:41:26,164] DEEPMD INFO    batch   51000: total wall time = 24.78 s, eta = 0:20:14
[2026-04-18 03:41:51,173] DEEPMD INFO    batch   52000: trn: rmse = 5.66e-02, rmse_e = 9.67e-04, rmse_f = 2.15e-02, lr = 5.92e-06
[2026-04-18 03:41:51,173] DEEPMD INFO    batch   52000: val: rmse = 9.13e-02, rmse_e = 5.11e-04, rmse_f = 3.47e-02
[2026-04-18 03:41:51,173] DEEPMD INFO    batch   52000: total wall time = 25.01 s, eta = 0:20:00
[2026-04-18 03:42:16,143] DEEPMD INFO    batch   53000: trn: rmse = 5.69e-02, rmse_e = 8.83e-04, rmse_f = 2.16e-02, lr = 5.92e-06
[2026-04-18 03:42:16,143] DEEPMD INFO    batch   53000: val: rmse = 7.60e-02, rmse_e = 9.84e-04, rmse_f = 2.89e-02
[2026-04-18 03:42:16,144] DEEPMD INFO    batch   53000: total wall time = 24.97 s, eta = 0:19:33
[2026-04-18 03:42:40,582] DEEPMD INFO    batch   54000: trn: rmse = 6.37e-02, rmse_e = 1.20e-03, rmse_f = 2.42e-02, lr = 5.92e-06
[2026-04-18 03:42:40,582] DEEPMD INFO    batch   54000: val: rmse = 7.19e-02, rmse_e = 1.99e-03, rmse_f = 2.72e-02
[2026-04-18 03:42:40,583] DEEPMD INFO    batch   54000: total wall time = 24.44 s, eta = 0:18:44
[2026-04-18 03:43:05,166] DEEPMD INFO    batch   55000: trn: rmse = 6.69e-02, rmse_e = 8.34e-04, rmse_f = 2.54e-02, lr = 5.92e-06
[2026-04-18 03:43:05,166] DEEPMD INFO    batch   55000: val: rmse = 7.29e-02, rmse_e = 7.79e-04, rmse_f = 2.77e-02
[2026-04-18 03:43:05,166] DEEPMD INFO    batch   55000: total wall time = 24.58 s, eta = 0:18:26
[2026-04-18 03:43:29,826] DEEPMD INFO    batch   56000: trn: rmse = 5.20e-02, rmse_e = 5.79e-04, rmse_f = 2.44e-02, lr = 3.55e-06
[2026-04-18 03:43:29,826] DEEPMD INFO    batch   56000: val: rmse = 4.61e-02, rmse_e = 3.78e-04, rmse_f = 2.16e-02
[2026-04-18 03:43:29,826] DEEPMD INFO    batch   56000: total wall time = 24.66 s, eta = 0:18:05
[2026-04-18 03:43:54,446] DEEPMD INFO    batch   57000: trn: rmse = 5.75e-02, rmse_e = 9.05e-04, rmse_f = 2.69e-02, lr = 3.55e-06
[2026-04-18 03:43:54,446] DEEPMD INFO    batch   57000: val: rmse = 4.81e-02, rmse_e = 5.71e-04, rmse_f = 2.26e-02
[2026-04-18 03:43:54,446] DEEPMD INFO    batch   57000: total wall time = 24.62 s, eta = 0:17:38
[2026-04-18 03:44:19,184] DEEPMD INFO    batch   58000: trn: rmse = 5.43e-02, rmse_e = 6.56e-04, rmse_f = 2.55e-02, lr = 3.55e-06
[2026-04-18 03:44:19,185] DEEPMD INFO    batch   58000: val: rmse = 5.71e-02, rmse_e = 6.72e-04, rmse_f = 2.68e-02
[2026-04-18 03:44:19,185] DEEPMD INFO    batch   58000: total wall time = 24.74 s, eta = 0:17:19
[2026-04-18 03:44:44,236] DEEPMD INFO    batch   59000: trn: rmse = 6.26e-02, rmse_e = 8.40e-04, rmse_f = 2.93e-02, lr = 3.55e-06
[2026-04-18 03:44:44,236] DEEPMD INFO    batch   59000: val: rmse = 7.43e-02, rmse_e = 2.95e-04, rmse_f = 3.48e-02
[2026-04-18 03:44:44,236] DEEPMD INFO    batch   59000: total wall time = 25.05 s, eta = 0:17:07
[2026-04-18 03:45:08,663] DEEPMD INFO    batch   60000: trn: rmse = 5.01e-02, rmse_e = 2.88e-04, rmse_f = 2.35e-02, lr = 3.55e-06
[2026-04-18 03:45:08,663] DEEPMD INFO    batch   60000: val: rmse = 5.16e-02, rmse_e = 5.46e-04, rmse_f = 2.42e-02
[2026-04-18 03:45:08,664] DEEPMD INFO    batch   60000: total wall time = 24.43 s, eta = 0:16:17
[2026-04-18 03:45:08,690] DEEPMD INFO    Saved model to model.ckpt-60000.pt
[2026-04-18 03:45:33,537] DEEPMD INFO    batch   61000: trn: rmse = 4.91e-02, rmse_e = 1.08e-03, rmse_f = 2.77e-02, lr = 2.12e-06
[2026-04-18 03:45:33,538] DEEPMD INFO    batch   61000: val: rmse = 4.84e-02, rmse_e = 8.74e-04, rmse_f = 2.73e-02
[2026-04-18 03:45:33,538] DEEPMD INFO    batch   61000: total wall time = 24.87 s, eta = 0:16:10
[2026-04-18 03:45:57,711] DEEPMD INFO    batch   62000: trn: rmse = 2.74e-02, rmse_e = 2.94e-04, rmse_f = 1.55e-02, lr = 2.12e-06
[2026-04-18 03:45:57,712] DEEPMD INFO    batch   62000: val: rmse = 4.10e-02, rmse_e = 5.45e-04, rmse_f = 2.32e-02
[2026-04-18 03:45:57,712] DEEPMD INFO    batch   62000: total wall time = 24.17 s, eta = 0:15:18
[2026-04-18 03:46:21,874] DEEPMD INFO    batch   63000: trn: rmse = 3.91e-02, rmse_e = 6.59e-04, rmse_f = 2.21e-02, lr = 2.12e-06
[2026-04-18 03:46:21,874] DEEPMD INFO    batch   63000: val: rmse = 4.29e-02, rmse_e = 2.29e-04, rmse_f = 2.43e-02
[2026-04-18 03:46:21,874] DEEPMD INFO    batch   63000: total wall time = 24.16 s, eta = 0:14:54
[2026-04-18 03:46:46,513] DEEPMD INFO    batch   64000: trn: rmse = 5.29e-02, rmse_e = 7.41e-04, rmse_f = 2.99e-02, lr = 2.12e-06
[2026-04-18 03:46:46,514] DEEPMD INFO    batch   64000: val: rmse = 6.43e-02, rmse_e = 5.30e-04, rmse_f = 3.64e-02
[2026-04-18 03:46:46,514] DEEPMD INFO    batch   64000: total wall time = 24.64 s, eta = 0:14:47
[2026-04-18 03:47:10,512] DEEPMD INFO    batch   65000: trn: rmse = 3.73e-02, rmse_e = 6.59e-04, rmse_f = 2.11e-02, lr = 2.12e-06
[2026-04-18 03:47:10,512] DEEPMD INFO    batch   65000: val: rmse = 3.78e-02, rmse_e = 3.49e-04, rmse_f = 2.14e-02
[2026-04-18 03:47:10,512] DEEPMD INFO    batch   65000: total wall time = 24.00 s, eta = 0:13:59
[2026-04-18 03:47:35,628] DEEPMD INFO    batch   66000: trn: rmse = 4.89e-02, rmse_e = 3.60e-04, rmse_f = 3.24e-02, lr = 1.27e-06
[2026-04-18 03:47:35,628] DEEPMD INFO    batch   66000: val: rmse = 4.09e-02, rmse_e = 3.07e-04, rmse_f = 2.71e-02
[2026-04-18 03:47:35,629] DEEPMD INFO    batch   66000: total wall time = 25.12 s, eta = 0:14:13
[2026-04-18 03:48:00,126] DEEPMD INFO    batch   67000: trn: rmse = 3.03e-02, rmse_e = 2.53e-04, rmse_f = 2.01e-02, lr = 1.27e-06
[2026-04-18 03:48:00,126] DEEPMD INFO    batch   67000: val: rmse = 3.44e-02, rmse_e = 3.51e-04, rmse_f = 2.28e-02
[2026-04-18 03:48:00,126] DEEPMD INFO    batch   67000: total wall time = 24.50 s, eta = 0:13:28
[2026-04-18 03:48:24,276] DEEPMD INFO    batch   68000: trn: rmse = 2.58e-02, rmse_e = 3.18e-04, rmse_f = 1.71e-02, lr = 1.27e-06
[2026-04-18 03:48:24,276] DEEPMD INFO    batch   68000: val: rmse = 3.34e-02, rmse_e = 6.98e-04, rmse_f = 2.21e-02
[2026-04-18 03:48:24,277] DEEPMD INFO    batch   68000: total wall time = 24.15 s, eta = 0:12:52
[2026-04-18 03:48:49,125] DEEPMD INFO    batch   69000: trn: rmse = 3.85e-02, rmse_e = 1.15e-04, rmse_f = 2.56e-02, lr = 1.27e-06
[2026-04-18 03:48:49,125] DEEPMD INFO    batch   69000: val: rmse = 5.40e-02, rmse_e = 7.12e-04, rmse_f = 3.58e-02
[2026-04-18 03:48:49,125] DEEPMD INFO    batch   69000: total wall time = 24.85 s, eta = 0:12:50
[2026-04-18 03:49:14,233] DEEPMD INFO    batch   70000: trn: rmse = 3.01e-02, rmse_e = 4.73e-04, rmse_f = 2.00e-02, lr = 1.27e-06
[2026-04-18 03:49:14,234] DEEPMD INFO    batch   70000: val: rmse = 3.62e-02, rmse_e = 7.51e-04, rmse_f = 2.40e-02
[2026-04-18 03:49:14,234] DEEPMD INFO    batch   70000: total wall time = 25.11 s, eta = 0:12:33
[2026-04-18 03:49:14,260] DEEPMD INFO    Saved model to model.ckpt-70000.pt
[2026-04-18 03:49:38,828] DEEPMD INFO    batch   71000: trn: rmse = 3.33e-02, rmse_e = 6.00e-04, rmse_f = 2.51e-02, lr = 7.62e-07
[2026-04-18 03:49:38,829] DEEPMD INFO    batch   71000: val: rmse = 3.83e-02, rmse_e = 1.02e-03, rmse_f = 2.88e-02
[2026-04-18 03:49:38,829] DEEPMD INFO    batch   71000: total wall time = 24.60 s, eta = 0:11:53
[2026-04-18 03:50:03,497] DEEPMD INFO    batch   72000: trn: rmse = 3.21e-02, rmse_e = 7.86e-04, rmse_f = 2.42e-02, lr = 7.62e-07
[2026-04-18 03:50:03,498] DEEPMD INFO    batch   72000: val: rmse = 4.07e-02, rmse_e = 5.50e-04, rmse_f = 3.06e-02
[2026-04-18 03:50:03,498] DEEPMD INFO    batch   72000: total wall time = 24.67 s, eta = 0:11:30
[2026-04-18 03:50:28,008] DEEPMD INFO    batch   73000: trn: rmse = 3.72e-02, rmse_e = 6.27e-04, rmse_f = 2.80e-02, lr = 7.62e-07
[2026-04-18 03:50:28,009] DEEPMD INFO    batch   73000: val: rmse = 3.73e-02, rmse_e = 1.92e-04, rmse_f = 2.81e-02
[2026-04-18 03:50:28,009] DEEPMD INFO    batch   73000: total wall time = 24.51 s, eta = 0:11:01
[2026-04-18 03:50:52,875] DEEPMD INFO    batch   74000: trn: rmse = 2.80e-02, rmse_e = 6.29e-04, rmse_f = 2.11e-02, lr = 7.62e-07
[2026-04-18 03:50:52,875] DEEPMD INFO    batch   74000: val: rmse = 5.32e-02, rmse_e = 7.03e-04, rmse_f = 4.01e-02
[2026-04-18 03:50:52,876] DEEPMD INFO    batch   74000: total wall time = 24.87 s, eta = 0:10:46
[2026-04-18 03:51:17,537] DEEPMD INFO    batch   75000: trn: rmse = 3.20e-02, rmse_e = 6.72e-04, rmse_f = 2.41e-02, lr = 7.62e-07
[2026-04-18 03:51:17,537] DEEPMD INFO    batch   75000: val: rmse = 3.51e-02, rmse_e = 3.59e-04, rmse_f = 2.64e-02
[2026-04-18 03:51:17,537] DEEPMD INFO    batch   75000: total wall time = 24.66 s, eta = 0:10:16
[2026-04-18 03:51:42,213] DEEPMD INFO    batch   76000: trn: rmse = 2.54e-02, rmse_e = 5.28e-04, rmse_f = 2.10e-02, lr = 4.56e-07
[2026-04-18 03:51:42,214] DEEPMD INFO    batch   76000: val: rmse = 4.07e-02, rmse_e = 6.54e-04, rmse_f = 3.37e-02
[2026-04-18 03:51:42,214] DEEPMD INFO    batch   76000: total wall time = 24.68 s, eta = 0:09:52
[2026-04-18 03:52:06,426] DEEPMD INFO    batch   77000: trn: rmse = 2.84e-02, rmse_e = 2.16e-04, rmse_f = 2.36e-02, lr = 4.56e-07
[2026-04-18 03:52:06,426] DEEPMD INFO    batch   77000: val: rmse = 3.39e-02, rmse_e = 4.29e-04, rmse_f = 2.81e-02
[2026-04-18 03:52:06,427] DEEPMD INFO    batch   77000: total wall time = 24.21 s, eta = 0:09:16
[2026-04-18 03:52:30,137] DEEPMD INFO    batch   78000: trn: rmse = 3.01e-02, rmse_e = 3.84e-04, rmse_f = 2.49e-02, lr = 4.56e-07
[2026-04-18 03:52:30,137] DEEPMD INFO    batch   78000: val: rmse = 3.03e-02, rmse_e = 5.12e-04, rmse_f = 2.51e-02
[2026-04-18 03:52:30,138] DEEPMD INFO    batch   78000: total wall time = 23.71 s, eta = 0:08:41
[2026-04-18 03:52:54,559] DEEPMD INFO    batch   79000: trn: rmse = 2.54e-02, rmse_e = 4.86e-04, rmse_f = 2.10e-02, lr = 4.56e-07
[2026-04-18 03:52:54,559] DEEPMD INFO    batch   79000: val: rmse = 2.47e-02, rmse_e = 4.03e-04, rmse_f = 2.05e-02
[2026-04-18 03:52:54,559] DEEPMD INFO    batch   79000: total wall time = 24.42 s, eta = 0:08:32
[2026-04-18 03:53:19,038] DEEPMD INFO    batch   80000: trn: rmse = 2.66e-02, rmse_e = 8.69e-04, rmse_f = 2.20e-02, lr = 4.56e-07
[2026-04-18 03:53:19,039] DEEPMD INFO    batch   80000: val: rmse = 3.45e-02, rmse_e = 6.50e-04, rmse_f = 2.86e-02
[2026-04-18 03:53:19,039] DEEPMD INFO    batch   80000: total wall time = 24.48 s, eta = 0:08:09
[2026-04-18 03:53:19,065] DEEPMD INFO    Saved model to model.ckpt-80000.pt
[2026-04-18 03:53:44,316] DEEPMD INFO    batch   81000: trn: rmse = 3.08e-02, rmse_e = 5.98e-04, rmse_f = 2.72e-02, lr = 2.73e-07
[2026-04-18 03:53:44,316] DEEPMD INFO    batch   81000: val: rmse = 2.74e-02, rmse_e = 6.10e-04, rmse_f = 2.43e-02
[2026-04-18 03:53:44,317] DEEPMD INFO    batch   81000: total wall time = 25.28 s, eta = 0:08:00
[2026-04-18 03:54:09,235] DEEPMD INFO    batch   82000: trn: rmse = 2.29e-02, rmse_e = 3.31e-04, rmse_f = 2.02e-02, lr = 2.73e-07
[2026-04-18 03:54:09,235] DEEPMD INFO    batch   82000: val: rmse = 2.37e-02, rmse_e = 4.79e-04, rmse_f = 2.09e-02
[2026-04-18 03:54:09,236] DEEPMD INFO    batch   82000: total wall time = 24.92 s, eta = 0:07:28
[2026-04-18 03:54:32,995] DEEPMD INFO    batch   83000: trn: rmse = 2.33e-02, rmse_e = 4.28e-04, rmse_f = 2.06e-02, lr = 2.73e-07
[2026-04-18 03:54:32,995] DEEPMD INFO    batch   83000: val: rmse = 2.79e-02, rmse_e = 3.13e-04, rmse_f = 2.48e-02
[2026-04-18 03:54:32,995] DEEPMD INFO    batch   83000: total wall time = 23.76 s, eta = 0:06:43
[2026-04-18 03:54:57,538] DEEPMD INFO    batch   84000: trn: rmse = 2.15e-02, rmse_e = 3.00e-04, rmse_f = 1.91e-02, lr = 2.73e-07
[2026-04-18 03:54:57,538] DEEPMD INFO    batch   84000: val: rmse = 2.31e-02, rmse_e = 2.46e-04, rmse_f = 2.04e-02
[2026-04-18 03:54:57,538] DEEPMD INFO    batch   84000: total wall time = 24.54 s, eta = 0:06:32
[2026-04-18 03:55:21,908] DEEPMD INFO    batch   85000: trn: rmse = 2.57e-02, rmse_e = 5.20e-04, rmse_f = 2.28e-02, lr = 2.73e-07
[2026-04-18 03:55:21,909] DEEPMD INFO    batch   85000: val: rmse = 2.82e-02, rmse_e = 7.81e-04, rmse_f = 2.49e-02
[2026-04-18 03:55:21,909] DEEPMD INFO    batch   85000: total wall time = 24.37 s, eta = 0:06:05
[2026-04-18 03:55:46,311] DEEPMD INFO    batch   86000: trn: rmse = 2.59e-02, rmse_e = 2.33e-04, rmse_f = 2.40e-02, lr = 1.63e-07
[2026-04-18 03:55:46,311] DEEPMD INFO    batch   86000: val: rmse = 2.55e-02, rmse_e = 3.18e-04, rmse_f = 2.37e-02
[2026-04-18 03:55:46,311] DEEPMD INFO    batch   86000: total wall time = 24.40 s, eta = 0:05:41
[2026-04-18 03:56:10,546] DEEPMD INFO    batch   87000: trn: rmse = 2.11e-02, rmse_e = 2.41e-04, rmse_f = 1.96e-02, lr = 1.63e-07
[2026-04-18 03:56:10,546] DEEPMD INFO    batch   87000: val: rmse = 3.22e-02, rmse_e = 7.24e-04, rmse_f = 2.98e-02
[2026-04-18 03:56:10,546] DEEPMD INFO    batch   87000: total wall time = 24.24 s, eta = 0:05:15
[2026-04-18 03:56:35,248] DEEPMD INFO    batch   88000: trn: rmse = 2.10e-02, rmse_e = 3.21e-04, rmse_f = 1.94e-02, lr = 1.63e-07
[2026-04-18 03:56:35,248] DEEPMD INFO    batch   88000: val: rmse = 2.69e-02, rmse_e = 6.16e-04, rmse_f = 2.48e-02
[2026-04-18 03:56:35,248] DEEPMD INFO    batch   88000: total wall time = 24.70 s, eta = 0:04:56
[2026-04-18 03:56:59,549] DEEPMD INFO    batch   89000: trn: rmse = 2.63e-02, rmse_e = 3.95e-04, rmse_f = 2.43e-02, lr = 1.63e-07
[2026-04-18 03:56:59,550] DEEPMD INFO    batch   89000: val: rmse = 3.97e-02, rmse_e = 6.36e-04, rmse_f = 3.68e-02
[2026-04-18 03:56:59,550] DEEPMD INFO    batch   89000: total wall time = 24.30 s, eta = 0:04:27
[2026-04-18 03:57:24,519] DEEPMD INFO    batch   90000: trn: rmse = 2.89e-02, rmse_e = 4.52e-04, rmse_f = 2.67e-02, lr = 1.63e-07
[2026-04-18 03:57:24,520] DEEPMD INFO    batch   90000: val: rmse = 2.64e-02, rmse_e = 4.51e-04, rmse_f = 2.45e-02
[2026-04-18 03:57:24,520] DEEPMD INFO    batch   90000: total wall time = 24.97 s, eta = 0:04:09
[2026-04-18 03:57:24,550] DEEPMD INFO    Saved model to model.ckpt-90000.pt
[2026-04-18 03:57:48,821] DEEPMD INFO    batch   91000: trn: rmse = 1.88e-02, rmse_e = 5.97e-04, rmse_f = 1.79e-02, lr = 9.79e-08
[2026-04-18 03:57:48,822] DEEPMD INFO    batch   91000: val: rmse = 3.28e-02, rmse_e = 5.58e-04, rmse_f = 3.13e-02
[2026-04-18 03:57:48,822] DEEPMD INFO    batch   91000: total wall time = 24.30 s, eta = 0:03:38
[2026-04-18 03:58:13,294] DEEPMD INFO    batch   92000: trn: rmse = 2.38e-02, rmse_e = 4.37e-04, rmse_f = 2.27e-02, lr = 9.79e-08
[2026-04-18 03:58:13,294] DEEPMD INFO    batch   92000: val: rmse = 2.84e-02, rmse_e = 2.96e-04, rmse_f = 2.71e-02
[2026-04-18 03:58:13,294] DEEPMD INFO    batch   92000: total wall time = 24.47 s, eta = 0:03:15
[2026-04-18 03:58:38,210] DEEPMD INFO    batch   93000: trn: rmse = 2.82e-02, rmse_e = 4.51e-04, rmse_f = 2.69e-02, lr = 9.79e-08
[2026-04-18 03:58:38,210] DEEPMD INFO    batch   93000: val: rmse = 2.21e-02, rmse_e = 4.06e-04, rmse_f = 2.11e-02
[2026-04-18 03:58:38,210] DEEPMD INFO    batch   93000: total wall time = 24.92 s, eta = 0:02:54
[2026-04-18 03:59:02,884] DEEPMD INFO    batch   94000: trn: rmse = 1.93e-02, rmse_e = 3.28e-04, rmse_f = 1.84e-02, lr = 9.79e-08
[2026-04-18 03:59:02,884] DEEPMD INFO    batch   94000: val: rmse = 3.38e-02, rmse_e = 7.16e-04, rmse_f = 3.22e-02
[2026-04-18 03:59:02,884] DEEPMD INFO    batch   94000: total wall time = 24.67 s, eta = 0:02:28
[2026-04-18 03:59:27,689] DEEPMD INFO    batch   95000: trn: rmse = 2.12e-02, rmse_e = 6.03e-04, rmse_f = 2.02e-02, lr = 9.79e-08
[2026-04-18 03:59:27,690] DEEPMD INFO    batch   95000: val: rmse = 3.53e-02, rmse_e = 6.40e-04, rmse_f = 3.36e-02
[2026-04-18 03:59:27,690] DEEPMD INFO    batch   95000: total wall time = 24.81 s, eta = 0:02:04
[2026-04-18 03:59:51,889] DEEPMD INFO    batch   96000: trn: rmse = 2.01e-02, rmse_e = 5.77e-04, rmse_f = 1.95e-02, lr = 5.86e-08
[2026-04-18 03:59:51,889] DEEPMD INFO    batch   96000: val: rmse = 3.06e-02, rmse_e = 3.74e-04, rmse_f = 2.98e-02
[2026-04-18 03:59:51,890] DEEPMD INFO    batch   96000: total wall time = 24.20 s, eta = 0:01:36
[2026-04-18 04:00:16,298] DEEPMD INFO    batch   97000: trn: rmse = 2.10e-02, rmse_e = 3.33e-04, rmse_f = 2.04e-02, lr = 5.86e-08
[2026-04-18 04:00:16,298] DEEPMD INFO    batch   97000: val: rmse = 3.02e-02, rmse_e = 6.31e-04, rmse_f = 2.93e-02
[2026-04-18 04:00:16,299] DEEPMD INFO    batch   97000: total wall time = 24.41 s, eta = 0:01:13
[2026-04-18 04:00:41,170] DEEPMD INFO    batch   98000: trn: rmse = 2.98e-02, rmse_e = 5.03e-04, rmse_f = 2.89e-02, lr = 5.86e-08
[2026-04-18 04:00:41,170] DEEPMD INFO    batch   98000: val: rmse = 3.39e-02, rmse_e = 5.89e-04, rmse_f = 3.29e-02
[2026-04-18 04:00:41,170] DEEPMD INFO    batch   98000: total wall time = 24.87 s, eta = 0:00:49
[2026-04-18 04:01:05,304] DEEPMD INFO    batch   99000: trn: rmse = 2.18e-02, rmse_e = 5.57e-04, rmse_f = 2.11e-02, lr = 5.86e-08
[2026-04-18 04:01:05,304] DEEPMD INFO    batch   99000: val: rmse = 2.69e-02, rmse_e = 5.39e-04, rmse_f = 2.61e-02
[2026-04-18 04:01:05,304] DEEPMD INFO    batch   99000: total wall time = 24.13 s, eta = 0:00:24
[2026-04-18 04:01:30,295] DEEPMD INFO    batch  100000: trn: rmse = 2.69e-02, rmse_e = 6.28e-04, rmse_f = 2.61e-02, lr = 5.86e-08
[2026-04-18 04:01:30,295] DEEPMD INFO    batch  100000: val: rmse = 2.92e-02, rmse_e = 8.78e-04, rmse_f = 2.82e-02
[2026-04-18 04:01:30,295] DEEPMD INFO    batch  100000: total wall time = 24.99 s, eta = 0:00:00
[2026-04-18 04:01:30,321] DEEPMD INFO    Saved model to model.ckpt-100000.pt
[2026-04-18 04:01:30,322] DEEPMD INFO    average training time: 0.0245 s/batch (1000 batches excluded)
[2026-04-18 04:01:30,322] DEEPMD INFO    Trained model has been saved to: model.ckpt
2026-04-18 04:01:31,099 - sparc.src.deepmd - INFO - Training completed successfully
2026-04-18 04:01:31,099 - INFO - Training completed successfully
[SPARC][INFO] Freezing model: dp --pt freeze -o frozen_model_3.pth
To get the best performance, it is recommended to adjust the number of threads by setting the environment variables OMP_NUM_THREADS, DP_INTRA_OP_PARALLELISM_THREADS, and DP_INTER_OP_PARALLELISM_THREADS. See https://deepmd.rtfd.io/parallelism/ for more information.
/home/rverma7/anaconda3/envs/sparcGNN/lib/python3.10/site-packages/e3nn/o3/_wigner.py:10: UserWarning: Environment variable TORCH_FORCE_NO_WEIGHTS_ONLY_LOAD detected, since the`weights_only` argument was not explicitly passed to `torch.load`, forcing weights_only=False.
  _Jd, _W3j_flat, _W3j_indices = torch.load(os.path.join(os.path.dirname(__file__), 'constants.pt'))
/home/rverma7/anaconda3/envs/sparcGNN/lib/python3.10/site-packages/nequip/__init__.py:20: UserWarning: !! PyTorch version 2.6.0 found. Upstream issues in PyTorch versions 1.13.* and 2.* have been seen to cause unusual performance degredations on some CUDA systems that become worse over time; see https://github.com/mir-group/nequip/discussions/311. The best tested PyTorch version to use with CUDA devices is 1.11; while using other versions if you observe this problem, an unexpected lack of this problem, or other strange behavior, please post in the linked GitHub issue.
  warnings.warn(
[2026-04-18 04:01:33,676] DEEPMD INFO    DeePMD version: 3.1.1
[2026-04-18 04:01:34,334] DEEPMD INFO    Saved frozen model to frozen_model_3.pth
2026-04-18 04:01:34,974 - sparc.src.deepmd - INFO - Model frozen successfully
2026-04-18 04:01:34,974 - INFO - Model frozen successfully
[SPARC][INFO] ================================================================================
[SPARC][INFO] DeepMD Model Evaluation Results
[SPARC][INFO] --------------------------------------------------------------------------------
[SPARC][INFO] [2026-04-18 04:01:36,471] DEEPMD WARNING To get the best performance, it is recommended to adjust the number of threads by setting the environment variables OMP_NUM_THREADS, DP_INTRA_OP_PARALLELISM_THREADS, and DP_INTER_OP_PARALLELISM_THREADS. See https://deepmd.rtfd.io/parallelism/ for more information.
/home/rverma7/anaconda3/envs/sparcGNN/lib/python3.10/site-packages/e3nn/o3/_wigner.py:10: UserWarning: Environment variable TORCH_FORCE_NO_WEIGHTS_ONLY_LOAD detected, since the`weights_only` argument was not explicitly passed to `torch.load`, forcing weights_only=False.
  _Jd, _W3j_flat, _W3j_indices = torch.load(os.path.join(os.path.dirname(__file__), 'constants.pt'))
/home/rverma7/anaconda3/envs/sparcGNN/lib/python3.10/site-packages/nequip/__init__.py:20: UserWarning: !! PyTorch version 2.6.0 found. Upstream issues in PyTorch versions 1.13.* and 2.* have been seen to cause unusual performance degredations on some CUDA systems that become worse over time; see https://github.com/mir-group/nequip/discussions/311. The best tested PyTorch version to use with CUDA devices is 1.11; while using other versions if you observe this problem, an unexpected lack of this problem, or other strange behavior, please post in the linked GitHub issue.
  warnings.warn(
[2026-04-18 04:01:38,233] DEEPMD INFO    # ---------------output of dp test--------------- 
[2026-04-18 04:01:38,233] DEEPMD INFO    # testing system : /home/rverma7/My_Program/0.3_sparc/examples/CP2K/workflow/DeePMD_training/00.data/validation_data
[2026-04-18 04:01:39,229] DEEPMD INFO    # number of test data : 52 
[2026-04-18 04:01:39,229] DEEPMD INFO    Energy MAE         : 3.457395e-03 eV
[2026-04-18 04:01:39,229] DEEPMD INFO    Energy RMSE        : 4.383047e-03 eV
[2026-04-18 04:01:39,229] DEEPMD INFO    Energy MAE/Natoms  : 4.321743e-04 eV
[2026-04-18 04:01:39,229] DEEPMD INFO    Energy RMSE/Natoms : 5.478808e-04 eV
[2026-04-18 04:01:39,229] DEEPMD INFO    Force  MAE         : 2.095852e-02 eV/Å
[2026-04-18 04:01:39,229] DEEPMD INFO    Force  RMSE        : 2.822237e-02 eV/Å
[2026-04-18 04:01:39,229] DEEPMD INFO    # ----------------------------------------------- 
[2026-04-18 04:01:39,229] DEEPMD INFO    # ----------weighted average of errors----------- 
[2026-04-18 04:01:39,229] DEEPMD INFO    # number of systems : 1
[2026-04-18 04:01:39,229] DEEPMD INFO    Energy MAE         : 3.457395e-03 eV
[2026-04-18 04:01:39,229] DEEPMD INFO    Energy RMSE        : 4.383047e-03 eV
[2026-04-18 04:01:39,229] DEEPMD INFO    Energy MAE/Natoms  : 4.321743e-04 eV
[2026-04-18 04:01:39,229] DEEPMD INFO    Energy RMSE/Natoms : 5.478808e-04 eV
[2026-04-18 04:01:39,229] DEEPMD INFO    Force  MAE         : 2.095852e-02 eV/Å
[2026-04-18 04:01:39,229] DEEPMD INFO    Force  RMSE        : 2.822237e-02 eV/Å
[2026-04-18 04:01:39,229] DEEPMD INFO    # -----------------------------------------------
[SPARC][INFO] ================================================================================
[SPARC][INFO] ================================================================================
[SPARC][INFO] Running 2 ML-MD with updated models (NVT-Nose)
[SPARC][INFO] Restart Exploration: ENABLED (frame: ('candidates',))
[SPARC][INFO] ================================================================================
[SPARC][WARNING]  Warning: Could not load from previous iteration: Invalid restart_mode: ('candidates',). Options: 'last', 'random', 'candidates'
[SPARC][INFO]  Falling back to original structure
[SPARC][INFO] --------------------------------------------------------------------------------
[SPARC][INFO] DeepPotential model successfully loaded and tested:
[SPARC][INFO]   Model: iter_000002/01.train/training_1/frozen_model_1.pth
[SPARC][INFO]   Backend: PYTORCH
[SPARC][INFO] --------------------------------------------------------------------------------
[SPARC][INFO] ================================================================================

[SPARC][INFO]             MACHINE LEARNING POTENTIAL MD SIMULATION FOR [NVT-Nose]             

[SPARC][INFO] Output Logfile: Iter3_dpmd_0.log
[SPARC][INFO] ================================================================================

[SPARC][INFO] 
[SPARC][INFO] Step     Epot (eV)    Ekin (eV)    Temp (K)   P (GPa)    V (Ang^3) 
[SPARC][INFO] --------------------------------------------------------------------------------
[SPARC][INFO] 0          -439.6730      0.3619    350.00    0.3066   1728.00
[SPARC][INFO] ***********************************************************
[SPARC][INFO] Reference Potential Energy (Step 0): -440.407896 eV
[SPARC][INFO] Threshold limit: +/- 2.50 eV
[SPARC][INFO] ***********************************************************
[SPARC][INFO] 200        -440.4115      0.3610    349.07   -0.0650   1728.00
[SPARC][INFO] 400        -440.4271      0.3693    357.17    0.0088   1728.00
[SPARC][INFO] 600        -440.2505      0.2540    245.64    0.0216   1728.00
[SPARC][INFO] 800        -440.4970      0.4615    446.31    0.1673   1728.00
[SPARC][INFO] 1000       -440.0972      0.3752    362.84   -0.1668   1728.00
[SPARC][INFO] 1200       -440.2911      0.1513    146.33   -0.2522   1728.00
[SPARC][INFO] 1400       -439.9650      0.2699    261.03    0.1064   1728.00
[SPARC][INFO] 1600       -440.3414      0.1676    162.07   -0.0698   1728.00
[SPARC][INFO] 1800       -440.0707      0.2225    215.13   -0.2889   1728.00
[SPARC][INFO] 2000       -440.3729      0.1491    144.16   -0.0012   1728.00
[SPARC][INFO] 2200       -440.2003      0.2556    247.21   -0.1061   1728.00
[SPARC][INFO] 2400       -440.2847      0.2339    226.18   -0.2732   1728.00
[SPARC][INFO] 2600       -440.2353      0.2251    217.64   -0.0769   1728.00
[SPARC][INFO] 2800       -440.6714      0.8530    824.92    0.0148   1728.00
[SPARC][INFO] 3000       -440.4097      0.2483    240.08   -0.0094   1728.00
[SPARC][INFO] 3200       -439.9824      0.2637    255.02    0.2077   1728.00
[SPARC][INFO] 3400       -440.4474      0.2471    238.95   -0.1243   1728.00
[SPARC][INFO] 3600       -440.4524      0.5903    570.83   -0.1110   1728.00
[SPARC][INFO] 3800       -440.4182      0.1726    166.95    0.2272   1728.00
[SPARC][INFO] 4000       -440.3229      0.2970    287.18    0.0387   1728.00
[SPARC][INFO] 4200       -440.6228      0.5068    490.05   -0.1311   1728.00
[SPARC][INFO] 4400       -440.5466      0.4241    410.14   -0.0345   1728.00
[SPARC][INFO] 4600       -440.5494      0.5741    555.17    0.0148   1728.00
[SPARC][INFO] 4800       -440.4703      0.1798    173.90    0.0905   1728.00
[SPARC][INFO] 5000       -440.4295      0.4550    439.99    0.0906   1728.00
[SPARC][WARNING]  Warning: Could not load from previous iteration: Invalid restart_mode: ('candidates',). Options: 'last', 'random', 'candidates'
[SPARC][INFO]  Falling back to original structure
[SPARC][INFO] --------------------------------------------------------------------------------
[SPARC][INFO] DeepPotential model successfully loaded and tested:
[SPARC][INFO]   Model: iter_000002/01.train/training_1/frozen_model_1.pth
[SPARC][INFO]   Backend: PYTORCH
[SPARC][INFO] --------------------------------------------------------------------------------
[SPARC][INFO] ================================================================================

[SPARC][INFO]             MACHINE LEARNING POTENTIAL MD SIMULATION FOR [NVT-Nose]             

[SPARC][INFO] Output Logfile: Iter3_dpmd_1.log
[SPARC][INFO] ================================================================================

[SPARC][INFO] 
[SPARC][INFO] Step     Epot (eV)    Ekin (eV)    Temp (K)   P (GPa)    V (Ang^3) 
[SPARC][INFO] --------------------------------------------------------------------------------
[SPARC][INFO] 0          -439.6730      0.3619    350.00    0.3066   1728.00
[SPARC][INFO] ***********************************************************
[SPARC][INFO] Reference Potential Energy (Step 0): -440.464018 eV
[SPARC][INFO] Threshold limit: +/- 2.50 eV
[SPARC][INFO] ***********************************************************
[SPARC][INFO] 200        -440.4020      0.3986    385.45   -0.1756   1728.00
[SPARC][INFO] 400        -440.4356      0.3700    357.82    0.0401   1728.00
[SPARC][INFO] 600        -440.1592      0.2474    239.25   -0.0119   1728.00
[SPARC][INFO] 800        -440.3436      0.3097    299.49    0.2037   1728.00
[SPARC][INFO] 1000       -440.2941      0.6500    628.60   -0.1993   1728.00
[SPARC][INFO] 1200       -440.3396      0.2506    242.34   -0.1744   1728.00
[SPARC][INFO] 1400       -440.2190      0.4399    425.36    0.1020   1728.00
[SPARC][INFO] 1600       -440.3161      0.1876    181.46   -0.3448   1728.00
[SPARC][INFO] 1800       -440.3100      0.4528    437.87   -0.3152   1728.00
[SPARC][INFO] 2000       -440.3953      0.2009    194.26    0.1270   1728.00
[SPARC][INFO] 2200       -440.4665      0.5567    538.39   -0.2391   1728.00
[SPARC][INFO] 2400       -440.3681      0.3763    363.88   -0.2864   1728.00
[SPARC][INFO] 2600       -440.3490      0.3453    333.91   -0.0176   1728.00
[SPARC][INFO] 2800       -440.3868      0.4806    464.76   -0.0454   1728.00
[SPARC][INFO] 3000       -440.5547      0.3637    351.76    0.0707   1728.00
[SPARC][INFO] 3200       -440.2367      0.4240    410.01   -0.3427   1728.00
[SPARC][INFO] 3400       -440.4408      0.3004    290.50    0.0650   1728.00
[SPARC][INFO] 3600       -440.5238      0.4615    446.33    0.1891   1728.00
[SPARC][INFO] 3800       -440.2961      0.4608    445.66   -0.1962   1728.00
[SPARC][INFO] 4000       -440.4122      0.3522    340.58    0.1002   1728.00
[SPARC][INFO] 4200       -440.5216      0.5633    544.69    0.0361   1728.00
[SPARC][INFO] 4400       -440.2936      0.4221    408.23   -0.0509   1728.00
[SPARC][INFO] 4600       -440.4534      0.3215    310.87    0.1331   1728.00
[SPARC][INFO] 4800       -440.4050      0.6513    629.87   -0.0489   1728.00
[SPARC][INFO] 5000       -440.3194      0.2065    199.66    0.1206   1728.00
[SPARC][INFO] 
[SPARC][INFO] QUERY-BY-COMMITTEE: MODEL DEVIATION ANALYSIS
[SPARC][INFO] --------------------------------------------------------------------------------
[SPARC][INFO] Iteration                      3
[SPARC][INFO] Number of models               3
[SPARC][INFO] Deviation range                [0.10, 0.35] eV/Å
[SPARC][INFO] --------------------------------------------------------------------------------
[SPARC][INFO] ================================================================================
[SPARC][INFO]                     Model Path: iter_000003/01.train                    
[SPARC][INFO] ================================================================================
[SPARC][INFO] ================================================================================
[SPARC][INFO]                       Using the following models:                       
[SPARC][INFO] ================================================================================
[SPARC][INFO]                            frozen_model_1.pth                           
[SPARC][INFO]                            frozen_model_2.pth                           
[SPARC][INFO]                            frozen_model_3.pth                           
[SPARC][INFO] ================================================================================
[2026-04-18 04:03:59,045] DEEPMD WARNING To get the best performance, it is recommended to adjust the number of threads by setting the environment variables OMP_NUM_THREADS, DP_INTRA_OP_PARALLELISM_THREADS, and DP_INTER_OP_PARALLELISM_THREADS. See https://deepmd.rtfd.io/parallelism/ for more information.
/home/rverma7/anaconda3/envs/sparcGNN/lib/python3.10/site-packages/e3nn/o3/_wigner.py:10: UserWarning: Environment variable TORCH_FORCE_NO_WEIGHTS_ONLY_LOAD detected, since the`weights_only` argument was not explicitly passed to `torch.load`, forcing weights_only=False.
  _Jd, _W3j_flat, _W3j_indices = torch.load(os.path.join(os.path.dirname(__file__), 'constants.pt'))
/home/rverma7/anaconda3/envs/sparcGNN/lib/python3.10/site-packages/nequip/__init__.py:20: UserWarning: !! PyTorch version 2.6.0 found. Upstream issues in PyTorch versions 1.13.* and 2.* have been seen to cause unusual performance degredations on some CUDA systems that become worse over time; see https://github.com/mir-group/nequip/discussions/311. The best tested PyTorch version to use with CUDA devices is 1.11; while using other versions if you observe this problem, an unexpected lack of this problem, or other strange behavior, please post in the linked GitHub issue.
  warnings.warn(
[2026-04-18 04:04:01,896] DEEPMD INFO    Adjust batch size from 1024 to 2048
[2026-04-18 04:04:02,531] DEEPMD INFO    Adjust batch size from 2048 to 4096
[2026-04-18 04:04:03,731] DEEPMD INFO    Adjust batch size from 1024 to 2048
[2026-04-18 04:04:04,374] DEEPMD INFO    Adjust batch size from 2048 to 4096
[2026-04-18 04:04:05,572] DEEPMD INFO    Adjust batch size from 1024 to 2048
[2026-04-18 04:04:06,199] DEEPMD INFO    Adjust batch size from 2048 to 4096
[SPARC][INFO] ================================================================================
[SPARC][INFO]           Model deviation calculation completed successfully!           
[SPARC][INFO]          Results saved in: iter_000003/02.dpmd/model_dev_3.out          
[SPARC][INFO] ================================================================================
[SPARC][INFO] ================================================================================
[SPARC][INFO] Selection Summary:
[SPARC][INFO]   Candidates in deviation range [0.10, 0.35] eV/Å: 15
[SPARC][INFO]   Skipped (RMSD < 0.050 Å): 11
[SPARC][INFO]   Final selected structures: 4
[SPARC][INFO]   Candidates trajectory: iter_000003/02.dpmd/dft_candidates/candidates.extxyz
[SPARC][INFO]   RMSD details written to: iter_000003/02.dpmd/dft_candidates/rmsd_filtering.dat
[SPARC][INFO] ==========================================================================================

[SPARC][INFO] Candidate summary saved to: iter_000003/02.dpmd/dft_candidates/candidates_summary.csv

[SPARC][INFO] 
[SPARC][INFO] --------------------------------------------------------------------------------
[SPARC][INFO]                          ACTIVE LEARNING ITERATION 4/4                          
[SPARC][INFO] --------------------------------------------------------------------------------
[SPARC][INFO] Iteration Directory            iter_000004
[SPARC][INFO] 
[SPARC][INFO] MD Configuration:
[SPARC][INFO]   Ensemble                     NVT
[SPARC][INFO]   Thermostat                   Nose
[SPARC][INFO]   Temperature                  350.0 K
[SPARC][INFO]   MD Steps                     5000
[SPARC][INFO]   Timestep                     1.00 fs
[SPARC][INFO]   Log Frequency                20
[SPARC][INFO] Restart Exploration            DISABLED (iteration 0)
[SPARC][INFO] 
[SPARC][INFO] Model Deviation Criteria:
[SPARC][INFO]   Min Force Deviation          0.1 eV/Ang.
[SPARC][INFO]   Max Force Deviation          0.35 eV/Ang.
[SPARC][INFO] 
[SPARC][INFO] Training Configuration:
[SPARC][INFO]   Number of Models             3
[SPARC][INFO]   Training Data Dir            DeePMD_training/00.data
[SPARC][INFO] 
[SPARC][INFO] ================================================================================
[SPARC][INFO] 
[SPARC][INFO] Creating Directories for Iteration: 000004
[SPARC][INFO] ================================================================================
[SPARC][INFO] ├── iter_000004
[SPARC][INFO] │   ├── 00.dft
[SPARC][INFO] │   ├── 01.train
[SPARC][INFO] │   └── 02.dpmd
[SPARC][INFO] ================================================================================
[SPARC][INFO] Iteration 4 | Computing DFT energies/forces for 4 candidates
[SPARC][INFO] ================================================================================
[SPARC][INFO] 
[SPARC][INFO] Setting up CP2K calculator...
[SPARC][INFO] CP2K calculator setup successfully
[SPARC][INFO] Candidate:     1 | Epot: -439.992228 [eV]
[SPARC][INFO] Candidate:     2 | Epot: -440.021590 [eV]
[SPARC][INFO] Candidate:     3 | Epot: -440.209548 [eV]
[SPARC][INFO] Candidate:     4 | Epot: -440.059898 [eV]
[SPARC][INFO] ================================================================================
[SPARC][INFO] Processing Data for MLIP Re-Training
[SPARC][INFO] ================================================================================
[SPARC][INFO]   Loaded 260 existing frames from TrajCombined.traj
[SPARC][INFO]   Iteration [4]
[SPARC][INFO]    → Checking File : iter_000004/00.dft/AseMD.traj
[SPARC][INFO]    → Added Frames  : 4

[SPARC][INFO] ================================================================================
[SPARC][INFO]                 Total Frames in Combined Trajectory: 264                
[SPARC][INFO] ================================================================================
[SPARC][INFO] Loaded 264 frames
[SPARC][INFO] 
[SPARC][INFO] DATA PROCESSING
[SPARC][INFO] -----------------
[SPARC][INFO] Trajectory file                TrajCombined.traj
[SPARC][INFO] Total frames                   264
[SPARC][INFO] Frames used                    264
[SPARC][INFO] Training frames                211 (80%)
[SPARC][INFO] Validation frames              53 (20%)
[SPARC][INFO] 
[SPARC][INFO] Original directory: /home/rverma7/My_Program/0.3_sparc/examples/CP2K/workflow
[SPARC][INFO] ================================================================================
[SPARC][INFO]  DeePMD-kit v3 Training
[SPARC][INFO]  Backend: PYTORCH
[SPARC][INFO] ================================================================================
[SPARC][INFO] ================================================================================
[SPARC][INFO]  Training Model 1/3
[SPARC][INFO]  Directory: iter_000004/01.train/training_1
[SPARC][INFO] ================================================================================
2026-04-18 04:20:25,477 - sparc.src.deepmd - INFO - Training directory: iter_000004/01.train/training_1
2026-04-18 04:20:25,477 - INFO - Training directory: iter_000004/01.train/training_1
[SPARC][INFO]  Training Model 1/3
[SPARC][INFO] Directory                      iter_000004/01.train/training_1
[SPARC][INFO] Running command: dp --pt train input.json
To get the best performance, it is recommended to adjust the number of threads by setting the environment variables OMP_NUM_THREADS, DP_INTRA_OP_PARALLELISM_THREADS, and DP_INTER_OP_PARALLELISM_THREADS. See https://deepmd.rtfd.io/parallelism/ for more information.
/home/rverma7/anaconda3/envs/sparcGNN/lib/python3.10/site-packages/e3nn/o3/_wigner.py:10: UserWarning: Environment variable TORCH_FORCE_NO_WEIGHTS_ONLY_LOAD detected, since the`weights_only` argument was not explicitly passed to `torch.load`, forcing weights_only=False.
  _Jd, _W3j_flat, _W3j_indices = torch.load(os.path.join(os.path.dirname(__file__), 'constants.pt'))
/home/rverma7/anaconda3/envs/sparcGNN/lib/python3.10/site-packages/nequip/__init__.py:20: UserWarning: !! PyTorch version 2.6.0 found. Upstream issues in PyTorch versions 1.13.* and 2.* have been seen to cause unusual performance degredations on some CUDA systems that become worse over time; see https://github.com/mir-group/nequip/discussions/311. The best tested PyTorch version to use with CUDA devices is 1.11; while using other versions if you observe this problem, an unexpected lack of this problem, or other strange behavior, please post in the linked GitHub issue.
  warnings.warn(
[2026-04-18 04:20:28,023] DEEPMD INFO    DeePMD version: 3.1.1
[2026-04-18 04:20:28,023] DEEPMD INFO    Configuration path: input.json
[2026-04-18 04:20:28,041] DEEPMD INFO     _____               _____   __  __  _____           _     _  _   
[2026-04-18 04:20:28,041] DEEPMD INFO    |  __ \             |  __ \ |  \/  ||  __ \         | |   (_)| |  
[2026-04-18 04:20:28,041] DEEPMD INFO    | |  | |  ___   ___ | |__) || \  / || |  | | ______ | | __ _ | |_ 
[2026-04-18 04:20:28,041] DEEPMD INFO    | |  | | / _ \ / _ \|  ___/ | |\/| || |  | ||______|| |/ /| || __|
[2026-04-18 04:20:28,041] DEEPMD INFO    | |__| ||  __/|  __/| |     | |  | || |__| |        |   < | || |_ 
[2026-04-18 04:20:28,041] DEEPMD INFO    |_____/  \___| \___||_|     |_|  |_||_____/         |_|\_\|_| \__|
[2026-04-18 04:20:28,041] DEEPMD INFO    Please read and cite:
[2026-04-18 04:20:28,041] DEEPMD INFO    Wang, Zhang, Han and E, Comput.Phys.Comm. 228, 178-184 (2018)
[2026-04-18 04:20:28,041] DEEPMD INFO    Zeng et al, J. Chem. Phys., 159, 054801 (2023)
[2026-04-18 04:20:28,041] DEEPMD INFO    Zeng et al, J. Chem. Theory Comput., 21, 4375-4385 (2025)
[2026-04-18 04:20:28,041] DEEPMD INFO    See https://deepmd.rtfd.io/credits/ for details.
[2026-04-18 04:20:28,041] DEEPMD INFO    ------------------------------------------------------------------------------------------------------------------------------
[2026-04-18 04:20:28,041] DEEPMD INFO    installed to:          /home/rverma7/anaconda3/envs/sparcGNN/lib/python3.10/site-packages/deepmd
[2026-04-18 04:20:28,041] DEEPMD INFO    source:                
[2026-04-18 04:20:28,041] DEEPMD INFO    source branch:         HEAD
[2026-04-18 04:20:28,041] DEEPMD INFO    source commit:         9b566bf
[2026-04-18 04:20:28,041] DEEPMD INFO    source commit at:      2025-10-01 20:34:25 +0200
[2026-04-18 04:20:28,041] DEEPMD INFO    use float prec:        double
[2026-04-18 04:20:28,041] DEEPMD INFO    build variant:         cuda
[2026-04-18 04:20:28,041] DEEPMD INFO    Backend:               PyTorch
[2026-04-18 04:20:28,041] DEEPMD INFO    PT ver:                v2.6.0-gUnknown
[2026-04-18 04:20:28,041] DEEPMD INFO    Enable custom OP:      True
[2026-04-18 04:20:28,041] DEEPMD INFO    build with PT ver:     2.6.0
[2026-04-18 04:20:28,041] DEEPMD INFO    build with PT inc:     /home/rverma7/anaconda3/envs/sparcGNN/lib/python3.10/site-packages/torch/include
[2026-04-18 04:20:28,041] DEEPMD INFO                           /home/rverma7/anaconda3/envs/sparcGNN/lib/python3.10/site-packages/torch/include/torch/csrc/api/include
[2026-04-18 04:20:28,041] DEEPMD INFO    build with PT lib:     /home/rverma7/anaconda3/envs/sparcGNN/lib/python3.10/site-packages/torch/lib
[2026-04-18 04:20:28,041] DEEPMD INFO    running on:            cbe-dt-319.che.ncsu.edu
[2026-04-18 04:20:28,041] DEEPMD INFO    computing device:      cuda:0
[2026-04-18 04:20:28,041] DEEPMD INFO    CUDA_VISIBLE_DEVICES:  unset
[2026-04-18 04:20:28,041] DEEPMD INFO    Count of visible GPUs: 2
[2026-04-18 04:20:28,041] DEEPMD INFO    num_intra_threads:     0
[2026-04-18 04:20:28,041] DEEPMD INFO    num_inter_threads:     0
[2026-04-18 04:20:28,041] DEEPMD INFO    ------------------------------------------------------------------------------------------------------------------------------
[2026-04-18 04:20:28,077] DEEPMD INFO    Calculate neighbor statistics... (add --skip-neighbor-stat to skip this step)
[2026-04-18 04:20:28,355] DEEPMD INFO    Adjust batch size from 1024 to 2048
[2026-04-18 04:20:28,398] DEEPMD INFO    Neighbor statistics: training data with minimal neighbor distance: 0.956954
[2026-04-18 04:20:28,398] DEEPMD INFO    Neighbor statistics: training data with maximum neighbor size: [1 6 1] (cutoff radius: 6.000000)
[2026-04-18 04:20:28,400] DEEPMD INFO    Constructing DataLoaders from 1 systems
[2026-04-18 04:20:28,407] DEEPMD INFO    Constructing DataLoaders from 1 systems
[2026-04-18 04:20:28,443] DEEPMD INFO    Packing data for statistics from 1 systems
[2026-04-18 04:20:28,642] DEEPMD INFO    RMSE of energy per atom after linear regression is: 0.013490964781136571 in the unit of energy.
[2026-04-18 04:20:28,643] DEEPMD INFO    ---Summary of DataSystem: training     -----------------------------------------------
[2026-04-18 04:20:28,643] DEEPMD INFO    found 1 system(s):
[2026-04-18 04:20:28,644] DEEPMD INFO                                        system  natoms  bch_sz   n_bch       prob  pbc
[2026-04-18 04:20:28,644] DEEPMD INFO    -- w/DeePMD_training/00.data/training_data       8       4      52  1.000e+00    T
[2026-04-18 04:20:28,644] DEEPMD INFO    --------------------------------------------------------------------------------------
[2026-04-18 04:20:28,644] DEEPMD INFO    ---Summary of DataSystem: validation   -----------------------------------------------
[2026-04-18 04:20:28,644] DEEPMD INFO    found 1 system(s):
[2026-04-18 04:20:28,644] DEEPMD INFO                                        system  natoms  bch_sz   n_bch       prob  pbc
[2026-04-18 04:20:28,644] DEEPMD INFO    -- DeePMD_training/00.data/validation_data       8       4      13  1.000e+00    T
[2026-04-18 04:20:28,644] DEEPMD INFO    --------------------------------------------------------------------------------------
[2026-04-18 04:20:28,645] DEEPMD INFO    Start to train 100000 steps.
[2026-04-18 04:20:29,300] DEEPMD INFO    batch       1: trn: rmse = 3.65e+01, rmse_e = 1.19e+00, rmse_f = 1.15e+00, lr = 1.00e-03
[2026-04-18 04:20:29,301] DEEPMD INFO    batch       1: val: rmse = 5.36e+01, rmse_e = 2.16e+00, rmse_f = 1.69e+00
[2026-04-18 04:20:29,301] DEEPMD INFO    batch       1: total wall time = 0.66 s, eta = 18:13:15
[2026-04-18 04:20:53,082] DEEPMD INFO    batch    1000: trn: rmse = 7.40e+00, rmse_e = 4.04e-01, rmse_f = 2.34e-01, lr = 1.00e-03
[2026-04-18 04:20:53,083] DEEPMD INFO    batch    1000: val: rmse = 6.69e+00, rmse_e = 3.36e-01, rmse_f = 2.11e-01
[2026-04-18 04:20:53,083] DEEPMD INFO    batch    1000: total wall time = 23.78 s, eta = 0:39:14
[2026-04-18 04:21:16,533] DEEPMD INFO    batch    2000: trn: rmse = 4.50e+00, rmse_e = 5.22e-02, rmse_f = 1.42e-01, lr = 1.00e-03
[2026-04-18 04:21:16,533] DEEPMD INFO    batch    2000: val: rmse = 5.01e+00, rmse_e = 4.91e-02, rmse_f = 1.58e-01
[2026-04-18 04:21:16,534] DEEPMD INFO    batch    2000: total wall time = 23.45 s, eta = 0:38:18
[2026-04-18 04:21:40,975] DEEPMD INFO    batch    3000: trn: rmse = 4.18e+00, rmse_e = 6.83e-02, rmse_f = 1.32e-01, lr = 1.00e-03
[2026-04-18 04:21:40,975] DEEPMD INFO    batch    3000: val: rmse = 4.19e+00, rmse_e = 6.88e-02, rmse_f = 1.32e-01
[2026-04-18 04:21:40,975] DEEPMD INFO    batch    3000: total wall time = 24.44 s, eta = 0:39:30
[2026-04-18 04:22:05,668] DEEPMD INFO    batch    4000: trn: rmse = 4.67e+00, rmse_e = 1.68e-02, rmse_f = 1.48e-01, lr = 1.00e-03
[2026-04-18 04:22:05,669] DEEPMD INFO    batch    4000: val: rmse = 3.89e+00, rmse_e = 7.78e-03, rmse_f = 1.23e-01
[2026-04-18 04:22:05,669] DEEPMD INFO    batch    4000: total wall time = 24.69 s, eta = 0:39:30
[2026-04-18 04:22:30,441] DEEPMD INFO    batch    5000: trn: rmse = 2.51e+00, rmse_e = 1.87e-02, rmse_f = 7.94e-02, lr = 1.00e-03
[2026-04-18 04:22:30,442] DEEPMD INFO    batch    5000: val: rmse = 2.87e+00, rmse_e = 1.87e-02, rmse_f = 9.06e-02
[2026-04-18 04:22:30,442] DEEPMD INFO    batch    5000: total wall time = 24.77 s, eta = 0:39:13
[2026-04-18 04:22:54,290] DEEPMD INFO    batch    6000: trn: rmse = 1.78e+00, rmse_e = 7.11e-03, rmse_f = 7.29e-02, lr = 5.99e-04
[2026-04-18 04:22:54,290] DEEPMD INFO    batch    6000: val: rmse = 1.47e+00, rmse_e = 9.78e-03, rmse_f = 6.01e-02
[2026-04-18 04:22:54,291] DEEPMD INFO    batch    6000: total wall time = 23.85 s, eta = 0:37:21
[2026-04-18 04:23:18,573] DEEPMD INFO    batch    7000: trn: rmse = 1.86e+00, rmse_e = 3.60e-03, rmse_f = 7.58e-02, lr = 5.99e-04
[2026-04-18 04:23:18,574] DEEPMD INFO    batch    7000: val: rmse = 1.98e+00, rmse_e = 5.72e-03, rmse_f = 8.08e-02
[2026-04-18 04:23:18,574] DEEPMD INFO    batch    7000: total wall time = 24.28 s, eta = 0:37:38
[2026-04-18 04:23:41,852] DEEPMD INFO    batch    8000: trn: rmse = 2.15e+00, rmse_e = 7.14e-03, rmse_f = 8.79e-02, lr = 5.99e-04
[2026-04-18 04:23:41,852] DEEPMD INFO    batch    8000: val: rmse = 1.58e+00, rmse_e = 1.17e-02, rmse_f = 6.44e-02
[2026-04-18 04:23:41,852] DEEPMD INFO    batch    8000: total wall time = 23.28 s, eta = 0:35:41
[2026-04-18 04:24:06,330] DEEPMD INFO    batch    9000: trn: rmse = 1.18e+00, rmse_e = 2.59e-03, rmse_f = 4.82e-02, lr = 5.99e-04
[2026-04-18 04:24:06,330] DEEPMD INFO    batch    9000: val: rmse = 1.89e+00, rmse_e = 4.58e-03, rmse_f = 7.73e-02
[2026-04-18 04:24:06,331] DEEPMD INFO    batch    9000: total wall time = 24.48 s, eta = 0:37:07
[2026-04-18 04:24:29,469] DEEPMD INFO    batch   10000: trn: rmse = 2.00e+00, rmse_e = 1.48e-02, rmse_f = 8.17e-02, lr = 5.99e-04
[2026-04-18 04:24:29,470] DEEPMD INFO    batch   10000: val: rmse = 1.80e+00, rmse_e = 1.32e-02, rmse_f = 7.34e-02
[2026-04-18 04:24:29,470] DEEPMD INFO    batch   10000: total wall time = 23.14 s, eta = 0:34:42
[2026-04-18 04:24:29,497] DEEPMD INFO    Saved model to model.ckpt-10000.pt
[2026-04-18 04:24:53,449] DEEPMD INFO    batch   11000: trn: rmse = 1.20e+00, rmse_e = 3.42e-03, rmse_f = 6.35e-02, lr = 3.59e-04
[2026-04-18 04:24:53,449] DEEPMD INFO    batch   11000: val: rmse = 9.92e-01, rmse_e = 1.65e-03, rmse_f = 5.23e-02
[2026-04-18 04:24:53,449] DEEPMD INFO    batch   11000: total wall time = 23.98 s, eta = 0:35:34
[2026-04-18 04:25:17,554] DEEPMD INFO    batch   12000: trn: rmse = 1.21e+00, rmse_e = 7.01e-03, rmse_f = 6.41e-02, lr = 3.59e-04
[2026-04-18 04:25:17,554] DEEPMD INFO    batch   12000: val: rmse = 9.07e-01, rmse_e = 3.80e-03, rmse_f = 4.79e-02
[2026-04-18 04:25:17,554] DEEPMD INFO    batch   12000: total wall time = 24.11 s, eta = 0:35:21
[2026-04-18 04:25:42,057] DEEPMD INFO    batch   13000: trn: rmse = 9.21e-01, rmse_e = 2.41e-02, rmse_f = 4.85e-02, lr = 3.59e-04
[2026-04-18 04:25:42,057] DEEPMD INFO    batch   13000: val: rmse = 8.91e-01, rmse_e = 3.10e-02, rmse_f = 4.68e-02
[2026-04-18 04:25:42,057] DEEPMD INFO    batch   13000: total wall time = 24.50 s, eta = 0:35:31
[2026-04-18 04:26:05,970] DEEPMD INFO    batch   14000: trn: rmse = 1.09e+00, rmse_e = 3.36e-02, rmse_f = 5.76e-02, lr = 3.59e-04
[2026-04-18 04:26:05,971] DEEPMD INFO    batch   14000: val: rmse = 1.78e+00, rmse_e = 3.73e-02, rmse_f = 9.38e-02
[2026-04-18 04:26:05,971] DEEPMD INFO    batch   14000: total wall time = 23.91 s, eta = 0:34:16
[2026-04-18 04:26:29,854] DEEPMD INFO    batch   15000: trn: rmse = 1.34e+00, rmse_e = 4.35e-02, rmse_f = 7.06e-02, lr = 3.59e-04
[2026-04-18 04:26:29,854] DEEPMD INFO    batch   15000: val: rmse = 1.45e+00, rmse_e = 3.55e-02, rmse_f = 7.64e-02
[2026-04-18 04:26:29,855] DEEPMD INFO    batch   15000: total wall time = 23.88 s, eta = 0:33:50
[2026-04-18 04:26:53,893] DEEPMD INFO    batch   16000: trn: rmse = 6.35e-01, rmse_e = 5.31e-03, rmse_f = 4.32e-02, lr = 2.15e-04
[2026-04-18 04:26:53,893] DEEPMD INFO    batch   16000: val: rmse = 6.33e-01, rmse_e = 4.66e-03, rmse_f = 4.31e-02
[2026-04-18 04:26:53,893] DEEPMD INFO    batch   16000: total wall time = 24.04 s, eta = 0:33:39
[2026-04-18 04:27:18,280] DEEPMD INFO    batch   17000: trn: rmse = 5.38e-01, rmse_e = 4.49e-03, rmse_f = 3.66e-02, lr = 2.15e-04
[2026-04-18 04:27:18,280] DEEPMD INFO    batch   17000: val: rmse = 6.48e-01, rmse_e = 2.68e-03, rmse_f = 4.42e-02
[2026-04-18 04:27:18,280] DEEPMD INFO    batch   17000: total wall time = 24.39 s, eta = 0:33:44
[2026-04-18 04:27:42,392] DEEPMD INFO    batch   18000: trn: rmse = 6.18e-01, rmse_e = 7.82e-03, rmse_f = 4.20e-02, lr = 2.15e-04
[2026-04-18 04:27:42,392] DEEPMD INFO    batch   18000: val: rmse = 7.28e-01, rmse_e = 9.32e-03, rmse_f = 4.96e-02
[2026-04-18 04:27:42,392] DEEPMD INFO    batch   18000: total wall time = 24.11 s, eta = 0:32:57
[2026-04-18 04:28:06,754] DEEPMD INFO    batch   19000: trn: rmse = 4.98e-01, rmse_e = 2.07e-03, rmse_f = 3.39e-02, lr = 2.15e-04
[2026-04-18 04:28:06,754] DEEPMD INFO    batch   19000: val: rmse = 5.70e-01, rmse_e = 1.37e-03, rmse_f = 3.88e-02
[2026-04-18 04:28:06,755] DEEPMD INFO    batch   19000: total wall time = 24.36 s, eta = 0:32:53
[2026-04-18 04:28:31,574] DEEPMD INFO    batch   20000: trn: rmse = 4.66e-01, rmse_e = 2.75e-03, rmse_f = 3.18e-02, lr = 2.15e-04
[2026-04-18 04:28:31,574] DEEPMD INFO    batch   20000: val: rmse = 6.01e-01, rmse_e = 6.96e-03, rmse_f = 4.09e-02
[2026-04-18 04:28:31,574] DEEPMD INFO    batch   20000: total wall time = 24.82 s, eta = 0:33:05
[2026-04-18 04:28:31,601] DEEPMD INFO    Saved model to model.ckpt-20000.pt
[2026-04-18 04:28:56,148] DEEPMD INFO    batch   21000: trn: rmse = 3.86e-01, rmse_e = 2.42e-03, rmse_f = 3.39e-02, lr = 1.29e-04
[2026-04-18 04:28:56,148] DEEPMD INFO    batch   21000: val: rmse = 3.64e-01, rmse_e = 2.32e-03, rmse_f = 3.20e-02
[2026-04-18 04:28:56,149] DEEPMD INFO    batch   21000: total wall time = 24.57 s, eta = 0:32:21
[2026-04-18 04:29:19,955] DEEPMD INFO    batch   22000: trn: rmse = 3.07e-01, rmse_e = 2.17e-03, rmse_f = 2.70e-02, lr = 1.29e-04
[2026-04-18 04:29:19,955] DEEPMD INFO    batch   22000: val: rmse = 4.27e-01, rmse_e = 1.82e-03, rmse_f = 3.75e-02
[2026-04-18 04:29:19,955] DEEPMD INFO    batch   22000: total wall time = 23.81 s, eta = 0:30:56
[2026-04-18 04:29:43,427] DEEPMD INFO    batch   23000: trn: rmse = 3.45e-01, rmse_e = 3.55e-03, rmse_f = 3.04e-02, lr = 1.29e-04
[2026-04-18 04:29:43,428] DEEPMD INFO    batch   23000: val: rmse = 4.52e-01, rmse_e = 9.08e-04, rmse_f = 3.97e-02
[2026-04-18 04:29:43,428] DEEPMD INFO    batch   23000: total wall time = 23.47 s, eta = 0:30:07
[2026-04-18 04:30:08,265] DEEPMD INFO    batch   24000: trn: rmse = 3.84e-01, rmse_e = 1.20e-03, rmse_f = 3.37e-02, lr = 1.29e-04
[2026-04-18 04:30:08,265] DEEPMD INFO    batch   24000: val: rmse = 4.63e-01, rmse_e = 6.82e-03, rmse_f = 4.07e-02
[2026-04-18 04:30:08,266] DEEPMD INFO    batch   24000: total wall time = 24.84 s, eta = 0:31:27
[2026-04-18 04:30:32,404] DEEPMD INFO    batch   25000: trn: rmse = 4.74e-01, rmse_e = 3.79e-03, rmse_f = 4.17e-02, lr = 1.29e-04
[2026-04-18 04:30:32,405] DEEPMD INFO    batch   25000: val: rmse = 4.38e-01, rmse_e = 5.45e-03, rmse_f = 3.85e-02
[2026-04-18 04:30:32,405] DEEPMD INFO    batch   25000: total wall time = 24.14 s, eta = 0:30:10
[2026-04-18 04:30:56,605] DEEPMD INFO    batch   26000: trn: rmse = 2.78e-01, rmse_e = 2.38e-03, rmse_f = 3.15e-02, lr = 7.70e-05
[2026-04-18 04:30:56,605] DEEPMD INFO    batch   26000: val: rmse = 2.22e-01, rmse_e = 5.29e-04, rmse_f = 2.52e-02
[2026-04-18 04:30:56,606] DEEPMD INFO    batch   26000: total wall time = 24.20 s, eta = 0:29:50
[2026-04-18 04:31:21,392] DEEPMD INFO    batch   27000: trn: rmse = 2.05e-01, rmse_e = 4.74e-04, rmse_f = 2.32e-02, lr = 7.70e-05
[2026-04-18 04:31:21,393] DEEPMD INFO    batch   27000: val: rmse = 3.35e-01, rmse_e = 2.63e-03, rmse_f = 3.80e-02
[2026-04-18 04:31:21,393] DEEPMD INFO    batch   27000: total wall time = 24.79 s, eta = 0:30:09
[2026-04-18 04:31:45,783] DEEPMD INFO    batch   28000: trn: rmse = 3.40e-01, rmse_e = 1.25e-03, rmse_f = 3.85e-02, lr = 7.70e-05
[2026-04-18 04:31:45,783] DEEPMD INFO    batch   28000: val: rmse = 3.34e-01, rmse_e = 2.33e-03, rmse_f = 3.78e-02
[2026-04-18 04:31:45,784] DEEPMD INFO    batch   28000: total wall time = 24.39 s, eta = 0:29:16
[2026-04-18 04:32:10,057] DEEPMD INFO    batch   29000: trn: rmse = 2.73e-01, rmse_e = 5.25e-03, rmse_f = 3.09e-02, lr = 7.70e-05
[2026-04-18 04:32:10,057] DEEPMD INFO    batch   29000: val: rmse = 3.32e-01, rmse_e = 2.98e-03, rmse_f = 3.76e-02
[2026-04-18 04:32:10,057] DEEPMD INFO    batch   29000: total wall time = 24.27 s, eta = 0:28:43
[2026-04-18 04:32:34,768] DEEPMD INFO    batch   30000: trn: rmse = 3.14e-01, rmse_e = 6.90e-04, rmse_f = 3.55e-02, lr = 7.70e-05
[2026-04-18 04:32:34,768] DEEPMD INFO    batch   30000: val: rmse = 2.41e-01, rmse_e = 2.38e-03, rmse_f = 2.73e-02
[2026-04-18 04:32:34,768] DEEPMD INFO    batch   30000: total wall time = 24.71 s, eta = 0:28:49
[2026-04-18 04:32:34,794] DEEPMD INFO    Saved model to model.ckpt-30000.pt
[2026-04-18 04:32:59,519] DEEPMD INFO    batch   31000: trn: rmse = 1.89e-01, rmse_e = 2.97e-03, rmse_f = 2.75e-02, lr = 4.61e-05
[2026-04-18 04:32:59,520] DEEPMD INFO    batch   31000: val: rmse = 1.92e-01, rmse_e = 2.74e-03, rmse_f = 2.79e-02
[2026-04-18 04:32:59,520] DEEPMD INFO    batch   31000: total wall time = 24.75 s, eta = 0:28:27
[2026-04-18 04:33:22,440] DEEPMD INFO    batch   32000: trn: rmse = 2.03e-01, rmse_e = 2.71e-03, rmse_f = 2.95e-02, lr = 4.61e-05
[2026-04-18 04:33:22,440] DEEPMD INFO    batch   32000: val: rmse = 2.14e-01, rmse_e = 6.93e-04, rmse_f = 3.12e-02
[2026-04-18 04:33:22,440] DEEPMD INFO    batch   32000: total wall time = 22.92 s, eta = 0:25:58
[2026-04-18 04:33:46,272] DEEPMD INFO    batch   33000: trn: rmse = 1.91e-01, rmse_e = 9.27e-04, rmse_f = 2.78e-02, lr = 4.61e-05
[2026-04-18 04:33:46,273] DEEPMD INFO    batch   33000: val: rmse = 2.72e-01, rmse_e = 1.04e-03, rmse_f = 3.97e-02
[2026-04-18 04:33:46,273] DEEPMD INFO    batch   33000: total wall time = 23.83 s, eta = 0:26:36
[2026-04-18 04:34:10,610] DEEPMD INFO    batch   34000: trn: rmse = 2.34e-01, rmse_e = 4.08e-03, rmse_f = 3.40e-02, lr = 4.61e-05
[2026-04-18 04:34:10,610] DEEPMD INFO    batch   34000: val: rmse = 1.94e-01, rmse_e = 3.40e-03, rmse_f = 2.83e-02
[2026-04-18 04:34:10,610] DEEPMD INFO    batch   34000: total wall time = 24.34 s, eta = 0:26:46
[2026-04-18 04:34:35,392] DEEPMD INFO    batch   35000: trn: rmse = 1.99e-01, rmse_e = 2.44e-03, rmse_f = 2.90e-02, lr = 4.61e-05
[2026-04-18 04:34:35,392] DEEPMD INFO    batch   35000: val: rmse = 2.44e-01, rmse_e = 3.86e-03, rmse_f = 3.56e-02
[2026-04-18 04:34:35,393] DEEPMD INFO    batch   35000: total wall time = 24.78 s, eta = 0:26:50
[2026-04-18 04:34:59,757] DEEPMD INFO    batch   36000: trn: rmse = 1.48e-01, rmse_e = 2.78e-03, rmse_f = 2.77e-02, lr = 2.76e-05
[2026-04-18 04:34:59,757] DEEPMD INFO    batch   36000: val: rmse = 9.53e-02, rmse_e = 2.76e-03, rmse_f = 1.78e-02
[2026-04-18 04:34:59,757] DEEPMD INFO    batch   36000: total wall time = 24.36 s, eta = 0:25:59
[2026-04-18 04:35:24,383] DEEPMD INFO    batch   37000: trn: rmse = 1.15e-01, rmse_e = 1.03e-03, rmse_f = 2.15e-02, lr = 2.76e-05
[2026-04-18 04:35:24,384] DEEPMD INFO    batch   37000: val: rmse = 8.95e-02, rmse_e = 8.54e-04, rmse_f = 1.67e-02
[2026-04-18 04:35:24,384] DEEPMD INFO    batch   37000: total wall time = 24.63 s, eta = 0:25:51
[2026-04-18 04:35:48,737] DEEPMD INFO    batch   38000: trn: rmse = 1.49e-01, rmse_e = 1.29e-03, rmse_f = 2.80e-02, lr = 2.76e-05
[2026-04-18 04:35:48,737] DEEPMD INFO    batch   38000: val: rmse = 1.69e-01, rmse_e = 8.56e-04, rmse_f = 3.16e-02
[2026-04-18 04:35:48,738] DEEPMD INFO    batch   38000: total wall time = 24.35 s, eta = 0:25:09
[2026-04-18 04:36:13,811] DEEPMD INFO    batch   39000: trn: rmse = 1.58e-01, rmse_e = 3.01e-03, rmse_f = 2.95e-02, lr = 2.76e-05
[2026-04-18 04:36:13,811] DEEPMD INFO    batch   39000: val: rmse = 1.19e-01, rmse_e = 3.60e-03, rmse_f = 2.22e-02
[2026-04-18 04:36:13,811] DEEPMD INFO    batch   39000: total wall time = 25.07 s, eta = 0:25:29
[2026-04-18 04:36:38,150] DEEPMD INFO    batch   40000: trn: rmse = 1.34e-01, rmse_e = 3.18e-03, rmse_f = 2.50e-02, lr = 2.76e-05
[2026-04-18 04:36:38,150] DEEPMD INFO    batch   40000: val: rmse = 1.73e-01, rmse_e = 1.27e-03, rmse_f = 3.23e-02
[2026-04-18 04:36:38,150] DEEPMD INFO    batch   40000: total wall time = 24.34 s, eta = 0:24:20
[2026-04-18 04:36:38,176] DEEPMD INFO    Saved model to model.ckpt-40000.pt
[2026-04-18 04:37:02,980] DEEPMD INFO    batch   41000: trn: rmse = 1.14e-01, rmse_e = 1.01e-03, rmse_f = 2.72e-02, lr = 1.65e-05
[2026-04-18 04:37:02,981] DEEPMD INFO    batch   41000: val: rmse = 1.27e-01, rmse_e = 4.31e-04, rmse_f = 3.03e-02
[2026-04-18 04:37:02,981] DEEPMD INFO    batch   41000: total wall time = 24.83 s, eta = 0:24:25
[2026-04-18 04:37:27,106] DEEPMD INFO    batch   42000: trn: rmse = 1.03e-01, rmse_e = 2.29e-03, rmse_f = 2.45e-02, lr = 1.65e-05
[2026-04-18 04:37:27,106] DEEPMD INFO    batch   42000: val: rmse = 1.19e-01, rmse_e = 1.07e-03, rmse_f = 2.84e-02
[2026-04-18 04:37:27,107] DEEPMD INFO    batch   42000: total wall time = 24.13 s, eta = 0:23:19
[2026-04-18 04:37:50,780] DEEPMD INFO    batch   43000: trn: rmse = 8.73e-02, rmse_e = 9.30e-04, rmse_f = 2.08e-02, lr = 1.65e-05
[2026-04-18 04:37:50,780] DEEPMD INFO    batch   43000: val: rmse = 1.42e-01, rmse_e = 1.32e-03, rmse_f = 3.38e-02
[2026-04-18 04:37:50,780] DEEPMD INFO    batch   43000: total wall time = 23.67 s, eta = 0:22:29
[2026-04-18 04:38:15,395] DEEPMD INFO    batch   44000: trn: rmse = 9.60e-02, rmse_e = 5.72e-04, rmse_f = 2.29e-02, lr = 1.65e-05
[2026-04-18 04:38:15,395] DEEPMD INFO    batch   44000: val: rmse = 1.01e-01, rmse_e = 1.42e-03, rmse_f = 2.40e-02
[2026-04-18 04:38:15,396] DEEPMD INFO    batch   44000: total wall time = 24.62 s, eta = 0:22:58
[2026-04-18 04:38:40,367] DEEPMD INFO    batch   45000: trn: rmse = 1.21e-01, rmse_e = 8.27e-04, rmse_f = 2.90e-02, lr = 1.65e-05
[2026-04-18 04:38:40,368] DEEPMD INFO    batch   45000: val: rmse = 1.25e-01, rmse_e = 8.79e-04, rmse_f = 2.99e-02
[2026-04-18 04:38:40,368] DEEPMD INFO    batch   45000: total wall time = 24.97 s, eta = 0:22:53
[2026-04-18 04:39:04,118] DEEPMD INFO    batch   46000: trn: rmse = 8.72e-02, rmse_e = 2.12e-03, rmse_f = 2.64e-02, lr = 9.89e-06
[2026-04-18 04:39:04,119] DEEPMD INFO    batch   46000: val: rmse = 9.47e-02, rmse_e = 2.09e-03, rmse_f = 2.87e-02
[2026-04-18 04:39:04,119] DEEPMD INFO    batch   46000: total wall time = 23.75 s, eta = 0:21:22
[2026-04-18 04:39:28,420] DEEPMD INFO    batch   47000: trn: rmse = 6.64e-02, rmse_e = 2.12e-03, rmse_f = 2.00e-02, lr = 9.89e-06
[2026-04-18 04:39:28,420] DEEPMD INFO    batch   47000: val: rmse = 1.03e-01, rmse_e = 2.97e-03, rmse_f = 3.12e-02
[2026-04-18 04:39:28,420] DEEPMD INFO    batch   47000: total wall time = 24.30 s, eta = 0:21:27
[2026-04-18 04:39:52,728] DEEPMD INFO    batch   48000: trn: rmse = 5.02e-02, rmse_e = 6.54e-04, rmse_f = 1.52e-02, lr = 9.89e-06
[2026-04-18 04:39:52,728] DEEPMD INFO    batch   48000: val: rmse = 8.84e-02, rmse_e = 1.76e-03, rmse_f = 2.68e-02
[2026-04-18 04:39:52,728] DEEPMD INFO    batch   48000: total wall time = 24.31 s, eta = 0:21:04
[2026-04-18 04:40:16,630] DEEPMD INFO    batch   49000: trn: rmse = 6.83e-02, rmse_e = 4.78e-03, rmse_f = 2.03e-02, lr = 9.89e-06
[2026-04-18 04:40:16,630] DEEPMD INFO    batch   49000: val: rmse = 7.68e-02, rmse_e = 3.50e-03, rmse_f = 2.31e-02
[2026-04-18 04:40:16,630] DEEPMD INFO    batch   49000: total wall time = 23.90 s, eta = 0:20:19
[2026-04-18 04:40:41,111] DEEPMD INFO    batch   50000: trn: rmse = 8.24e-02, rmse_e = 7.85e-04, rmse_f = 2.50e-02, lr = 9.89e-06
[2026-04-18 04:40:41,111] DEEPMD INFO    batch   50000: val: rmse = 6.26e-02, rmse_e = 4.90e-04, rmse_f = 1.90e-02
[2026-04-18 04:40:41,112] DEEPMD INFO    batch   50000: total wall time = 24.48 s, eta = 0:20:24
[2026-04-18 04:40:41,140] DEEPMD INFO    Saved model to model.ckpt-50000.pt
[2026-04-18 04:41:05,070] DEEPMD INFO    batch   51000: trn: rmse = 8.07e-02, rmse_e = 8.10e-04, rmse_f = 3.07e-02, lr = 5.92e-06
[2026-04-18 04:41:05,071] DEEPMD INFO    batch   51000: val: rmse = 8.10e-02, rmse_e = 2.08e-03, rmse_f = 3.07e-02
[2026-04-18 04:41:05,071] DEEPMD INFO    batch   51000: total wall time = 23.96 s, eta = 0:19:34
[2026-04-18 04:41:28,732] DEEPMD INFO    batch   52000: trn: rmse = 5.99e-02, rmse_e = 6.15e-04, rmse_f = 2.28e-02, lr = 5.92e-06
[2026-04-18 04:41:28,732] DEEPMD INFO    batch   52000: val: rmse = 4.10e-02, rmse_e = 6.70e-04, rmse_f = 1.56e-02
[2026-04-18 04:41:28,732] DEEPMD INFO    batch   52000: total wall time = 23.66 s, eta = 0:18:55
[2026-04-18 04:41:52,804] DEEPMD INFO    batch   53000: trn: rmse = 4.93e-02, rmse_e = 1.14e-03, rmse_f = 1.87e-02, lr = 5.92e-06
[2026-04-18 04:41:52,804] DEEPMD INFO    batch   53000: val: rmse = 5.61e-02, rmse_e = 1.04e-03, rmse_f = 2.13e-02
[2026-04-18 04:41:52,804] DEEPMD INFO    batch   53000: total wall time = 24.07 s, eta = 0:18:51
[2026-04-18 04:42:17,262] DEEPMD INFO    batch   54000: trn: rmse = 7.87e-02, rmse_e = 4.76e-04, rmse_f = 2.99e-02, lr = 5.92e-06
[2026-04-18 04:42:17,262] DEEPMD INFO    batch   54000: val: rmse = 1.06e-01, rmse_e = 1.43e-03, rmse_f = 4.03e-02
[2026-04-18 04:42:17,263] DEEPMD INFO    batch   54000: total wall time = 24.46 s, eta = 0:18:45
[2026-04-18 04:42:42,258] DEEPMD INFO    batch   55000: trn: rmse = 6.52e-02, rmse_e = 7.42e-04, rmse_f = 2.48e-02, lr = 5.92e-06
[2026-04-18 04:42:42,258] DEEPMD INFO    batch   55000: val: rmse = 9.41e-02, rmse_e = 1.63e-03, rmse_f = 3.57e-02
[2026-04-18 04:42:42,259] DEEPMD INFO    batch   55000: total wall time = 25.00 s, eta = 0:18:44
[2026-04-18 04:43:07,332] DEEPMD INFO    batch   56000: trn: rmse = 4.35e-02, rmse_e = 4.12e-04, rmse_f = 2.04e-02, lr = 3.55e-06
[2026-04-18 04:43:07,332] DEEPMD INFO    batch   56000: val: rmse = 4.74e-02, rmse_e = 4.25e-04, rmse_f = 2.22e-02
[2026-04-18 04:43:07,332] DEEPMD INFO    batch   56000: total wall time = 25.07 s, eta = 0:18:23
[2026-04-18 04:43:31,753] DEEPMD INFO    batch   57000: trn: rmse = 5.56e-02, rmse_e = 8.67e-04, rmse_f = 2.61e-02, lr = 3.55e-06
[2026-04-18 04:43:31,753] DEEPMD INFO    batch   57000: val: rmse = 5.68e-02, rmse_e = 1.01e-03, rmse_f = 2.66e-02
[2026-04-18 04:43:31,753] DEEPMD INFO    batch   57000: total wall time = 24.42 s, eta = 0:17:30
[2026-04-18 04:43:56,595] DEEPMD INFO    batch   58000: trn: rmse = 6.49e-02, rmse_e = 1.17e-03, rmse_f = 3.04e-02, lr = 3.55e-06
[2026-04-18 04:43:56,596] DEEPMD INFO    batch   58000: val: rmse = 6.16e-02, rmse_e = 1.27e-03, rmse_f = 2.89e-02
[2026-04-18 04:43:56,596] DEEPMD INFO    batch   58000: total wall time = 24.84 s, eta = 0:17:23
[2026-04-18 04:44:21,458] DEEPMD INFO    batch   59000: trn: rmse = 4.71e-02, rmse_e = 2.17e-04, rmse_f = 2.21e-02, lr = 3.55e-06
[2026-04-18 04:44:21,459] DEEPMD INFO    batch   59000: val: rmse = 6.39e-02, rmse_e = 6.82e-04, rmse_f = 2.99e-02
[2026-04-18 04:44:21,459] DEEPMD INFO    batch   59000: total wall time = 24.86 s, eta = 0:16:59
[2026-04-18 04:44:45,841] DEEPMD INFO    batch   60000: trn: rmse = 4.50e-02, rmse_e = 1.01e-03, rmse_f = 2.11e-02, lr = 3.55e-06
[2026-04-18 04:44:45,841] DEEPMD INFO    batch   60000: val: rmse = 5.19e-02, rmse_e = 2.18e-04, rmse_f = 2.44e-02
[2026-04-18 04:44:45,842] DEEPMD INFO    batch   60000: total wall time = 24.38 s, eta = 0:16:15
[2026-04-18 04:44:45,869] DEEPMD INFO    Saved model to model.ckpt-60000.pt
[2026-04-18 04:45:10,787] DEEPMD INFO    batch   61000: trn: rmse = 4.97e-02, rmse_e = 1.05e-03, rmse_f = 2.81e-02, lr = 2.12e-06
[2026-04-18 04:45:10,787] DEEPMD INFO    batch   61000: val: rmse = 5.87e-02, rmse_e = 9.31e-04, rmse_f = 3.32e-02
[2026-04-18 04:45:10,787] DEEPMD INFO    batch   61000: total wall time = 24.95 s, eta = 0:16:12
[2026-04-18 04:45:35,587] DEEPMD INFO    batch   62000: trn: rmse = 5.73e-02, rmse_e = 7.02e-04, rmse_f = 3.24e-02, lr = 2.12e-06
[2026-04-18 04:45:35,587] DEEPMD INFO    batch   62000: val: rmse = 6.04e-02, rmse_e = 7.99e-04, rmse_f = 3.41e-02
[2026-04-18 04:45:35,588] DEEPMD INFO    batch   62000: total wall time = 24.80 s, eta = 0:15:42
[2026-04-18 04:46:00,363] DEEPMD INFO    batch   63000: trn: rmse = 4.19e-02, rmse_e = 2.42e-04, rmse_f = 2.37e-02, lr = 2.12e-06
[2026-04-18 04:46:00,363] DEEPMD INFO    batch   63000: val: rmse = 3.89e-02, rmse_e = 2.93e-04, rmse_f = 2.20e-02
[2026-04-18 04:46:00,363] DEEPMD INFO    batch   63000: total wall time = 24.78 s, eta = 0:15:16
[2026-04-18 04:46:24,449] DEEPMD INFO    batch   64000: trn: rmse = 3.96e-02, rmse_e = 6.27e-04, rmse_f = 2.24e-02, lr = 2.12e-06
[2026-04-18 04:46:24,449] DEEPMD INFO    batch   64000: val: rmse = 3.23e-02, rmse_e = 8.79e-04, rmse_f = 1.82e-02
[2026-04-18 04:46:24,450] DEEPMD INFO    batch   64000: total wall time = 24.09 s, eta = 0:14:27
[2026-04-18 04:46:48,928] DEEPMD INFO    batch   65000: trn: rmse = 4.41e-02, rmse_e = 6.45e-04, rmse_f = 2.50e-02, lr = 2.12e-06
[2026-04-18 04:46:48,928] DEEPMD INFO    batch   65000: val: rmse = 3.96e-02, rmse_e = 1.09e-03, rmse_f = 2.24e-02
[2026-04-18 04:46:48,929] DEEPMD INFO    batch   65000: total wall time = 24.48 s, eta = 0:14:16
[2026-04-18 04:47:13,216] DEEPMD INFO    batch   66000: trn: rmse = 4.22e-02, rmse_e = 5.95e-04, rmse_f = 2.80e-02, lr = 1.27e-06
[2026-04-18 04:47:13,216] DEEPMD INFO    batch   66000: val: rmse = 4.52e-02, rmse_e = 6.52e-04, rmse_f = 3.00e-02
[2026-04-18 04:47:13,217] DEEPMD INFO    batch   66000: total wall time = 24.29 s, eta = 0:13:45
[2026-04-18 04:47:37,686] DEEPMD INFO    batch   67000: trn: rmse = 4.36e-02, rmse_e = 5.41e-04, rmse_f = 2.89e-02, lr = 1.27e-06
[2026-04-18 04:47:37,687] DEEPMD INFO    batch   67000: val: rmse = 3.53e-02, rmse_e = 2.92e-04, rmse_f = 2.34e-02
[2026-04-18 04:47:37,687] DEEPMD INFO    batch   67000: total wall time = 24.47 s, eta = 0:13:27
[2026-04-18 04:48:02,114] DEEPMD INFO    batch   68000: trn: rmse = 3.08e-02, rmse_e = 9.20e-04, rmse_f = 2.04e-02, lr = 1.27e-06
[2026-04-18 04:48:02,114] DEEPMD INFO    batch   68000: val: rmse = 3.62e-02, rmse_e = 9.86e-04, rmse_f = 2.40e-02
[2026-04-18 04:48:02,114] DEEPMD INFO    batch   68000: total wall time = 24.43 s, eta = 0:13:01
[2026-04-18 04:48:26,633] DEEPMD INFO    batch   69000: trn: rmse = 3.49e-02, rmse_e = 2.90e-04, rmse_f = 2.31e-02, lr = 1.27e-06
[2026-04-18 04:48:26,633] DEEPMD INFO    batch   69000: val: rmse = 3.86e-02, rmse_e = 6.51e-04, rmse_f = 2.56e-02
[2026-04-18 04:48:26,634] DEEPMD INFO    batch   69000: total wall time = 24.52 s, eta = 0:12:40
[2026-04-18 04:48:51,569] DEEPMD INFO    batch   70000: trn: rmse = 3.76e-02, rmse_e = 7.99e-04, rmse_f = 2.49e-02, lr = 1.27e-06
[2026-04-18 04:48:51,569] DEEPMD INFO    batch   70000: val: rmse = 3.57e-02, rmse_e = 7.57e-04, rmse_f = 2.36e-02
[2026-04-18 04:48:51,569] DEEPMD INFO    batch   70000: total wall time = 24.94 s, eta = 0:12:28
[2026-04-18 04:48:51,596] DEEPMD INFO    Saved model to model.ckpt-70000.pt
[2026-04-18 04:49:15,673] DEEPMD INFO    batch   71000: trn: rmse = 2.79e-02, rmse_e = 4.37e-04, rmse_f = 2.10e-02, lr = 7.62e-07
[2026-04-18 04:49:15,673] DEEPMD INFO    batch   71000: val: rmse = 4.24e-02, rmse_e = 1.12e-03, rmse_f = 3.19e-02
[2026-04-18 04:49:15,674] DEEPMD INFO    batch   71000: total wall time = 24.10 s, eta = 0:11:39
[2026-04-18 04:49:40,342] DEEPMD INFO    batch   72000: trn: rmse = 3.07e-02, rmse_e = 6.64e-04, rmse_f = 2.31e-02, lr = 7.62e-07
[2026-04-18 04:49:40,342] DEEPMD INFO    batch   72000: val: rmse = 4.92e-02, rmse_e = 5.57e-04, rmse_f = 3.71e-02
[2026-04-18 04:49:40,343] DEEPMD INFO    batch   72000: total wall time = 24.67 s, eta = 0:11:30
[2026-04-18 04:50:05,075] DEEPMD INFO    batch   73000: trn: rmse = 2.97e-02, rmse_e = 5.75e-04, rmse_f = 2.24e-02, lr = 7.62e-07
[2026-04-18 04:50:05,076] DEEPMD INFO    batch   73000: val: rmse = 3.64e-02, rmse_e = 8.62e-04, rmse_f = 2.74e-02
[2026-04-18 04:50:05,076] DEEPMD INFO    batch   73000: total wall time = 24.73 s, eta = 0:11:07
[2026-04-18 04:50:29,191] DEEPMD INFO    batch   74000: trn: rmse = 3.29e-02, rmse_e = 4.18e-04, rmse_f = 2.48e-02, lr = 7.62e-07
[2026-04-18 04:50:29,192] DEEPMD INFO    batch   74000: val: rmse = 3.33e-02, rmse_e = 6.43e-04, rmse_f = 2.50e-02
[2026-04-18 04:50:29,192] DEEPMD INFO    batch   74000: total wall time = 24.12 s, eta = 0:10:27
[2026-04-18 04:50:53,473] DEEPMD INFO    batch   75000: trn: rmse = 3.35e-02, rmse_e = 5.16e-04, rmse_f = 2.52e-02, lr = 7.62e-07
[2026-04-18 04:50:53,473] DEEPMD INFO    batch   75000: val: rmse = 4.02e-02, rmse_e = 8.45e-04, rmse_f = 3.03e-02
[2026-04-18 04:50:53,474] DEEPMD INFO    batch   75000: total wall time = 24.28 s, eta = 0:10:07
[2026-04-18 04:51:17,041] DEEPMD INFO    batch   76000: trn: rmse = 3.14e-02, rmse_e = 6.02e-04, rmse_f = 2.60e-02, lr = 4.56e-07
[2026-04-18 04:51:17,042] DEEPMD INFO    batch   76000: val: rmse = 3.29e-02, rmse_e = 6.94e-04, rmse_f = 2.72e-02
[2026-04-18 04:51:17,042] DEEPMD INFO    batch   76000: total wall time = 23.57 s, eta = 0:09:25
[2026-04-18 04:51:41,917] DEEPMD INFO    batch   77000: trn: rmse = 2.28e-02, rmse_e = 4.68e-04, rmse_f = 1.88e-02, lr = 4.56e-07
[2026-04-18 04:51:41,918] DEEPMD INFO    batch   77000: val: rmse = 4.15e-02, rmse_e = 8.49e-04, rmse_f = 3.43e-02
[2026-04-18 04:51:41,918] DEEPMD INFO    batch   77000: total wall time = 24.88 s, eta = 0:09:32
[2026-04-18 04:52:06,137] DEEPMD INFO    batch   78000: trn: rmse = 2.14e-02, rmse_e = 5.63e-04, rmse_f = 1.77e-02, lr = 4.56e-07
[2026-04-18 04:52:06,138] DEEPMD INFO    batch   78000: val: rmse = 3.37e-02, rmse_e = 5.96e-04, rmse_f = 2.79e-02
[2026-04-18 04:52:06,138] DEEPMD INFO    batch   78000: total wall time = 24.22 s, eta = 0:08:52
[2026-04-18 04:52:30,736] DEEPMD INFO    batch   79000: trn: rmse = 2.44e-02, rmse_e = 5.10e-04, rmse_f = 2.02e-02, lr = 4.56e-07
[2026-04-18 04:52:30,736] DEEPMD INFO    batch   79000: val: rmse = 2.68e-02, rmse_e = 7.60e-04, rmse_f = 2.22e-02
[2026-04-18 04:52:30,736] DEEPMD INFO    batch   79000: total wall time = 24.60 s, eta = 0:08:36
[2026-04-18 04:52:56,025] DEEPMD INFO    batch   80000: trn: rmse = 2.83e-02, rmse_e = 7.66e-04, rmse_f = 2.34e-02, lr = 4.56e-07
[2026-04-18 04:52:56,025] DEEPMD INFO    batch   80000: val: rmse = 3.81e-02, rmse_e = 1.13e-03, rmse_f = 3.14e-02
[2026-04-18 04:52:56,026] DEEPMD INFO    batch   80000: total wall time = 25.29 s, eta = 0:08:25
[2026-04-18 04:52:56,052] DEEPMD INFO    Saved model to model.ckpt-80000.pt
[2026-04-18 04:53:20,596] DEEPMD INFO    batch   81000: trn: rmse = 3.49e-02, rmse_e = 5.64e-04, rmse_f = 3.09e-02, lr = 2.73e-07
[2026-04-18 04:53:20,597] DEEPMD INFO    batch   81000: val: rmse = 3.10e-02, rmse_e = 7.41e-04, rmse_f = 2.75e-02
[2026-04-18 04:53:20,597] DEEPMD INFO    batch   81000: total wall time = 24.57 s, eta = 0:07:46
[2026-04-18 04:53:44,945] DEEPMD INFO    batch   82000: trn: rmse = 3.03e-02, rmse_e = 6.82e-04, rmse_f = 2.68e-02, lr = 2.73e-07
[2026-04-18 04:53:44,945] DEEPMD INFO    batch   82000: val: rmse = 3.09e-02, rmse_e = 8.28e-04, rmse_f = 2.73e-02
[2026-04-18 04:53:44,945] DEEPMD INFO    batch   82000: total wall time = 24.35 s, eta = 0:07:18
[2026-04-18 04:54:09,394] DEEPMD INFO    batch   83000: trn: rmse = 2.78e-02, rmse_e = 8.68e-04, rmse_f = 2.45e-02, lr = 2.73e-07
[2026-04-18 04:54:09,395] DEEPMD INFO    batch   83000: val: rmse = 2.84e-02, rmse_e = 4.10e-04, rmse_f = 2.52e-02
[2026-04-18 04:54:09,395] DEEPMD INFO    batch   83000: total wall time = 24.45 s, eta = 0:06:55
[2026-04-18 04:54:33,389] DEEPMD INFO    batch   84000: trn: rmse = 2.63e-02, rmse_e = 3.77e-04, rmse_f = 2.33e-02, lr = 2.73e-07
[2026-04-18 04:54:33,389] DEEPMD INFO    batch   84000: val: rmse = 2.21e-02, rmse_e = 1.81e-04, rmse_f = 1.96e-02
[2026-04-18 04:54:33,389] DEEPMD INFO    batch   84000: total wall time = 23.99 s, eta = 0:06:23
[2026-04-18 04:54:58,140] DEEPMD INFO    batch   85000: trn: rmse = 2.36e-02, rmse_e = 1.75e-04, rmse_f = 2.09e-02, lr = 2.73e-07
[2026-04-18 04:54:58,140] DEEPMD INFO    batch   85000: val: rmse = 3.18e-02, rmse_e = 6.72e-04, rmse_f = 2.82e-02
[2026-04-18 04:54:58,140] DEEPMD INFO    batch   85000: total wall time = 24.75 s, eta = 0:06:11
[2026-04-18 04:55:23,555] DEEPMD INFO    batch   86000: trn: rmse = 2.77e-02, rmse_e = 1.20e-04, rmse_f = 2.57e-02, lr = 1.63e-07
[2026-04-18 04:55:23,556] DEEPMD INFO    batch   86000: val: rmse = 2.43e-02, rmse_e = 2.17e-04, rmse_f = 2.25e-02
[2026-04-18 04:55:23,556] DEEPMD INFO    batch   86000: total wall time = 25.42 s, eta = 0:05:55
[2026-04-18 04:55:48,054] DEEPMD INFO    batch   87000: trn: rmse = 1.79e-02, rmse_e = 3.06e-04, rmse_f = 1.65e-02, lr = 1.63e-07
[2026-04-18 04:55:48,055] DEEPMD INFO    batch   87000: val: rmse = 2.31e-02, rmse_e = 1.53e-04, rmse_f = 2.14e-02
[2026-04-18 04:55:48,055] DEEPMD INFO    batch   87000: total wall time = 24.50 s, eta = 0:05:18
[2026-04-18 04:56:12,772] DEEPMD INFO    batch   88000: trn: rmse = 2.25e-02, rmse_e = 7.09e-04, rmse_f = 2.08e-02, lr = 1.63e-07
[2026-04-18 04:56:12,773] DEEPMD INFO    batch   88000: val: rmse = 2.32e-02, rmse_e = 7.91e-04, rmse_f = 2.14e-02
[2026-04-18 04:56:12,773] DEEPMD INFO    batch   88000: total wall time = 24.72 s, eta = 0:04:56
[2026-04-18 04:56:36,683] DEEPMD INFO    batch   89000: trn: rmse = 2.56e-02, rmse_e = 3.29e-04, rmse_f = 2.38e-02, lr = 1.63e-07
[2026-04-18 04:56:36,683] DEEPMD INFO    batch   89000: val: rmse = 3.37e-02, rmse_e = 6.19e-04, rmse_f = 3.12e-02
[2026-04-18 04:56:36,684] DEEPMD INFO    batch   89000: total wall time = 23.91 s, eta = 0:04:23
[2026-04-18 04:57:00,890] DEEPMD INFO    batch   90000: trn: rmse = 2.54e-02, rmse_e = 3.96e-04, rmse_f = 2.35e-02, lr = 1.63e-07
[2026-04-18 04:57:00,890] DEEPMD INFO    batch   90000: val: rmse = 2.89e-02, rmse_e = 6.84e-04, rmse_f = 2.67e-02
[2026-04-18 04:57:00,890] DEEPMD INFO    batch   90000: total wall time = 24.21 s, eta = 0:04:02
[2026-04-18 04:57:00,917] DEEPMD INFO    Saved model to model.ckpt-90000.pt
[2026-04-18 04:57:24,793] DEEPMD INFO    batch   91000: trn: rmse = 2.78e-02, rmse_e = 5.44e-04, rmse_f = 2.65e-02, lr = 9.79e-08
[2026-04-18 04:57:24,794] DEEPMD INFO    batch   91000: val: rmse = 2.36e-02, rmse_e = 2.61e-04, rmse_f = 2.25e-02
[2026-04-18 04:57:24,794] DEEPMD INFO    batch   91000: total wall time = 23.90 s, eta = 0:03:35
[2026-04-18 04:57:48,632] DEEPMD INFO    batch   92000: trn: rmse = 2.37e-02, rmse_e = 5.78e-04, rmse_f = 2.25e-02, lr = 9.79e-08
[2026-04-18 04:57:48,632] DEEPMD INFO    batch   92000: val: rmse = 2.76e-02, rmse_e = 8.20e-04, rmse_f = 2.62e-02
[2026-04-18 04:57:48,632] DEEPMD INFO    batch   92000: total wall time = 23.84 s, eta = 0:03:10
[2026-04-18 04:58:13,403] DEEPMD INFO    batch   93000: trn: rmse = 2.50e-02, rmse_e = 4.04e-04, rmse_f = 2.39e-02, lr = 9.79e-08
[2026-04-18 04:58:13,403] DEEPMD INFO    batch   93000: val: rmse = 2.71e-02, rmse_e = 2.24e-04, rmse_f = 2.59e-02
[2026-04-18 04:58:13,404] DEEPMD INFO    batch   93000: total wall time = 24.77 s, eta = 0:02:53
[2026-04-18 04:58:37,429] DEEPMD INFO    batch   94000: trn: rmse = 2.72e-02, rmse_e = 4.42e-04, rmse_f = 2.59e-02, lr = 9.79e-08
[2026-04-18 04:58:37,429] DEEPMD INFO    batch   94000: val: rmse = 2.78e-02, rmse_e = 7.64e-04, rmse_f = 2.64e-02
[2026-04-18 04:58:37,430] DEEPMD INFO    batch   94000: total wall time = 24.03 s, eta = 0:02:24
[2026-04-18 04:59:02,685] DEEPMD INFO    batch   95000: trn: rmse = 3.10e-02, rmse_e = 9.55e-04, rmse_f = 2.95e-02, lr = 9.79e-08
[2026-04-18 04:59:02,685] DEEPMD INFO    batch   95000: val: rmse = 3.38e-02, rmse_e = 8.60e-04, rmse_f = 3.22e-02
[2026-04-18 04:59:02,685] DEEPMD INFO    batch   95000: total wall time = 25.26 s, eta = 0:02:06
[2026-04-18 04:59:26,833] DEEPMD INFO    batch   96000: trn: rmse = 2.89e-02, rmse_e = 5.88e-04, rmse_f = 2.80e-02, lr = 5.86e-08
[2026-04-18 04:59:26,834] DEEPMD INFO    batch   96000: val: rmse = 2.65e-02, rmse_e = 5.44e-04, rmse_f = 2.57e-02
[2026-04-18 04:59:26,834] DEEPMD INFO    batch   96000: total wall time = 24.15 s, eta = 0:01:36
[2026-04-18 04:59:51,235] DEEPMD INFO    batch   97000: trn: rmse = 2.67e-02, rmse_e = 5.52e-04, rmse_f = 2.59e-02, lr = 5.86e-08
[2026-04-18 04:59:51,236] DEEPMD INFO    batch   97000: val: rmse = 1.92e-02, rmse_e = 1.76e-04, rmse_f = 1.86e-02
[2026-04-18 04:59:51,236] DEEPMD INFO    batch   97000: total wall time = 24.40 s, eta = 0:01:13
[2026-04-18 05:00:15,766] DEEPMD INFO    batch   98000: trn: rmse = 2.49e-02, rmse_e = 3.94e-04, rmse_f = 2.42e-02, lr = 5.86e-08
[2026-04-18 05:00:15,767] DEEPMD INFO    batch   98000: val: rmse = 2.64e-02, rmse_e = 5.06e-04, rmse_f = 2.56e-02
[2026-04-18 05:00:15,767] DEEPMD INFO    batch   98000: total wall time = 24.53 s, eta = 0:00:49
[2026-04-18 05:00:39,924] DEEPMD INFO    batch   99000: trn: rmse = 2.07e-02, rmse_e = 4.60e-04, rmse_f = 2.01e-02, lr = 5.86e-08
[2026-04-18 05:00:39,924] DEEPMD INFO    batch   99000: val: rmse = 3.35e-02, rmse_e = 5.11e-04, rmse_f = 3.25e-02
[2026-04-18 05:00:39,925] DEEPMD INFO    batch   99000: total wall time = 24.16 s, eta = 0:00:24
[2026-04-18 05:01:04,347] DEEPMD INFO    batch  100000: trn: rmse = 2.64e-02, rmse_e = 3.55e-04, rmse_f = 2.56e-02, lr = 5.86e-08
[2026-04-18 05:01:04,347] DEEPMD INFO    batch  100000: val: rmse = 3.29e-02, rmse_e = 6.92e-04, rmse_f = 3.19e-02
[2026-04-18 05:01:04,347] DEEPMD INFO    batch  100000: total wall time = 24.42 s, eta = 0:00:00
[2026-04-18 05:01:04,374] DEEPMD INFO    Saved model to model.ckpt-100000.pt
[2026-04-18 05:01:04,375] DEEPMD INFO    average training time: 0.0244 s/batch (1000 batches excluded)
[2026-04-18 05:01:04,375] DEEPMD INFO    Trained model has been saved to: model.ckpt
2026-04-18 05:01:05,145 - sparc.src.deepmd - INFO - Training completed successfully
2026-04-18 05:01:05,145 - INFO - Training completed successfully
[SPARC][INFO] Freezing model: dp --pt freeze -o frozen_model_1.pth
To get the best performance, it is recommended to adjust the number of threads by setting the environment variables OMP_NUM_THREADS, DP_INTRA_OP_PARALLELISM_THREADS, and DP_INTER_OP_PARALLELISM_THREADS. See https://deepmd.rtfd.io/parallelism/ for more information.
/home/rverma7/anaconda3/envs/sparcGNN/lib/python3.10/site-packages/e3nn/o3/_wigner.py:10: UserWarning: Environment variable TORCH_FORCE_NO_WEIGHTS_ONLY_LOAD detected, since the`weights_only` argument was not explicitly passed to `torch.load`, forcing weights_only=False.
  _Jd, _W3j_flat, _W3j_indices = torch.load(os.path.join(os.path.dirname(__file__), 'constants.pt'))
/home/rverma7/anaconda3/envs/sparcGNN/lib/python3.10/site-packages/nequip/__init__.py:20: UserWarning: !! PyTorch version 2.6.0 found. Upstream issues in PyTorch versions 1.13.* and 2.* have been seen to cause unusual performance degredations on some CUDA systems that become worse over time; see https://github.com/mir-group/nequip/discussions/311. The best tested PyTorch version to use with CUDA devices is 1.11; while using other versions if you observe this problem, an unexpected lack of this problem, or other strange behavior, please post in the linked GitHub issue.
  warnings.warn(
[2026-04-18 05:01:07,715] DEEPMD INFO    DeePMD version: 3.1.1
[2026-04-18 05:01:08,381] DEEPMD INFO    Saved frozen model to frozen_model_1.pth
2026-04-18 05:01:09,026 - sparc.src.deepmd - INFO - Model frozen successfully
2026-04-18 05:01:09,026 - INFO - Model frozen successfully
[SPARC][INFO] ================================================================================
[SPARC][INFO] DeepMD Model Evaluation Results
[SPARC][INFO] --------------------------------------------------------------------------------
[SPARC][INFO] [2026-04-18 05:01:10,452] DEEPMD WARNING To get the best performance, it is recommended to adjust the number of threads by setting the environment variables OMP_NUM_THREADS, DP_INTRA_OP_PARALLELISM_THREADS, and DP_INTER_OP_PARALLELISM_THREADS. See https://deepmd.rtfd.io/parallelism/ for more information.
/home/rverma7/anaconda3/envs/sparcGNN/lib/python3.10/site-packages/e3nn/o3/_wigner.py:10: UserWarning: Environment variable TORCH_FORCE_NO_WEIGHTS_ONLY_LOAD detected, since the`weights_only` argument was not explicitly passed to `torch.load`, forcing weights_only=False.
  _Jd, _W3j_flat, _W3j_indices = torch.load(os.path.join(os.path.dirname(__file__), 'constants.pt'))
/home/rverma7/anaconda3/envs/sparcGNN/lib/python3.10/site-packages/nequip/__init__.py:20: UserWarning: !! PyTorch version 2.6.0 found. Upstream issues in PyTorch versions 1.13.* and 2.* have been seen to cause unusual performance degredations on some CUDA systems that become worse over time; see https://github.com/mir-group/nequip/discussions/311. The best tested PyTorch version to use with CUDA devices is 1.11; while using other versions if you observe this problem, an unexpected lack of this problem, or other strange behavior, please post in the linked GitHub issue.
  warnings.warn(
[2026-04-18 05:01:12,207] DEEPMD INFO    # ---------------output of dp test--------------- 
[2026-04-18 05:01:12,207] DEEPMD INFO    # testing system : /home/rverma7/My_Program/0.3_sparc/examples/CP2K/workflow/DeePMD_training/00.data/validation_data
[2026-04-18 05:01:13,178] DEEPMD INFO    # number of test data : 53 
[2026-04-18 05:01:13,178] DEEPMD INFO    Energy MAE         : 3.637574e-03 eV
[2026-04-18 05:01:13,178] DEEPMD INFO    Energy RMSE        : 4.997150e-03 eV
[2026-04-18 05:01:13,178] DEEPMD INFO    Energy MAE/Natoms  : 4.546968e-04 eV
[2026-04-18 05:01:13,178] DEEPMD INFO    Energy RMSE/Natoms : 6.246437e-04 eV
[2026-04-18 05:01:13,178] DEEPMD INFO    Force  MAE         : 1.974492e-02 eV/Å
[2026-04-18 05:01:13,178] DEEPMD INFO    Force  RMSE        : 2.659340e-02 eV/Å
[2026-04-18 05:01:13,178] DEEPMD INFO    # ----------------------------------------------- 
[2026-04-18 05:01:13,178] DEEPMD INFO    # ----------weighted average of errors----------- 
[2026-04-18 05:01:13,178] DEEPMD INFO    # number of systems : 1
[2026-04-18 05:01:13,178] DEEPMD INFO    Energy MAE         : 3.637574e-03 eV
[2026-04-18 05:01:13,178] DEEPMD INFO    Energy RMSE        : 4.997150e-03 eV
[2026-04-18 05:01:13,178] DEEPMD INFO    Energy MAE/Natoms  : 4.546968e-04 eV
[2026-04-18 05:01:13,178] DEEPMD INFO    Energy RMSE/Natoms : 6.246437e-04 eV
[2026-04-18 05:01:13,178] DEEPMD INFO    Force  MAE         : 1.974492e-02 eV/Å
[2026-04-18 05:01:13,178] DEEPMD INFO    Force  RMSE        : 2.659340e-02 eV/Å
[2026-04-18 05:01:13,178] DEEPMD INFO    # -----------------------------------------------
[SPARC][INFO] ================================================================================
[SPARC][INFO] ================================================================================
[SPARC][INFO]  Training Model 2/3
[SPARC][INFO]  Directory: iter_000004/01.train/training_2
[SPARC][INFO] ================================================================================
2026-04-18 05:01:13,993 - sparc.src.deepmd - INFO - Training directory: iter_000004/01.train/training_2
2026-04-18 05:01:13,993 - INFO - Training directory: iter_000004/01.train/training_2
[SPARC][INFO]  Training Model 2/3
[SPARC][INFO] Directory                      iter_000004/01.train/training_2
[SPARC][INFO] Running command: dp --pt train input.json
To get the best performance, it is recommended to adjust the number of threads by setting the environment variables OMP_NUM_THREADS, DP_INTRA_OP_PARALLELISM_THREADS, and DP_INTER_OP_PARALLELISM_THREADS. See https://deepmd.rtfd.io/parallelism/ for more information.
/home/rverma7/anaconda3/envs/sparcGNN/lib/python3.10/site-packages/e3nn/o3/_wigner.py:10: UserWarning: Environment variable TORCH_FORCE_NO_WEIGHTS_ONLY_LOAD detected, since the`weights_only` argument was not explicitly passed to `torch.load`, forcing weights_only=False.
  _Jd, _W3j_flat, _W3j_indices = torch.load(os.path.join(os.path.dirname(__file__), 'constants.pt'))
/home/rverma7/anaconda3/envs/sparcGNN/lib/python3.10/site-packages/nequip/__init__.py:20: UserWarning: !! PyTorch version 2.6.0 found. Upstream issues in PyTorch versions 1.13.* and 2.* have been seen to cause unusual performance degredations on some CUDA systems that become worse over time; see https://github.com/mir-group/nequip/discussions/311. The best tested PyTorch version to use with CUDA devices is 1.11; while using other versions if you observe this problem, an unexpected lack of this problem, or other strange behavior, please post in the linked GitHub issue.
  warnings.warn(
[2026-04-18 05:01:16,546] DEEPMD INFO    DeePMD version: 3.1.1
[2026-04-18 05:01:16,546] DEEPMD INFO    Configuration path: input.json
[2026-04-18 05:01:16,564] DEEPMD INFO     _____               _____   __  __  _____           _     _  _   
[2026-04-18 05:01:16,564] DEEPMD INFO    |  __ \             |  __ \ |  \/  ||  __ \         | |   (_)| |  
[2026-04-18 05:01:16,564] DEEPMD INFO    | |  | |  ___   ___ | |__) || \  / || |  | | ______ | | __ _ | |_ 
[2026-04-18 05:01:16,564] DEEPMD INFO    | |  | | / _ \ / _ \|  ___/ | |\/| || |  | ||______|| |/ /| || __|
[2026-04-18 05:01:16,564] DEEPMD INFO    | |__| ||  __/|  __/| |     | |  | || |__| |        |   < | || |_ 
[2026-04-18 05:01:16,564] DEEPMD INFO    |_____/  \___| \___||_|     |_|  |_||_____/         |_|\_\|_| \__|
[2026-04-18 05:01:16,564] DEEPMD INFO    Please read and cite:
[2026-04-18 05:01:16,564] DEEPMD INFO    Wang, Zhang, Han and E, Comput.Phys.Comm. 228, 178-184 (2018)
[2026-04-18 05:01:16,564] DEEPMD INFO    Zeng et al, J. Chem. Phys., 159, 054801 (2023)
[2026-04-18 05:01:16,564] DEEPMD INFO    Zeng et al, J. Chem. Theory Comput., 21, 4375-4385 (2025)
[2026-04-18 05:01:16,564] DEEPMD INFO    See https://deepmd.rtfd.io/credits/ for details.
[2026-04-18 05:01:16,564] DEEPMD INFO    ------------------------------------------------------------------------------------------------------------------------------
[2026-04-18 05:01:16,564] DEEPMD INFO    installed to:          /home/rverma7/anaconda3/envs/sparcGNN/lib/python3.10/site-packages/deepmd
[2026-04-18 05:01:16,564] DEEPMD INFO    source:                
[2026-04-18 05:01:16,564] DEEPMD INFO    source branch:         HEAD
[2026-04-18 05:01:16,564] DEEPMD INFO    source commit:         9b566bf
[2026-04-18 05:01:16,564] DEEPMD INFO    source commit at:      2025-10-01 20:34:25 +0200
[2026-04-18 05:01:16,564] DEEPMD INFO    use float prec:        double
[2026-04-18 05:01:16,564] DEEPMD INFO    build variant:         cuda
[2026-04-18 05:01:16,564] DEEPMD INFO    Backend:               PyTorch
[2026-04-18 05:01:16,564] DEEPMD INFO    PT ver:                v2.6.0-gUnknown
[2026-04-18 05:01:16,564] DEEPMD INFO    Enable custom OP:      True
[2026-04-18 05:01:16,564] DEEPMD INFO    build with PT ver:     2.6.0
[2026-04-18 05:01:16,564] DEEPMD INFO    build with PT inc:     /home/rverma7/anaconda3/envs/sparcGNN/lib/python3.10/site-packages/torch/include
[2026-04-18 05:01:16,564] DEEPMD INFO                           /home/rverma7/anaconda3/envs/sparcGNN/lib/python3.10/site-packages/torch/include/torch/csrc/api/include
[2026-04-18 05:01:16,564] DEEPMD INFO    build with PT lib:     /home/rverma7/anaconda3/envs/sparcGNN/lib/python3.10/site-packages/torch/lib
[2026-04-18 05:01:16,564] DEEPMD INFO    running on:            cbe-dt-319.che.ncsu.edu
[2026-04-18 05:01:16,564] DEEPMD INFO    computing device:      cuda:0
[2026-04-18 05:01:16,564] DEEPMD INFO    CUDA_VISIBLE_DEVICES:  unset
[2026-04-18 05:01:16,564] DEEPMD INFO    Count of visible GPUs: 2
[2026-04-18 05:01:16,564] DEEPMD INFO    num_intra_threads:     0
[2026-04-18 05:01:16,564] DEEPMD INFO    num_inter_threads:     0
[2026-04-18 05:01:16,564] DEEPMD INFO    ------------------------------------------------------------------------------------------------------------------------------
[2026-04-18 05:01:16,601] DEEPMD INFO    Calculate neighbor statistics... (add --skip-neighbor-stat to skip this step)
[2026-04-18 05:01:16,908] DEEPMD INFO    Adjust batch size from 1024 to 2048
[2026-04-18 05:01:16,951] DEEPMD INFO    Neighbor statistics: training data with minimal neighbor distance: 0.956954
[2026-04-18 05:01:16,951] DEEPMD INFO    Neighbor statistics: training data with maximum neighbor size: [1 6 1] (cutoff radius: 6.000000)
[2026-04-18 05:01:16,952] DEEPMD INFO    Constructing DataLoaders from 1 systems
[2026-04-18 05:01:16,959] DEEPMD INFO    Constructing DataLoaders from 1 systems
[2026-04-18 05:01:16,994] DEEPMD INFO    Packing data for statistics from 1 systems
[2026-04-18 05:01:17,189] DEEPMD INFO    RMSE of energy per atom after linear regression is: 0.01898892126882395 in the unit of energy.
[2026-04-18 05:01:17,191] DEEPMD INFO    ---Summary of DataSystem: training     -----------------------------------------------
[2026-04-18 05:01:17,191] DEEPMD INFO    found 1 system(s):
[2026-04-18 05:01:17,191] DEEPMD INFO                                        system  natoms  bch_sz   n_bch       prob  pbc
[2026-04-18 05:01:17,191] DEEPMD INFO    -- w/DeePMD_training/00.data/training_data       8       4      52  1.000e+00    T
[2026-04-18 05:01:17,191] DEEPMD INFO    --------------------------------------------------------------------------------------
[2026-04-18 05:01:17,192] DEEPMD INFO    ---Summary of DataSystem: validation   -----------------------------------------------
[2026-04-18 05:01:17,192] DEEPMD INFO    found 1 system(s):
[2026-04-18 05:01:17,192] DEEPMD INFO                                        system  natoms  bch_sz   n_bch       prob  pbc
[2026-04-18 05:01:17,192] DEEPMD INFO    -- DeePMD_training/00.data/validation_data       8       4      13  1.000e+00    T
[2026-04-18 05:01:17,192] DEEPMD INFO    --------------------------------------------------------------------------------------
[2026-04-18 05:01:17,192] DEEPMD INFO    Start to train 100000 steps.
[2026-04-18 05:01:17,856] DEEPMD INFO    batch       1: trn: rmse = 4.32e+01, rmse_e = 7.01e-01, rmse_f = 1.37e+00, lr = 1.00e-03
[2026-04-18 05:01:17,857] DEEPMD INFO    batch       1: val: rmse = 8.10e+01, rmse_e = 8.89e-01, rmse_f = 2.56e+00
[2026-04-18 05:01:17,857] DEEPMD INFO    batch       1: total wall time = 0.66 s, eta = 18:27:12
[2026-04-18 05:01:42,034] DEEPMD INFO    batch    1000: trn: rmse = 6.76e+00, rmse_e = 7.04e-01, rmse_f = 2.13e-01, lr = 1.00e-03
[2026-04-18 05:01:42,034] DEEPMD INFO    batch    1000: val: rmse = 6.92e+00, rmse_e = 7.42e-01, rmse_f = 2.19e-01
[2026-04-18 05:01:42,035] DEEPMD INFO    batch    1000: total wall time = 24.18 s, eta = 0:39:53
[2026-04-18 05:02:05,615] DEEPMD INFO    batch    2000: trn: rmse = 4.51e+00, rmse_e = 2.67e-02, rmse_f = 1.43e-01, lr = 1.00e-03
[2026-04-18 05:02:05,615] DEEPMD INFO    batch    2000: val: rmse = 4.50e+00, rmse_e = 2.50e-03, rmse_f = 1.42e-01
[2026-04-18 05:02:05,616] DEEPMD INFO    batch    2000: total wall time = 23.58 s, eta = 0:38:30
[2026-04-18 05:02:28,976] DEEPMD INFO    batch    3000: trn: rmse = 3.28e+00, rmse_e = 2.66e-02, rmse_f = 1.04e-01, lr = 1.00e-03
[2026-04-18 05:02:28,977] DEEPMD INFO    batch    3000: val: rmse = 3.54e+00, rmse_e = 2.62e-02, rmse_f = 1.12e-01
[2026-04-18 05:02:28,977] DEEPMD INFO    batch    3000: total wall time = 23.36 s, eta = 0:37:46
[2026-04-18 05:02:53,330] DEEPMD INFO    batch    4000: trn: rmse = 4.85e+00, rmse_e = 5.79e-02, rmse_f = 1.53e-01, lr = 1.00e-03
[2026-04-18 05:02:53,330] DEEPMD INFO    batch    4000: val: rmse = 3.91e+00, rmse_e = 2.90e-02, rmse_f = 1.24e-01
[2026-04-18 05:02:53,330] DEEPMD INFO    batch    4000: total wall time = 24.35 s, eta = 0:38:57
[2026-04-18 05:03:17,788] DEEPMD INFO    batch    5000: trn: rmse = 3.63e+00, rmse_e = 1.72e-02, rmse_f = 1.15e-01, lr = 1.00e-03
[2026-04-18 05:03:17,789] DEEPMD INFO    batch    5000: val: rmse = 2.92e+00, rmse_e = 3.56e-02, rmse_f = 9.23e-02
[2026-04-18 05:03:17,789] DEEPMD INFO    batch    5000: total wall time = 24.46 s, eta = 0:38:43
[2026-04-18 05:03:42,130] DEEPMD INFO    batch    6000: trn: rmse = 1.67e+00, rmse_e = 1.49e-02, rmse_f = 6.81e-02, lr = 5.99e-04
[2026-04-18 05:03:42,131] DEEPMD INFO    batch    6000: val: rmse = 1.72e+00, rmse_e = 1.33e-02, rmse_f = 7.03e-02
[2026-04-18 05:03:42,131] DEEPMD INFO    batch    6000: total wall time = 24.34 s, eta = 0:38:08
[2026-04-18 05:04:06,529] DEEPMD INFO    batch    7000: trn: rmse = 1.96e+00, rmse_e = 1.57e-02, rmse_f = 8.02e-02, lr = 5.99e-04
[2026-04-18 05:04:06,529] DEEPMD INFO    batch    7000: val: rmse = 2.04e+00, rmse_e = 2.98e-02, rmse_f = 8.35e-02
[2026-04-18 05:04:06,529] DEEPMD INFO    batch    7000: total wall time = 24.40 s, eta = 0:37:49
[2026-04-18 05:04:30,528] DEEPMD INFO    batch    8000: trn: rmse = 1.54e+00, rmse_e = 1.10e-02, rmse_f = 6.29e-02, lr = 5.99e-04
[2026-04-18 05:04:30,528] DEEPMD INFO    batch    8000: val: rmse = 1.67e+00, rmse_e = 1.32e-02, rmse_f = 6.83e-02
[2026-04-18 05:04:30,528] DEEPMD INFO    batch    8000: total wall time = 24.00 s, eta = 0:36:47
[2026-04-18 05:04:55,042] DEEPMD INFO    batch    9000: trn: rmse = 1.47e+00, rmse_e = 9.89e-03, rmse_f = 5.99e-02, lr = 5.99e-04
[2026-04-18 05:04:55,042] DEEPMD INFO    batch    9000: val: rmse = 1.63e+00, rmse_e = 1.59e-02, rmse_f = 6.66e-02
[2026-04-18 05:04:55,043] DEEPMD INFO    batch    9000: total wall time = 24.51 s, eta = 0:37:10
[2026-04-18 05:05:19,004] DEEPMD INFO    batch   10000: trn: rmse = 1.66e+00, rmse_e = 1.23e-02, rmse_f = 6.78e-02, lr = 5.99e-04
[2026-04-18 05:05:19,004] DEEPMD INFO    batch   10000: val: rmse = 1.17e+00, rmse_e = 1.19e-02, rmse_f = 4.76e-02
[2026-04-18 05:05:19,005] DEEPMD INFO    batch   10000: total wall time = 23.96 s, eta = 0:35:56
[2026-04-18 05:05:19,031] DEEPMD INFO    Saved model to model.ckpt-10000.pt
[2026-04-18 05:05:42,774] DEEPMD INFO    batch   11000: trn: rmse = 1.28e+00, rmse_e = 1.31e-02, rmse_f = 6.77e-02, lr = 3.59e-04
[2026-04-18 05:05:42,775] DEEPMD INFO    batch   11000: val: rmse = 9.72e-01, rmse_e = 2.01e-02, rmse_f = 5.12e-02
[2026-04-18 05:05:42,775] DEEPMD INFO    batch   11000: total wall time = 23.77 s, eta = 0:35:15
[2026-04-18 05:06:05,798] DEEPMD INFO    batch   12000: trn: rmse = 9.13e-01, rmse_e = 1.11e-02, rmse_f = 4.82e-02, lr = 3.59e-04
[2026-04-18 05:06:05,798] DEEPMD INFO    batch   12000: val: rmse = 9.16e-01, rmse_e = 2.09e-02, rmse_f = 4.83e-02
[2026-04-18 05:06:05,799] DEEPMD INFO    batch   12000: total wall time = 23.02 s, eta = 0:33:46
[2026-04-18 05:06:30,111] DEEPMD INFO    batch   13000: trn: rmse = 8.56e-01, rmse_e = 7.87e-03, rmse_f = 4.52e-02, lr = 3.59e-04
[2026-04-18 05:06:30,111] DEEPMD INFO    batch   13000: val: rmse = 1.11e+00, rmse_e = 2.02e-03, rmse_f = 5.85e-02
[2026-04-18 05:06:30,112] DEEPMD INFO    batch   13000: total wall time = 24.31 s, eta = 0:35:15
[2026-04-18 05:06:55,027] DEEPMD INFO    batch   14000: trn: rmse = 1.21e+00, rmse_e = 3.99e-02, rmse_f = 6.36e-02, lr = 3.59e-04
[2026-04-18 05:06:55,027] DEEPMD INFO    batch   14000: val: rmse = 1.21e+00, rmse_e = 2.90e-02, rmse_f = 6.36e-02
[2026-04-18 05:06:55,027] DEEPMD INFO    batch   14000: total wall time = 24.92 s, eta = 0:35:42
[2026-04-18 05:07:18,915] DEEPMD INFO    batch   15000: trn: rmse = 8.02e-01, rmse_e = 8.93e-03, rmse_f = 4.23e-02, lr = 3.59e-04
[2026-04-18 05:07:18,915] DEEPMD INFO    batch   15000: val: rmse = 1.02e+00, rmse_e = 6.32e-03, rmse_f = 5.36e-02
[2026-04-18 05:07:18,916] DEEPMD INFO    batch   15000: total wall time = 23.89 s, eta = 0:33:50
[2026-04-18 05:07:43,428] DEEPMD INFO    batch   16000: trn: rmse = 6.34e-01, rmse_e = 6.56e-03, rmse_f = 4.32e-02, lr = 2.15e-04
[2026-04-18 05:07:43,428] DEEPMD INFO    batch   16000: val: rmse = 7.31e-01, rmse_e = 2.07e-03, rmse_f = 4.98e-02
[2026-04-18 05:07:43,429] DEEPMD INFO    batch   16000: total wall time = 24.51 s, eta = 0:34:19
[2026-04-18 05:08:07,537] DEEPMD INFO    batch   17000: trn: rmse = 5.72e-01, rmse_e = 3.75e-03, rmse_f = 3.89e-02, lr = 2.15e-04
[2026-04-18 05:08:07,537] DEEPMD INFO    batch   17000: val: rmse = 5.27e-01, rmse_e = 3.10e-03, rmse_f = 3.59e-02
[2026-04-18 05:08:07,537] DEEPMD INFO    batch   17000: total wall time = 24.11 s, eta = 0:33:20
[2026-04-18 05:08:31,254] DEEPMD INFO    batch   18000: trn: rmse = 6.14e-01, rmse_e = 9.31e-03, rmse_f = 4.18e-02, lr = 2.15e-04
[2026-04-18 05:08:31,254] DEEPMD INFO    batch   18000: val: rmse = 7.96e-01, rmse_e = 7.49e-03, rmse_f = 5.42e-02
[2026-04-18 05:08:31,255] DEEPMD INFO    batch   18000: total wall time = 23.72 s, eta = 0:32:24
[2026-04-18 05:08:55,565] DEEPMD INFO    batch   19000: trn: rmse = 5.86e-01, rmse_e = 5.27e-03, rmse_f = 3.99e-02, lr = 2.15e-04
[2026-04-18 05:08:55,565] DEEPMD INFO    batch   19000: val: rmse = 6.78e-01, rmse_e = 2.33e-03, rmse_f = 4.62e-02
[2026-04-18 05:08:55,565] DEEPMD INFO    batch   19000: total wall time = 24.31 s, eta = 0:32:49
[2026-04-18 05:09:19,747] DEEPMD INFO    batch   20000: trn: rmse = 6.00e-01, rmse_e = 2.74e-03, rmse_f = 4.08e-02, lr = 2.15e-04
[2026-04-18 05:09:19,748] DEEPMD INFO    batch   20000: val: rmse = 7.57e-01, rmse_e = 2.11e-03, rmse_f = 5.16e-02
[2026-04-18 05:09:19,748] DEEPMD INFO    batch   20000: total wall time = 24.18 s, eta = 0:32:14
[2026-04-18 05:09:19,774] DEEPMD INFO    Saved model to model.ckpt-20000.pt
[2026-04-18 05:09:43,756] DEEPMD INFO    batch   21000: trn: rmse = 5.21e-01, rmse_e = 6.13e-03, rmse_f = 4.58e-02, lr = 1.29e-04
[2026-04-18 05:09:43,756] DEEPMD INFO    batch   21000: val: rmse = 4.55e-01, rmse_e = 3.58e-03, rmse_f = 4.00e-02
[2026-04-18 05:09:43,756] DEEPMD INFO    batch   21000: total wall time = 24.01 s, eta = 0:31:36
[2026-04-18 05:10:07,701] DEEPMD INFO    batch   22000: trn: rmse = 3.40e-01, rmse_e = 2.44e-03, rmse_f = 2.99e-02, lr = 1.29e-04
[2026-04-18 05:10:07,701] DEEPMD INFO    batch   22000: val: rmse = 4.32e-01, rmse_e = 4.92e-04, rmse_f = 3.80e-02
[2026-04-18 05:10:07,701] DEEPMD INFO    batch   22000: total wall time = 23.94 s, eta = 0:31:07
[2026-04-18 05:10:32,391] DEEPMD INFO    batch   23000: trn: rmse = 3.97e-01, rmse_e = 7.52e-03, rmse_f = 3.49e-02, lr = 1.29e-04
[2026-04-18 05:10:32,391] DEEPMD INFO    batch   23000: val: rmse = 4.38e-01, rmse_e = 5.85e-03, rmse_f = 3.85e-02
[2026-04-18 05:10:32,392] DEEPMD INFO    batch   23000: total wall time = 24.69 s, eta = 0:31:41
[2026-04-18 05:10:56,134] DEEPMD INFO    batch   24000: trn: rmse = 4.25e-01, rmse_e = 5.15e-03, rmse_f = 3.73e-02, lr = 1.29e-04
[2026-04-18 05:10:56,134] DEEPMD INFO    batch   24000: val: rmse = 4.08e-01, rmse_e = 1.06e-02, rmse_f = 3.57e-02
[2026-04-18 05:10:56,134] DEEPMD INFO    batch   24000: total wall time = 23.74 s, eta = 0:30:04
[2026-04-18 05:11:20,316] DEEPMD INFO    batch   25000: trn: rmse = 4.25e-01, rmse_e = 8.22e-03, rmse_f = 3.73e-02, lr = 1.29e-04
[2026-04-18 05:11:20,316] DEEPMD INFO    batch   25000: val: rmse = 4.49e-01, rmse_e = 1.45e-02, rmse_f = 3.93e-02
[2026-04-18 05:11:20,316] DEEPMD INFO    batch   25000: total wall time = 24.18 s, eta = 0:30:13
[2026-04-18 05:11:44,481] DEEPMD INFO    batch   26000: trn: rmse = 3.34e-01, rmse_e = 4.73e-03, rmse_f = 3.79e-02, lr = 7.70e-05
[2026-04-18 05:11:44,481] DEEPMD INFO    batch   26000: val: rmse = 3.38e-01, rmse_e = 3.49e-03, rmse_f = 3.83e-02
[2026-04-18 05:11:44,482] DEEPMD INFO    batch   26000: total wall time = 24.17 s, eta = 0:29:48
[2026-04-18 05:12:09,374] DEEPMD INFO    batch   27000: trn: rmse = 2.59e-01, rmse_e = 6.34e-03, rmse_f = 2.93e-02, lr = 7.70e-05
[2026-04-18 05:12:09,374] DEEPMD INFO    batch   27000: val: rmse = 3.33e-01, rmse_e = 8.29e-03, rmse_f = 3.77e-02
[2026-04-18 05:12:09,375] DEEPMD INFO    batch   27000: total wall time = 24.89 s, eta = 0:30:17
[2026-04-18 05:12:34,374] DEEPMD INFO    batch   28000: trn: rmse = 2.54e-01, rmse_e = 6.79e-04, rmse_f = 2.87e-02, lr = 7.70e-05
[2026-04-18 05:12:34,375] DEEPMD INFO    batch   28000: val: rmse = 3.55e-01, rmse_e = 1.09e-03, rmse_f = 4.03e-02
[2026-04-18 05:12:34,375] DEEPMD INFO    batch   28000: total wall time = 25.00 s, eta = 0:30:00
[2026-04-18 05:12:58,905] DEEPMD INFO    batch   29000: trn: rmse = 2.87e-01, rmse_e = 7.95e-03, rmse_f = 3.24e-02, lr = 7.70e-05
[2026-04-18 05:12:58,905] DEEPMD INFO    batch   29000: val: rmse = 3.34e-01, rmse_e = 7.59e-03, rmse_f = 3.77e-02
[2026-04-18 05:12:58,906] DEEPMD INFO    batch   29000: total wall time = 24.53 s, eta = 0:29:01
[2026-04-18 05:13:22,981] DEEPMD INFO    batch   30000: trn: rmse = 2.44e-01, rmse_e = 5.98e-03, rmse_f = 2.76e-02, lr = 7.70e-05
[2026-04-18 05:13:22,981] DEEPMD INFO    batch   30000: val: rmse = 3.44e-01, rmse_e = 4.28e-03, rmse_f = 3.90e-02
[2026-04-18 05:13:22,982] DEEPMD INFO    batch   30000: total wall time = 24.08 s, eta = 0:28:05
[2026-04-18 05:13:23,008] DEEPMD INFO    Saved model to model.ckpt-30000.pt
[2026-04-18 05:13:46,800] DEEPMD INFO    batch   31000: trn: rmse = 2.88e-01, rmse_e = 1.04e-03, rmse_f = 4.20e-02, lr = 4.61e-05
[2026-04-18 05:13:46,801] DEEPMD INFO    batch   31000: val: rmse = 2.80e-01, rmse_e = 1.46e-03, rmse_f = 4.09e-02
[2026-04-18 05:13:46,801] DEEPMD INFO    batch   31000: total wall time = 23.82 s, eta = 0:27:23
[2026-04-18 05:14:10,963] DEEPMD INFO    batch   32000: trn: rmse = 1.60e-01, rmse_e = 3.63e-03, rmse_f = 2.33e-02, lr = 4.61e-05
[2026-04-18 05:14:10,964] DEEPMD INFO    batch   32000: val: rmse = 2.28e-01, rmse_e = 5.66e-03, rmse_f = 3.32e-02
[2026-04-18 05:14:10,964] DEEPMD INFO    batch   32000: total wall time = 24.16 s, eta = 0:27:23
[2026-04-18 05:14:35,102] DEEPMD INFO    batch   33000: trn: rmse = 1.94e-01, rmse_e = 1.76e-03, rmse_f = 2.82e-02, lr = 4.61e-05
[2026-04-18 05:14:35,102] DEEPMD INFO    batch   33000: val: rmse = 2.45e-01, rmse_e = 1.43e-03, rmse_f = 3.57e-02
[2026-04-18 05:14:35,103] DEEPMD INFO    batch   33000: total wall time = 24.14 s, eta = 0:26:57
[2026-04-18 05:14:59,508] DEEPMD INFO    batch   34000: trn: rmse = 2.85e-01, rmse_e = 6.01e-03, rmse_f = 4.15e-02, lr = 4.61e-05
[2026-04-18 05:14:59,509] DEEPMD INFO    batch   34000: val: rmse = 2.28e-01, rmse_e = 6.17e-03, rmse_f = 3.32e-02
[2026-04-18 05:14:59,509] DEEPMD INFO    batch   34000: total wall time = 24.41 s, eta = 0:26:50
[2026-04-18 05:15:23,405] DEEPMD INFO    batch   35000: trn: rmse = 2.45e-01, rmse_e = 3.87e-03, rmse_f = 3.57e-02, lr = 4.61e-05
[2026-04-18 05:15:23,405] DEEPMD INFO    batch   35000: val: rmse = 2.80e-01, rmse_e = 1.74e-03, rmse_f = 4.08e-02
[2026-04-18 05:15:23,405] DEEPMD INFO    batch   35000: total wall time = 23.90 s, eta = 0:25:53
[2026-04-18 05:15:47,332] DEEPMD INFO    batch   36000: trn: rmse = 1.52e-01, rmse_e = 2.79e-03, rmse_f = 2.84e-02, lr = 2.76e-05
[2026-04-18 05:15:47,333] DEEPMD INFO    batch   36000: val: rmse = 1.98e-01, rmse_e = 2.65e-03, rmse_f = 3.70e-02
[2026-04-18 05:15:47,333] DEEPMD INFO    batch   36000: total wall time = 23.93 s, eta = 0:25:31
[2026-04-18 05:16:12,119] DEEPMD INFO    batch   37000: trn: rmse = 1.91e-01, rmse_e = 2.31e-03, rmse_f = 3.57e-02, lr = 2.76e-05
[2026-04-18 05:16:12,119] DEEPMD INFO    batch   37000: val: rmse = 1.76e-01, rmse_e = 3.87e-03, rmse_f = 3.29e-02
[2026-04-18 05:16:12,119] DEEPMD INFO    batch   37000: total wall time = 24.79 s, eta = 0:26:01
[2026-04-18 05:16:37,358] DEEPMD INFO    batch   38000: trn: rmse = 1.37e-01, rmse_e = 1.03e-03, rmse_f = 2.57e-02, lr = 2.76e-05
[2026-04-18 05:16:37,359] DEEPMD INFO    batch   38000: val: rmse = 1.67e-01, rmse_e = 1.80e-03, rmse_f = 3.12e-02
[2026-04-18 05:16:37,359] DEEPMD INFO    batch   38000: total wall time = 25.24 s, eta = 0:26:04
[2026-04-18 05:17:01,638] DEEPMD INFO    batch   39000: trn: rmse = 1.42e-01, rmse_e = 1.75e-03, rmse_f = 2.66e-02, lr = 2.76e-05
[2026-04-18 05:17:01,638] DEEPMD INFO    batch   39000: val: rmse = 1.37e-01, rmse_e = 1.91e-03, rmse_f = 2.55e-02
[2026-04-18 05:17:01,638] DEEPMD INFO    batch   39000: total wall time = 24.28 s, eta = 0:24:41
[2026-04-18 05:17:25,884] DEEPMD INFO    batch   40000: trn: rmse = 1.98e-01, rmse_e = 1.30e-03, rmse_f = 3.70e-02, lr = 2.76e-05
[2026-04-18 05:17:25,885] DEEPMD INFO    batch   40000: val: rmse = 2.12e-01, rmse_e = 4.80e-03, rmse_f = 3.96e-02
[2026-04-18 05:17:25,885] DEEPMD INFO    batch   40000: total wall time = 24.25 s, eta = 0:24:14
[2026-04-18 05:17:25,911] DEEPMD INFO    Saved model to model.ckpt-40000.pt
[2026-04-18 05:17:50,024] DEEPMD INFO    batch   41000: trn: rmse = 1.00e-01, rmse_e = 5.87e-03, rmse_f = 2.37e-02, lr = 1.65e-05
[2026-04-18 05:17:50,024] DEEPMD INFO    batch   41000: val: rmse = 2.09e-01, rmse_e = 6.82e-03, rmse_f = 4.98e-02
[2026-04-18 05:17:50,024] DEEPMD INFO    batch   41000: total wall time = 24.14 s, eta = 0:23:44
[2026-04-18 05:18:13,951] DEEPMD INFO    batch   42000: trn: rmse = 9.98e-02, rmse_e = 5.39e-04, rmse_f = 2.39e-02, lr = 1.65e-05
[2026-04-18 05:18:13,951] DEEPMD INFO    batch   42000: val: rmse = 1.20e-01, rmse_e = 8.26e-04, rmse_f = 2.87e-02
[2026-04-18 05:18:13,952] DEEPMD INFO    batch   42000: total wall time = 23.93 s, eta = 0:23:07
[2026-04-18 05:18:37,925] DEEPMD INFO    batch   43000: trn: rmse = 1.22e-01, rmse_e = 6.16e-04, rmse_f = 2.91e-02, lr = 1.65e-05
[2026-04-18 05:18:37,926] DEEPMD INFO    batch   43000: val: rmse = 1.69e-01, rmse_e = 1.79e-03, rmse_f = 4.05e-02
[2026-04-18 05:18:37,926] DEEPMD INFO    batch   43000: total wall time = 23.97 s, eta = 0:22:46
[2026-04-18 05:19:02,609] DEEPMD INFO    batch   44000: trn: rmse = 1.03e-01, rmse_e = 2.83e-03, rmse_f = 2.47e-02, lr = 1.65e-05
[2026-04-18 05:19:02,609] DEEPMD INFO    batch   44000: val: rmse = 1.45e-01, rmse_e = 3.23e-03, rmse_f = 3.45e-02
[2026-04-18 05:19:02,610] DEEPMD INFO    batch   44000: total wall time = 24.68 s, eta = 0:23:02
[2026-04-18 05:19:27,048] DEEPMD INFO    batch   45000: trn: rmse = 1.20e-01, rmse_e = 2.41e-03, rmse_f = 2.86e-02, lr = 1.65e-05
[2026-04-18 05:19:27,049] DEEPMD INFO    batch   45000: val: rmse = 1.18e-01, rmse_e = 5.83e-04, rmse_f = 2.82e-02
[2026-04-18 05:19:27,049] DEEPMD INFO    batch   45000: total wall time = 24.44 s, eta = 0:22:24
[2026-04-18 05:19:50,685] DEEPMD INFO    batch   46000: trn: rmse = 1.08e-01, rmse_e = 6.11e-04, rmse_f = 3.28e-02, lr = 9.89e-06
[2026-04-18 05:19:50,685] DEEPMD INFO    batch   46000: val: rmse = 1.39e-01, rmse_e = 1.89e-03, rmse_f = 4.21e-02
[2026-04-18 05:19:50,685] DEEPMD INFO    batch   46000: total wall time = 23.64 s, eta = 0:21:16
[2026-04-18 05:20:14,976] DEEPMD INFO    batch   47000: trn: rmse = 9.57e-02, rmse_e = 3.89e-03, rmse_f = 2.88e-02, lr = 9.89e-06
[2026-04-18 05:20:14,976] DEEPMD INFO    batch   47000: val: rmse = 8.69e-02, rmse_e = 3.34e-03, rmse_f = 2.62e-02
[2026-04-18 05:20:14,976] DEEPMD INFO    batch   47000: total wall time = 24.29 s, eta = 0:21:27
[2026-04-18 05:20:39,479] DEEPMD INFO    batch   48000: trn: rmse = 1.10e-01, rmse_e = 5.85e-04, rmse_f = 3.33e-02, lr = 9.89e-06
[2026-04-18 05:20:39,480] DEEPMD INFO    batch   48000: val: rmse = 1.04e-01, rmse_e = 5.73e-04, rmse_f = 3.17e-02
[2026-04-18 05:20:39,480] DEEPMD INFO    batch   48000: total wall time = 24.50 s, eta = 0:21:14
[2026-04-18 05:21:03,395] DEEPMD INFO    batch   49000: trn: rmse = 8.33e-02, rmse_e = 1.37e-03, rmse_f = 2.52e-02, lr = 9.89e-06
[2026-04-18 05:21:03,395] DEEPMD INFO    batch   49000: val: rmse = 9.66e-02, rmse_e = 9.87e-04, rmse_f = 2.93e-02
[2026-04-18 05:21:03,396] DEEPMD INFO    batch   49000: total wall time = 23.92 s, eta = 0:20:19
[2026-04-18 05:21:27,570] DEEPMD INFO    batch   50000: trn: rmse = 8.33e-02, rmse_e = 2.31e-04, rmse_f = 2.53e-02, lr = 9.89e-06
[2026-04-18 05:21:27,570] DEEPMD INFO    batch   50000: val: rmse = 1.10e-01, rmse_e = 1.07e-03, rmse_f = 3.33e-02
[2026-04-18 05:21:27,570] DEEPMD INFO    batch   50000: total wall time = 24.17 s, eta = 0:20:08
[2026-04-18 05:21:27,596] DEEPMD INFO    Saved model to model.ckpt-50000.pt
[2026-04-18 05:21:52,268] DEEPMD INFO    batch   51000: trn: rmse = 5.42e-02, rmse_e = 1.10e-03, rmse_f = 2.06e-02, lr = 5.92e-06
[2026-04-18 05:21:52,268] DEEPMD INFO    batch   51000: val: rmse = 6.23e-02, rmse_e = 2.80e-04, rmse_f = 2.37e-02
[2026-04-18 05:21:52,268] DEEPMD INFO    batch   51000: total wall time = 24.70 s, eta = 0:20:10
[2026-04-18 05:22:16,678] DEEPMD INFO    batch   52000: trn: rmse = 6.27e-02, rmse_e = 1.27e-03, rmse_f = 2.38e-02, lr = 5.92e-06
[2026-04-18 05:22:16,679] DEEPMD INFO    batch   52000: val: rmse = 9.71e-02, rmse_e = 1.61e-03, rmse_f = 3.69e-02
[2026-04-18 05:22:16,679] DEEPMD INFO    batch   52000: total wall time = 24.41 s, eta = 0:19:31
[2026-04-18 05:22:40,805] DEEPMD INFO    batch   53000: trn: rmse = 9.76e-02, rmse_e = 2.12e-03, rmse_f = 3.70e-02, lr = 5.92e-06
[2026-04-18 05:22:40,805] DEEPMD INFO    batch   53000: val: rmse = 6.90e-02, rmse_e = 1.30e-03, rmse_f = 2.62e-02
[2026-04-18 05:22:40,805] DEEPMD INFO    batch   53000: total wall time = 24.13 s, eta = 0:18:53
[2026-04-18 05:23:05,789] DEEPMD INFO    batch   54000: trn: rmse = 6.39e-02, rmse_e = 2.04e-03, rmse_f = 2.42e-02, lr = 5.92e-06
[2026-04-18 05:23:05,789] DEEPMD INFO    batch   54000: val: rmse = 9.66e-02, rmse_e = 5.72e-04, rmse_f = 3.67e-02
[2026-04-18 05:23:05,789] DEEPMD INFO    batch   54000: total wall time = 24.98 s, eta = 0:19:09
[2026-04-18 05:23:30,056] DEEPMD INFO    batch   55000: trn: rmse = 5.82e-02, rmse_e = 3.89e-04, rmse_f = 2.21e-02, lr = 5.92e-06
[2026-04-18 05:23:30,056] DEEPMD INFO    batch   55000: val: rmse = 9.82e-02, rmse_e = 1.13e-04, rmse_f = 3.73e-02
[2026-04-18 05:23:30,056] DEEPMD INFO    batch   55000: total wall time = 24.27 s, eta = 0:18:12
[2026-04-18 05:23:54,875] DEEPMD INFO    batch   56000: trn: rmse = 6.18e-02, rmse_e = 8.07e-04, rmse_f = 2.90e-02, lr = 3.55e-06
[2026-04-18 05:23:54,875] DEEPMD INFO    batch   56000: val: rmse = 6.79e-02, rmse_e = 6.02e-04, rmse_f = 3.18e-02
[2026-04-18 05:23:54,875] DEEPMD INFO    batch   56000: total wall time = 24.82 s, eta = 0:18:12
[2026-04-18 05:24:19,617] DEEPMD INFO    batch   57000: trn: rmse = 5.47e-02, rmse_e = 4.26e-04, rmse_f = 2.57e-02, lr = 3.55e-06
[2026-04-18 05:24:19,618] DEEPMD INFO    batch   57000: val: rmse = 7.47e-02, rmse_e = 8.63e-04, rmse_f = 3.50e-02
[2026-04-18 05:24:19,618] DEEPMD INFO    batch   57000: total wall time = 24.74 s, eta = 0:17:43
[2026-04-18 05:24:44,096] DEEPMD INFO    batch   58000: trn: rmse = 6.36e-02, rmse_e = 4.12e-04, rmse_f = 2.98e-02, lr = 3.55e-06
[2026-04-18 05:24:44,096] DEEPMD INFO    batch   58000: val: rmse = 5.70e-02, rmse_e = 8.55e-04, rmse_f = 2.67e-02
[2026-04-18 05:24:44,096] DEEPMD INFO    batch   58000: total wall time = 24.48 s, eta = 0:17:08
[2026-04-18 05:25:08,205] DEEPMD INFO    batch   59000: trn: rmse = 5.67e-02, rmse_e = 1.14e-03, rmse_f = 2.66e-02, lr = 3.55e-06
[2026-04-18 05:25:08,206] DEEPMD INFO    batch   59000: val: rmse = 7.17e-02, rmse_e = 1.05e-03, rmse_f = 3.36e-02
[2026-04-18 05:25:08,206] DEEPMD INFO    batch   59000: total wall time = 24.11 s, eta = 0:16:28
[2026-04-18 05:25:32,943] DEEPMD INFO    batch   60000: trn: rmse = 5.10e-02, rmse_e = 2.40e-04, rmse_f = 2.39e-02, lr = 3.55e-06
[2026-04-18 05:25:32,944] DEEPMD INFO    batch   60000: val: rmse = 4.95e-02, rmse_e = 5.89e-04, rmse_f = 2.32e-02
[2026-04-18 05:25:32,944] DEEPMD INFO    batch   60000: total wall time = 24.74 s, eta = 0:16:29
[2026-04-18 05:25:32,970] DEEPMD INFO    Saved model to model.ckpt-60000.pt
[2026-04-18 05:25:58,212] DEEPMD INFO    batch   61000: trn: rmse = 5.39e-02, rmse_e = 8.36e-04, rmse_f = 3.05e-02, lr = 2.12e-06
[2026-04-18 05:25:58,212] DEEPMD INFO    batch   61000: val: rmse = 6.08e-02, rmse_e = 1.12e-03, rmse_f = 3.44e-02
[2026-04-18 05:25:58,212] DEEPMD INFO    batch   61000: total wall time = 25.27 s, eta = 0:16:25
[2026-04-18 05:26:22,823] DEEPMD INFO    batch   62000: trn: rmse = 4.37e-02, rmse_e = 5.36e-04, rmse_f = 2.47e-02, lr = 2.12e-06
[2026-04-18 05:26:22,823] DEEPMD INFO    batch   62000: val: rmse = 6.26e-02, rmse_e = 7.04e-04, rmse_f = 3.54e-02
[2026-04-18 05:26:22,823] DEEPMD INFO    batch   62000: total wall time = 24.61 s, eta = 0:15:35
[2026-04-18 05:26:46,399] DEEPMD INFO    batch   63000: trn: rmse = 4.83e-02, rmse_e = 5.74e-04, rmse_f = 2.73e-02, lr = 2.12e-06
[2026-04-18 05:26:46,399] DEEPMD INFO    batch   63000: val: rmse = 5.20e-02, rmse_e = 6.60e-04, rmse_f = 2.94e-02
[2026-04-18 05:26:46,400] DEEPMD INFO    batch   63000: total wall time = 23.58 s, eta = 0:14:32
[2026-04-18 05:27:11,398] DEEPMD INFO    batch   64000: trn: rmse = 5.20e-02, rmse_e = 7.77e-04, rmse_f = 2.94e-02, lr = 2.12e-06
[2026-04-18 05:27:11,398] DEEPMD INFO    batch   64000: val: rmse = 4.48e-02, rmse_e = 4.82e-04, rmse_f = 2.53e-02
[2026-04-18 05:27:11,399] DEEPMD INFO    batch   64000: total wall time = 25.00 s, eta = 0:14:59
[2026-04-18 05:27:35,763] DEEPMD INFO    batch   65000: trn: rmse = 5.28e-02, rmse_e = 3.82e-04, rmse_f = 2.99e-02, lr = 2.12e-06
[2026-04-18 05:27:35,763] DEEPMD INFO    batch   65000: val: rmse = 6.78e-02, rmse_e = 1.20e-03, rmse_f = 3.83e-02
[2026-04-18 05:27:35,763] DEEPMD INFO    batch   65000: total wall time = 24.36 s, eta = 0:14:12
[2026-04-18 05:27:59,545] DEEPMD INFO    batch   66000: trn: rmse = 3.57e-02, rmse_e = 9.82e-04, rmse_f = 2.36e-02, lr = 1.27e-06
[2026-04-18 05:27:59,545] DEEPMD INFO    batch   66000: val: rmse = 5.20e-02, rmse_e = 6.91e-04, rmse_f = 3.45e-02
[2026-04-18 05:27:59,545] DEEPMD INFO    batch   66000: total wall time = 23.78 s, eta = 0:13:28
[2026-04-18 05:28:24,339] DEEPMD INFO    batch   67000: trn: rmse = 3.77e-02, rmse_e = 1.09e-03, rmse_f = 2.49e-02, lr = 1.27e-06
[2026-04-18 05:28:24,339] DEEPMD INFO    batch   67000: val: rmse = 5.80e-02, rmse_e = 9.51e-04, rmse_f = 3.85e-02
[2026-04-18 05:28:24,339] DEEPMD INFO    batch   67000: total wall time = 24.79 s, eta = 0:13:38
[2026-04-18 05:28:47,963] DEEPMD INFO    batch   68000: trn: rmse = 4.84e-02, rmse_e = 4.34e-04, rmse_f = 3.21e-02, lr = 1.27e-06
[2026-04-18 05:28:47,963] DEEPMD INFO    batch   68000: val: rmse = 4.80e-02, rmse_e = 1.03e-03, rmse_f = 3.18e-02
[2026-04-18 05:28:47,963] DEEPMD INFO    batch   68000: total wall time = 23.62 s, eta = 0:12:35
[2026-04-18 05:29:12,047] DEEPMD INFO    batch   69000: trn: rmse = 4.17e-02, rmse_e = 8.67e-04, rmse_f = 2.77e-02, lr = 1.27e-06
[2026-04-18 05:29:12,047] DEEPMD INFO    batch   69000: val: rmse = 4.84e-02, rmse_e = 1.41e-03, rmse_f = 3.20e-02
[2026-04-18 05:29:12,048] DEEPMD INFO    batch   69000: total wall time = 24.08 s, eta = 0:12:26
[2026-04-18 05:29:36,528] DEEPMD INFO    batch   70000: trn: rmse = 5.11e-02, rmse_e = 5.58e-04, rmse_f = 3.39e-02, lr = 1.27e-06
[2026-04-18 05:29:36,528] DEEPMD INFO    batch   70000: val: rmse = 4.83e-02, rmse_e = 4.90e-04, rmse_f = 3.20e-02
[2026-04-18 05:29:36,529] DEEPMD INFO    batch   70000: total wall time = 24.48 s, eta = 0:12:14
[2026-04-18 05:29:36,556] DEEPMD INFO    Saved model to model.ckpt-70000.pt
[2026-04-18 05:29:59,936] DEEPMD INFO    batch   71000: trn: rmse = 3.21e-02, rmse_e = 4.68e-04, rmse_f = 2.42e-02, lr = 7.62e-07
[2026-04-18 05:29:59,937] DEEPMD INFO    batch   71000: val: rmse = 4.80e-02, rmse_e = 5.20e-04, rmse_f = 3.62e-02
[2026-04-18 05:29:59,937] DEEPMD INFO    batch   71000: total wall time = 23.41 s, eta = 0:11:18
[2026-04-18 05:30:24,692] DEEPMD INFO    batch   72000: trn: rmse = 2.22e-02, rmse_e = 7.60e-04, rmse_f = 1.67e-02, lr = 7.62e-07
[2026-04-18 05:30:24,692] DEEPMD INFO    batch   72000: val: rmse = 5.30e-02, rmse_e = 1.08e-03, rmse_f = 3.99e-02
[2026-04-18 05:30:24,693] DEEPMD INFO    batch   72000: total wall time = 24.76 s, eta = 0:11:33
[2026-04-18 05:30:48,105] DEEPMD INFO    batch   73000: trn: rmse = 3.11e-02, rmse_e = 7.53e-04, rmse_f = 2.34e-02, lr = 7.62e-07
[2026-04-18 05:30:48,105] DEEPMD INFO    batch   73000: val: rmse = 4.39e-02, rmse_e = 6.45e-04, rmse_f = 3.31e-02
[2026-04-18 05:30:48,106] DEEPMD INFO    batch   73000: total wall time = 23.41 s, eta = 0:10:32
[2026-04-18 05:31:12,082] DEEPMD INFO    batch   74000: trn: rmse = 3.56e-02, rmse_e = 9.00e-04, rmse_f = 2.68e-02, lr = 7.62e-07
[2026-04-18 05:31:12,082] DEEPMD INFO    batch   74000: val: rmse = 4.47e-02, rmse_e = 7.20e-04, rmse_f = 3.37e-02
[2026-04-18 05:31:12,083] DEEPMD INFO    batch   74000: total wall time = 23.98 s, eta = 0:10:23
[2026-04-18 05:31:35,588] DEEPMD INFO    batch   75000: trn: rmse = 3.45e-02, rmse_e = 8.22e-04, rmse_f = 2.60e-02, lr = 7.62e-07
[2026-04-18 05:31:35,589] DEEPMD INFO    batch   75000: val: rmse = 4.08e-02, rmse_e = 1.04e-03, rmse_f = 3.07e-02
[2026-04-18 05:31:35,589] DEEPMD INFO    batch   75000: total wall time = 23.51 s, eta = 0:09:47
[2026-04-18 05:32:00,082] DEEPMD INFO    batch   76000: trn: rmse = 3.06e-02, rmse_e = 1.13e-03, rmse_f = 2.53e-02, lr = 4.56e-07
[2026-04-18 05:32:00,083] DEEPMD INFO    batch   76000: val: rmse = 4.46e-02, rmse_e = 1.46e-03, rmse_f = 3.68e-02
[2026-04-18 05:32:00,083] DEEPMD INFO    batch   76000: total wall time = 24.49 s, eta = 0:09:47
[2026-04-18 05:32:24,278] DEEPMD INFO    batch   77000: trn: rmse = 3.03e-02, rmse_e = 6.45e-04, rmse_f = 2.51e-02, lr = 4.56e-07
[2026-04-18 05:32:24,279] DEEPMD INFO    batch   77000: val: rmse = 3.30e-02, rmse_e = 5.65e-04, rmse_f = 2.73e-02
[2026-04-18 05:32:24,279] DEEPMD INFO    batch   77000: total wall time = 24.20 s, eta = 0:09:16
[2026-04-18 05:32:47,846] DEEPMD INFO    batch   78000: trn: rmse = 3.43e-02, rmse_e = 5.20e-04, rmse_f = 2.84e-02, lr = 4.56e-07
[2026-04-18 05:32:47,846] DEEPMD INFO    batch   78000: val: rmse = 3.24e-02, rmse_e = 4.43e-04, rmse_f = 2.68e-02
[2026-04-18 05:32:47,847] DEEPMD INFO    batch   78000: total wall time = 23.57 s, eta = 0:08:38
[2026-04-18 05:33:11,879] DEEPMD INFO    batch   79000: trn: rmse = 4.45e-02, rmse_e = 1.48e-03, rmse_f = 3.67e-02, lr = 4.56e-07
[2026-04-18 05:33:11,879] DEEPMD INFO    batch   79000: val: rmse = 4.90e-02, rmse_e = 1.78e-03, rmse_f = 4.04e-02
[2026-04-18 05:33:11,879] DEEPMD INFO    batch   79000: total wall time = 24.03 s, eta = 0:08:24
[2026-04-18 05:33:36,640] DEEPMD INFO    batch   80000: trn: rmse = 3.35e-02, rmse_e = 4.52e-04, rmse_f = 2.78e-02, lr = 4.56e-07
[2026-04-18 05:33:36,641] DEEPMD INFO    batch   80000: val: rmse = 4.02e-02, rmse_e = 1.11e-03, rmse_f = 3.32e-02
[2026-04-18 05:33:36,641] DEEPMD INFO    batch   80000: total wall time = 24.76 s, eta = 0:08:15
[2026-04-18 05:33:36,667] DEEPMD INFO    Saved model to model.ckpt-80000.pt
[2026-04-18 05:34:01,809] DEEPMD INFO    batch   81000: trn: rmse = 3.18e-02, rmse_e = 4.32e-04, rmse_f = 2.81e-02, lr = 2.73e-07
[2026-04-18 05:34:01,809] DEEPMD INFO    batch   81000: val: rmse = 3.61e-02, rmse_e = 1.17e-03, rmse_f = 3.18e-02
[2026-04-18 05:34:01,810] DEEPMD INFO    batch   81000: total wall time = 25.17 s, eta = 0:07:58
[2026-04-18 05:34:26,422] DEEPMD INFO    batch   82000: trn: rmse = 3.18e-02, rmse_e = 3.62e-04, rmse_f = 2.81e-02, lr = 2.73e-07
[2026-04-18 05:34:26,422] DEEPMD INFO    batch   82000: val: rmse = 3.99e-02, rmse_e = 1.32e-03, rmse_f = 3.53e-02
[2026-04-18 05:34:26,423] DEEPMD INFO    batch   82000: total wall time = 24.61 s, eta = 0:07:23
[2026-04-18 05:34:51,314] DEEPMD INFO    batch   83000: trn: rmse = 2.95e-02, rmse_e = 8.53e-04, rmse_f = 2.61e-02, lr = 2.73e-07
[2026-04-18 05:34:51,314] DEEPMD INFO    batch   83000: val: rmse = 2.20e-02, rmse_e = 4.13e-04, rmse_f = 1.94e-02
[2026-04-18 05:34:51,314] DEEPMD INFO    batch   83000: total wall time = 24.89 s, eta = 0:07:03
[2026-04-18 05:35:16,145] DEEPMD INFO    batch   84000: trn: rmse = 3.14e-02, rmse_e = 7.98e-04, rmse_f = 2.77e-02, lr = 2.73e-07
[2026-04-18 05:35:16,145] DEEPMD INFO    batch   84000: val: rmse = 3.47e-02, rmse_e = 6.80e-04, rmse_f = 3.07e-02
[2026-04-18 05:35:16,145] DEEPMD INFO    batch   84000: total wall time = 24.83 s, eta = 0:06:37
[2026-04-18 05:35:40,017] DEEPMD INFO    batch   85000: trn: rmse = 4.19e-02, rmse_e = 1.05e-03, rmse_f = 3.70e-02, lr = 2.73e-07
[2026-04-18 05:35:40,018] DEEPMD INFO    batch   85000: val: rmse = 3.33e-02, rmse_e = 7.27e-04, rmse_f = 2.95e-02
[2026-04-18 05:35:40,018] DEEPMD INFO    batch   85000: total wall time = 23.87 s, eta = 0:05:58
[2026-04-18 05:36:04,494] DEEPMD INFO    batch   86000: trn: rmse = 3.41e-02, rmse_e = 8.91e-04, rmse_f = 3.16e-02, lr = 1.63e-07
[2026-04-18 05:36:04,494] DEEPMD INFO    batch   86000: val: rmse = 2.42e-02, rmse_e = 9.84e-04, rmse_f = 2.23e-02
[2026-04-18 05:36:04,495] DEEPMD INFO    batch   86000: total wall time = 24.48 s, eta = 0:05:42
[2026-04-18 05:36:29,064] DEEPMD INFO    batch   87000: trn: rmse = 3.43e-02, rmse_e = 7.00e-04, rmse_f = 3.18e-02, lr = 1.63e-07
[2026-04-18 05:36:29,064] DEEPMD INFO    batch   87000: val: rmse = 3.57e-02, rmse_e = 1.03e-03, rmse_f = 3.30e-02
[2026-04-18 05:36:29,065] DEEPMD INFO    batch   87000: total wall time = 24.57 s, eta = 0:05:19
[2026-04-18 05:36:53,956] DEEPMD INFO    batch   88000: trn: rmse = 4.44e-02, rmse_e = 1.51e-03, rmse_f = 4.10e-02, lr = 1.63e-07
[2026-04-18 05:36:53,957] DEEPMD INFO    batch   88000: val: rmse = 2.61e-02, rmse_e = 3.12e-04, rmse_f = 2.42e-02
[2026-04-18 05:36:53,957] DEEPMD INFO    batch   88000: total wall time = 24.89 s, eta = 0:04:58
[2026-04-18 05:37:19,011] DEEPMD INFO    batch   89000: trn: rmse = 2.66e-02, rmse_e = 4.93e-04, rmse_f = 2.46e-02, lr = 1.63e-07
[2026-04-18 05:37:19,011] DEEPMD INFO    batch   89000: val: rmse = 2.80e-02, rmse_e = 5.05e-04, rmse_f = 2.59e-02
[2026-04-18 05:37:19,011] DEEPMD INFO    batch   89000: total wall time = 25.05 s, eta = 0:04:35
[2026-04-18 05:37:43,525] DEEPMD INFO    batch   90000: trn: rmse = 3.28e-02, rmse_e = 5.87e-04, rmse_f = 3.04e-02, lr = 1.63e-07
[2026-04-18 05:37:43,526] DEEPMD INFO    batch   90000: val: rmse = 3.88e-02, rmse_e = 7.51e-04, rmse_f = 3.59e-02
[2026-04-18 05:37:43,526] DEEPMD INFO    batch   90000: total wall time = 24.51 s, eta = 0:04:05
[2026-04-18 05:37:43,552] DEEPMD INFO    Saved model to model.ckpt-90000.pt
[2026-04-18 05:38:07,525] DEEPMD INFO    batch   91000: trn: rmse = 2.71e-02, rmse_e = 4.82e-04, rmse_f = 2.58e-02, lr = 9.79e-08
[2026-04-18 05:38:07,525] DEEPMD INFO    batch   91000: val: rmse = 3.41e-02, rmse_e = 4.18e-04, rmse_f = 3.25e-02
[2026-04-18 05:38:07,526] DEEPMD INFO    batch   91000: total wall time = 24.00 s, eta = 0:03:35
[2026-04-18 05:38:32,000] DEEPMD INFO    batch   92000: trn: rmse = 2.29e-02, rmse_e = 6.14e-04, rmse_f = 2.18e-02, lr = 9.79e-08
[2026-04-18 05:38:32,000] DEEPMD INFO    batch   92000: val: rmse = 3.99e-02, rmse_e = 1.12e-03, rmse_f = 3.80e-02
[2026-04-18 05:38:32,001] DEEPMD INFO    batch   92000: total wall time = 24.48 s, eta = 0:03:15
[2026-04-18 05:38:55,800] DEEPMD INFO    batch   93000: trn: rmse = 2.84e-02, rmse_e = 1.13e-03, rmse_f = 2.70e-02, lr = 9.79e-08
[2026-04-18 05:38:55,801] DEEPMD INFO    batch   93000: val: rmse = 2.28e-02, rmse_e = 5.20e-04, rmse_f = 2.17e-02
[2026-04-18 05:38:55,801] DEEPMD INFO    batch   93000: total wall time = 23.80 s, eta = 0:02:46
[2026-04-18 05:39:20,919] DEEPMD INFO    batch   94000: trn: rmse = 3.54e-02, rmse_e = 1.13e-03, rmse_f = 3.36e-02, lr = 9.79e-08
[2026-04-18 05:39:20,919] DEEPMD INFO    batch   94000: val: rmse = 3.08e-02, rmse_e = 6.21e-04, rmse_f = 2.93e-02
[2026-04-18 05:39:20,920] DEEPMD INFO    batch   94000: total wall time = 25.12 s, eta = 0:02:30
[2026-04-18 05:39:45,863] DEEPMD INFO    batch   95000: trn: rmse = 2.20e-02, rmse_e = 2.41e-04, rmse_f = 2.10e-02, lr = 9.79e-08
[2026-04-18 05:39:45,864] DEEPMD INFO    batch   95000: val: rmse = 2.84e-02, rmse_e = 5.57e-04, rmse_f = 2.70e-02
[2026-04-18 05:39:45,864] DEEPMD INFO    batch   95000: total wall time = 24.94 s, eta = 0:02:04
[2026-04-18 05:40:10,222] DEEPMD INFO    batch   96000: trn: rmse = 3.56e-02, rmse_e = 6.49e-04, rmse_f = 3.46e-02, lr = 5.86e-08
[2026-04-18 05:40:10,223] DEEPMD INFO    batch   96000: val: rmse = 2.82e-02, rmse_e = 3.33e-04, rmse_f = 2.74e-02
[2026-04-18 05:40:10,223] DEEPMD INFO    batch   96000: total wall time = 24.36 s, eta = 0:01:37
[2026-04-18 05:40:34,559] DEEPMD INFO    batch   97000: trn: rmse = 2.44e-02, rmse_e = 6.29e-04, rmse_f = 2.37e-02, lr = 5.86e-08
[2026-04-18 05:40:34,560] DEEPMD INFO    batch   97000: val: rmse = 2.63e-02, rmse_e = 4.86e-04, rmse_f = 2.55e-02
[2026-04-18 05:40:34,560] DEEPMD INFO    batch   97000: total wall time = 24.34 s, eta = 0:01:13
[2026-04-18 05:40:58,829] DEEPMD INFO    batch   98000: trn: rmse = 2.98e-02, rmse_e = 5.32e-04, rmse_f = 2.89e-02, lr = 5.86e-08
[2026-04-18 05:40:58,829] DEEPMD INFO    batch   98000: val: rmse = 2.45e-02, rmse_e = 4.08e-04, rmse_f = 2.38e-02
[2026-04-18 05:40:58,829] DEEPMD INFO    batch   98000: total wall time = 24.27 s, eta = 0:00:48
[2026-04-18 05:41:23,327] DEEPMD INFO    batch   99000: trn: rmse = 2.13e-02, rmse_e = 3.46e-04, rmse_f = 2.06e-02, lr = 5.86e-08
[2026-04-18 05:41:23,327] DEEPMD INFO    batch   99000: val: rmse = 2.97e-02, rmse_e = 1.01e-03, rmse_f = 2.87e-02
[2026-04-18 05:41:23,327] DEEPMD INFO    batch   99000: total wall time = 24.50 s, eta = 0:00:24
[2026-04-18 05:41:48,405] DEEPMD INFO    batch  100000: trn: rmse = 3.07e-02, rmse_e = 8.89e-04, rmse_f = 2.97e-02, lr = 5.86e-08
[2026-04-18 05:41:48,406] DEEPMD INFO    batch  100000: val: rmse = 3.09e-02, rmse_e = 3.88e-04, rmse_f = 3.00e-02
[2026-04-18 05:41:48,406] DEEPMD INFO    batch  100000: total wall time = 25.08 s, eta = 0:00:00
[2026-04-18 05:41:48,433] DEEPMD INFO    Saved model to model.ckpt-100000.pt
[2026-04-18 05:41:48,434] DEEPMD INFO    average training time: 0.0243 s/batch (1000 batches excluded)
[2026-04-18 05:41:48,434] DEEPMD INFO    Trained model has been saved to: model.ckpt
2026-04-18 05:41:49,204 - sparc.src.deepmd - INFO - Training completed successfully
2026-04-18 05:41:49,204 - INFO - Training completed successfully
[SPARC][INFO] Freezing model: dp --pt freeze -o frozen_model_2.pth
To get the best performance, it is recommended to adjust the number of threads by setting the environment variables OMP_NUM_THREADS, DP_INTRA_OP_PARALLELISM_THREADS, and DP_INTER_OP_PARALLELISM_THREADS. See https://deepmd.rtfd.io/parallelism/ for more information.
/home/rverma7/anaconda3/envs/sparcGNN/lib/python3.10/site-packages/e3nn/o3/_wigner.py:10: UserWarning: Environment variable TORCH_FORCE_NO_WEIGHTS_ONLY_LOAD detected, since the`weights_only` argument was not explicitly passed to `torch.load`, forcing weights_only=False.
  _Jd, _W3j_flat, _W3j_indices = torch.load(os.path.join(os.path.dirname(__file__), 'constants.pt'))
/home/rverma7/anaconda3/envs/sparcGNN/lib/python3.10/site-packages/nequip/__init__.py:20: UserWarning: !! PyTorch version 2.6.0 found. Upstream issues in PyTorch versions 1.13.* and 2.* have been seen to cause unusual performance degredations on some CUDA systems that become worse over time; see https://github.com/mir-group/nequip/discussions/311. The best tested PyTorch version to use with CUDA devices is 1.11; while using other versions if you observe this problem, an unexpected lack of this problem, or other strange behavior, please post in the linked GitHub issue.
  warnings.warn(
[2026-04-18 05:41:51,788] DEEPMD INFO    DeePMD version: 3.1.1
[2026-04-18 05:41:52,459] DEEPMD INFO    Saved frozen model to frozen_model_2.pth
2026-04-18 05:41:53,107 - sparc.src.deepmd - INFO - Model frozen successfully
2026-04-18 05:41:53,107 - INFO - Model frozen successfully
[SPARC][INFO] ================================================================================
[SPARC][INFO] DeepMD Model Evaluation Results
[SPARC][INFO] --------------------------------------------------------------------------------
[SPARC][INFO] [2026-04-18 05:41:54,590] DEEPMD WARNING To get the best performance, it is recommended to adjust the number of threads by setting the environment variables OMP_NUM_THREADS, DP_INTRA_OP_PARALLELISM_THREADS, and DP_INTER_OP_PARALLELISM_THREADS. See https://deepmd.rtfd.io/parallelism/ for more information.
/home/rverma7/anaconda3/envs/sparcGNN/lib/python3.10/site-packages/e3nn/o3/_wigner.py:10: UserWarning: Environment variable TORCH_FORCE_NO_WEIGHTS_ONLY_LOAD detected, since the`weights_only` argument was not explicitly passed to `torch.load`, forcing weights_only=False.
  _Jd, _W3j_flat, _W3j_indices = torch.load(os.path.join(os.path.dirname(__file__), 'constants.pt'))
/home/rverma7/anaconda3/envs/sparcGNN/lib/python3.10/site-packages/nequip/__init__.py:20: UserWarning: !! PyTorch version 2.6.0 found. Upstream issues in PyTorch versions 1.13.* and 2.* have been seen to cause unusual performance degredations on some CUDA systems that become worse over time; see https://github.com/mir-group/nequip/discussions/311. The best tested PyTorch version to use with CUDA devices is 1.11; while using other versions if you observe this problem, an unexpected lack of this problem, or other strange behavior, please post in the linked GitHub issue.
  warnings.warn(
[2026-04-18 05:41:56,354] DEEPMD INFO    # ---------------output of dp test--------------- 
[2026-04-18 05:41:56,354] DEEPMD INFO    # testing system : /home/rverma7/My_Program/0.3_sparc/examples/CP2K/workflow/DeePMD_training/00.data/validation_data
[2026-04-18 05:41:57,331] DEEPMD INFO    # number of test data : 53 
[2026-04-18 05:41:57,331] DEEPMD INFO    Energy MAE         : 5.293129e-03 eV
[2026-04-18 05:41:57,331] DEEPMD INFO    Energy RMSE        : 7.154438e-03 eV
[2026-04-18 05:41:57,331] DEEPMD INFO    Energy MAE/Natoms  : 6.616412e-04 eV
[2026-04-18 05:41:57,331] DEEPMD INFO    Energy RMSE/Natoms : 8.943048e-04 eV
[2026-04-18 05:41:57,331] DEEPMD INFO    Force  MAE         : 2.325425e-02 eV/Å
[2026-04-18 05:41:57,331] DEEPMD INFO    Force  RMSE        : 3.165962e-02 eV/Å
[2026-04-18 05:41:57,331] DEEPMD INFO    # ----------------------------------------------- 
[2026-04-18 05:41:57,331] DEEPMD INFO    # ----------weighted average of errors----------- 
[2026-04-18 05:41:57,331] DEEPMD INFO    # number of systems : 1
[2026-04-18 05:41:57,331] DEEPMD INFO    Energy MAE         : 5.293129e-03 eV
[2026-04-18 05:41:57,331] DEEPMD INFO    Energy RMSE        : 7.154438e-03 eV
[2026-04-18 05:41:57,331] DEEPMD INFO    Energy MAE/Natoms  : 6.616412e-04 eV
[2026-04-18 05:41:57,331] DEEPMD INFO    Energy RMSE/Natoms : 8.943048e-04 eV
[2026-04-18 05:41:57,331] DEEPMD INFO    Force  MAE         : 2.325425e-02 eV/Å
[2026-04-18 05:41:57,331] DEEPMD INFO    Force  RMSE        : 3.165962e-02 eV/Å
[2026-04-18 05:41:57,331] DEEPMD INFO    # -----------------------------------------------
[SPARC][INFO] ================================================================================
[SPARC][INFO] ================================================================================
[SPARC][INFO]  Training Model 3/3
[SPARC][INFO]  Directory: iter_000004/01.train/training_3
[SPARC][INFO] ================================================================================
2026-04-18 05:41:58,151 - sparc.src.deepmd - INFO - Training directory: iter_000004/01.train/training_3
2026-04-18 05:41:58,151 - INFO - Training directory: iter_000004/01.train/training_3
[SPARC][INFO]  Training Model 3/3
[SPARC][INFO] Directory                      iter_000004/01.train/training_3
[SPARC][INFO] Running command: dp --pt train input.json
To get the best performance, it is recommended to adjust the number of threads by setting the environment variables OMP_NUM_THREADS, DP_INTRA_OP_PARALLELISM_THREADS, and DP_INTER_OP_PARALLELISM_THREADS. See https://deepmd.rtfd.io/parallelism/ for more information.
/home/rverma7/anaconda3/envs/sparcGNN/lib/python3.10/site-packages/e3nn/o3/_wigner.py:10: UserWarning: Environment variable TORCH_FORCE_NO_WEIGHTS_ONLY_LOAD detected, since the`weights_only` argument was not explicitly passed to `torch.load`, forcing weights_only=False.
  _Jd, _W3j_flat, _W3j_indices = torch.load(os.path.join(os.path.dirname(__file__), 'constants.pt'))
/home/rverma7/anaconda3/envs/sparcGNN/lib/python3.10/site-packages/nequip/__init__.py:20: UserWarning: !! PyTorch version 2.6.0 found. Upstream issues in PyTorch versions 1.13.* and 2.* have been seen to cause unusual performance degredations on some CUDA systems that become worse over time; see https://github.com/mir-group/nequip/discussions/311. The best tested PyTorch version to use with CUDA devices is 1.11; while using other versions if you observe this problem, an unexpected lack of this problem, or other strange behavior, please post in the linked GitHub issue.
  warnings.warn(
[2026-04-18 05:42:00,759] DEEPMD INFO    DeePMD version: 3.1.1
[2026-04-18 05:42:00,759] DEEPMD INFO    Configuration path: input.json
[2026-04-18 05:42:00,776] DEEPMD INFO     _____               _____   __  __  _____           _     _  _   
[2026-04-18 05:42:00,777] DEEPMD INFO    |  __ \             |  __ \ |  \/  ||  __ \         | |   (_)| |  
[2026-04-18 05:42:00,777] DEEPMD INFO    | |  | |  ___   ___ | |__) || \  / || |  | | ______ | | __ _ | |_ 
[2026-04-18 05:42:00,777] DEEPMD INFO    | |  | | / _ \ / _ \|  ___/ | |\/| || |  | ||______|| |/ /| || __|
[2026-04-18 05:42:00,777] DEEPMD INFO    | |__| ||  __/|  __/| |     | |  | || |__| |        |   < | || |_ 
[2026-04-18 05:42:00,777] DEEPMD INFO    |_____/  \___| \___||_|     |_|  |_||_____/         |_|\_\|_| \__|
[2026-04-18 05:42:00,777] DEEPMD INFO    Please read and cite:
[2026-04-18 05:42:00,777] DEEPMD INFO    Wang, Zhang, Han and E, Comput.Phys.Comm. 228, 178-184 (2018)
[2026-04-18 05:42:00,777] DEEPMD INFO    Zeng et al, J. Chem. Phys., 159, 054801 (2023)
[2026-04-18 05:42:00,777] DEEPMD INFO    Zeng et al, J. Chem. Theory Comput., 21, 4375-4385 (2025)
[2026-04-18 05:42:00,777] DEEPMD INFO    See https://deepmd.rtfd.io/credits/ for details.
[2026-04-18 05:42:00,777] DEEPMD INFO    ------------------------------------------------------------------------------------------------------------------------------
[2026-04-18 05:42:00,777] DEEPMD INFO    installed to:          /home/rverma7/anaconda3/envs/sparcGNN/lib/python3.10/site-packages/deepmd
[2026-04-18 05:42:00,777] DEEPMD INFO    source:                
[2026-04-18 05:42:00,777] DEEPMD INFO    source branch:         HEAD
[2026-04-18 05:42:00,777] DEEPMD INFO    source commit:         9b566bf
[2026-04-18 05:42:00,777] DEEPMD INFO    source commit at:      2025-10-01 20:34:25 +0200
[2026-04-18 05:42:00,777] DEEPMD INFO    use float prec:        double
[2026-04-18 05:42:00,777] DEEPMD INFO    build variant:         cuda
[2026-04-18 05:42:00,777] DEEPMD INFO    Backend:               PyTorch
[2026-04-18 05:42:00,777] DEEPMD INFO    PT ver:                v2.6.0-gUnknown
[2026-04-18 05:42:00,777] DEEPMD INFO    Enable custom OP:      True
[2026-04-18 05:42:00,777] DEEPMD INFO    build with PT ver:     2.6.0
[2026-04-18 05:42:00,777] DEEPMD INFO    build with PT inc:     /home/rverma7/anaconda3/envs/sparcGNN/lib/python3.10/site-packages/torch/include
[2026-04-18 05:42:00,777] DEEPMD INFO                           /home/rverma7/anaconda3/envs/sparcGNN/lib/python3.10/site-packages/torch/include/torch/csrc/api/include
[2026-04-18 05:42:00,777] DEEPMD INFO    build with PT lib:     /home/rverma7/anaconda3/envs/sparcGNN/lib/python3.10/site-packages/torch/lib
[2026-04-18 05:42:00,777] DEEPMD INFO    running on:            cbe-dt-319.che.ncsu.edu
[2026-04-18 05:42:00,777] DEEPMD INFO    computing device:      cuda:0
[2026-04-18 05:42:00,777] DEEPMD INFO    CUDA_VISIBLE_DEVICES:  unset
[2026-04-18 05:42:00,777] DEEPMD INFO    Count of visible GPUs: 2
[2026-04-18 05:42:00,777] DEEPMD INFO    num_intra_threads:     0
[2026-04-18 05:42:00,777] DEEPMD INFO    num_inter_threads:     0
[2026-04-18 05:42:00,777] DEEPMD INFO    ------------------------------------------------------------------------------------------------------------------------------
[2026-04-18 05:42:00,813] DEEPMD INFO    Calculate neighbor statistics... (add --skip-neighbor-stat to skip this step)
[2026-04-18 05:42:01,102] DEEPMD INFO    Adjust batch size from 1024 to 2048
[2026-04-18 05:42:01,144] DEEPMD INFO    Neighbor statistics: training data with minimal neighbor distance: 0.956954
[2026-04-18 05:42:01,144] DEEPMD INFO    Neighbor statistics: training data with maximum neighbor size: [1 6 1] (cutoff radius: 6.000000)
[2026-04-18 05:42:01,146] DEEPMD INFO    Constructing DataLoaders from 1 systems
[2026-04-18 05:42:01,152] DEEPMD INFO    Constructing DataLoaders from 1 systems
[2026-04-18 05:42:01,192] DEEPMD INFO    Packing data for statistics from 1 systems
[2026-04-18 05:42:01,391] DEEPMD INFO    RMSE of energy per atom after linear regression is: 0.0142375502971593 in the unit of energy.
[2026-04-18 05:42:01,393] DEEPMD INFO    ---Summary of DataSystem: training     -----------------------------------------------
[2026-04-18 05:42:01,393] DEEPMD INFO    found 1 system(s):
[2026-04-18 05:42:01,393] DEEPMD INFO                                        system  natoms  bch_sz   n_bch       prob  pbc
[2026-04-18 05:42:01,393] DEEPMD INFO    -- w/DeePMD_training/00.data/training_data       8       4      52  1.000e+00    T
[2026-04-18 05:42:01,393] DEEPMD INFO    --------------------------------------------------------------------------------------
[2026-04-18 05:42:01,394] DEEPMD INFO    ---Summary of DataSystem: validation   -----------------------------------------------
[2026-04-18 05:42:01,394] DEEPMD INFO    found 1 system(s):
[2026-04-18 05:42:01,394] DEEPMD INFO                                        system  natoms  bch_sz   n_bch       prob  pbc
[2026-04-18 05:42:01,394] DEEPMD INFO    -- DeePMD_training/00.data/validation_data       8       4      13  1.000e+00    T
[2026-04-18 05:42:01,394] DEEPMD INFO    --------------------------------------------------------------------------------------
[2026-04-18 05:42:01,394] DEEPMD INFO    Start to train 100000 steps.
[2026-04-18 05:42:02,054] DEEPMD INFO    batch       1: trn: rmse = 3.71e+01, rmse_e = 1.28e-01, rmse_f = 1.17e+00, lr = 1.00e-03
[2026-04-18 05:42:02,054] DEEPMD INFO    batch       1: val: rmse = 9.10e+01, rmse_e = 1.56e+00, rmse_f = 2.88e+00
[2026-04-18 05:42:02,055] DEEPMD INFO    batch       1: total wall time = 0.66 s, eta = 18:20:00
[2026-04-18 05:42:26,244] DEEPMD INFO    batch    1000: trn: rmse = 5.55e+00, rmse_e = 2.48e-01, rmse_f = 1.75e-01, lr = 1.00e-03
[2026-04-18 05:42:26,245] DEEPMD INFO    batch    1000: val: rmse = 6.16e+00, rmse_e = 2.34e-01, rmse_f = 1.95e-01
[2026-04-18 05:42:26,245] DEEPMD INFO    batch    1000: total wall time = 24.19 s, eta = 0:39:54
[2026-04-18 05:42:50,380] DEEPMD INFO    batch    2000: trn: rmse = 4.63e+00, rmse_e = 1.51e-02, rmse_f = 1.46e-01, lr = 1.00e-03
[2026-04-18 05:42:50,380] DEEPMD INFO    batch    2000: val: rmse = 3.96e+00, rmse_e = 4.96e-02, rmse_f = 1.25e-01
[2026-04-18 05:42:50,380] DEEPMD INFO    batch    2000: total wall time = 24.14 s, eta = 0:39:25
[2026-04-18 05:43:14,415] DEEPMD INFO    batch    3000: trn: rmse = 3.48e+00, rmse_e = 3.31e-02, rmse_f = 1.10e-01, lr = 1.00e-03
[2026-04-18 05:43:14,415] DEEPMD INFO    batch    3000: val: rmse = 3.49e+00, rmse_e = 3.77e-02, rmse_f = 1.10e-01
[2026-04-18 05:43:14,415] DEEPMD INFO    batch    3000: total wall time = 24.03 s, eta = 0:38:51
[2026-04-18 05:43:38,954] DEEPMD INFO    batch    4000: trn: rmse = 4.09e+00, rmse_e = 2.29e-02, rmse_f = 1.29e-01, lr = 1.00e-03
[2026-04-18 05:43:38,955] DEEPMD INFO    batch    4000: val: rmse = 2.42e+00, rmse_e = 1.46e-02, rmse_f = 7.65e-02
[2026-04-18 05:43:38,955] DEEPMD INFO    batch    4000: total wall time = 24.54 s, eta = 0:39:15
[2026-04-18 05:44:02,908] DEEPMD INFO    batch    5000: trn: rmse = 2.45e+00, rmse_e = 8.75e-03, rmse_f = 7.74e-02, lr = 1.00e-03
[2026-04-18 05:44:02,908] DEEPMD INFO    batch    5000: val: rmse = 3.30e+00, rmse_e = 1.21e-02, rmse_f = 1.04e-01
[2026-04-18 05:44:02,908] DEEPMD INFO    batch    5000: total wall time = 23.95 s, eta = 0:37:55
[2026-04-18 05:44:27,224] DEEPMD INFO    batch    6000: trn: rmse = 1.98e+00, rmse_e = 9.00e-03, rmse_f = 8.09e-02, lr = 5.99e-04
[2026-04-18 05:44:27,224] DEEPMD INFO    batch    6000: val: rmse = 2.03e+00, rmse_e = 9.78e-03, rmse_f = 8.29e-02
[2026-04-18 05:44:27,224] DEEPMD INFO    batch    6000: total wall time = 24.32 s, eta = 0:38:05
[2026-04-18 05:44:51,664] DEEPMD INFO    batch    7000: trn: rmse = 1.95e+00, rmse_e = 3.62e-03, rmse_f = 7.96e-02, lr = 5.99e-04
[2026-04-18 05:44:51,664] DEEPMD INFO    batch    7000: val: rmse = 1.63e+00, rmse_e = 2.92e-03, rmse_f = 6.67e-02
[2026-04-18 05:44:51,665] DEEPMD INFO    batch    7000: total wall time = 24.44 s, eta = 0:37:52
[2026-04-18 05:45:15,720] DEEPMD INFO    batch    8000: trn: rmse = 1.35e+00, rmse_e = 1.87e-02, rmse_f = 5.52e-02, lr = 5.99e-04
[2026-04-18 05:45:15,720] DEEPMD INFO    batch    8000: val: rmse = 1.50e+00, rmse_e = 1.83e-02, rmse_f = 6.14e-02
[2026-04-18 05:45:15,721] DEEPMD INFO    batch    8000: total wall time = 24.06 s, eta = 0:36:53
[2026-04-18 05:45:39,244] DEEPMD INFO    batch    9000: trn: rmse = 2.14e+00, rmse_e = 1.29e-02, rmse_f = 8.74e-02, lr = 5.99e-04
[2026-04-18 05:45:39,244] DEEPMD INFO    batch    9000: val: rmse = 1.68e+00, rmse_e = 9.80e-03, rmse_f = 6.87e-02
[2026-04-18 05:45:39,244] DEEPMD INFO    batch    9000: total wall time = 23.52 s, eta = 0:35:40
[2026-04-18 05:46:03,226] DEEPMD INFO    batch   10000: trn: rmse = 1.57e+00, rmse_e = 2.40e-03, rmse_f = 6.41e-02, lr = 5.99e-04
[2026-04-18 05:46:03,226] DEEPMD INFO    batch   10000: val: rmse = 1.64e+00, rmse_e = 4.65e-03, rmse_f = 6.70e-02
[2026-04-18 05:46:03,227] DEEPMD INFO    batch   10000: total wall time = 23.98 s, eta = 0:35:58
[2026-04-18 05:46:03,256] DEEPMD INFO    Saved model to model.ckpt-10000.pt
[2026-04-18 05:46:28,016] DEEPMD INFO    batch   11000: trn: rmse = 8.93e-01, rmse_e = 5.78e-03, rmse_f = 4.71e-02, lr = 3.59e-04
[2026-04-18 05:46:28,017] DEEPMD INFO    batch   11000: val: rmse = 1.06e+00, rmse_e = 6.37e-03, rmse_f = 5.57e-02
[2026-04-18 05:46:28,017] DEEPMD INFO    batch   11000: total wall time = 24.79 s, eta = 0:36:46
[2026-04-18 05:46:52,268] DEEPMD INFO    batch   12000: trn: rmse = 1.45e+00, rmse_e = 1.49e-02, rmse_f = 7.64e-02, lr = 3.59e-04
[2026-04-18 05:46:52,268] DEEPMD INFO    batch   12000: val: rmse = 9.80e-01, rmse_e = 1.05e-02, rmse_f = 5.17e-02
[2026-04-18 05:46:52,268] DEEPMD INFO    batch   12000: total wall time = 24.25 s, eta = 0:35:34
[2026-04-18 05:47:17,003] DEEPMD INFO    batch   13000: trn: rmse = 1.18e+00, rmse_e = 3.73e-03, rmse_f = 6.23e-02, lr = 3.59e-04
[2026-04-18 05:47:17,003] DEEPMD INFO    batch   13000: val: rmse = 1.03e+00, rmse_e = 3.13e-03, rmse_f = 5.45e-02
[2026-04-18 05:47:17,003] DEEPMD INFO    batch   13000: total wall time = 24.74 s, eta = 0:35:51
[2026-04-18 05:47:40,813] DEEPMD INFO    batch   14000: trn: rmse = 1.10e+00, rmse_e = 1.53e-02, rmse_f = 5.78e-02, lr = 3.59e-04
[2026-04-18 05:47:40,814] DEEPMD INFO    batch   14000: val: rmse = 9.54e-01, rmse_e = 1.60e-02, rmse_f = 5.03e-02
[2026-04-18 05:47:40,814] DEEPMD INFO    batch   14000: total wall time = 23.81 s, eta = 0:34:07
[2026-04-18 05:48:04,797] DEEPMD INFO    batch   15000: trn: rmse = 6.72e-01, rmse_e = 8.14e-03, rmse_f = 3.54e-02, lr = 3.59e-04
[2026-04-18 05:48:04,797] DEEPMD INFO    batch   15000: val: rmse = 8.72e-01, rmse_e = 5.96e-03, rmse_f = 4.60e-02
[2026-04-18 05:48:04,797] DEEPMD INFO    batch   15000: total wall time = 23.98 s, eta = 0:33:58
[2026-04-18 05:48:29,927] DEEPMD INFO    batch   16000: trn: rmse = 6.00e-01, rmse_e = 3.29e-03, rmse_f = 4.08e-02, lr = 2.15e-04
[2026-04-18 05:48:29,927] DEEPMD INFO    batch   16000: val: rmse = 5.14e-01, rmse_e = 2.73e-03, rmse_f = 3.50e-02
[2026-04-18 05:48:29,927] DEEPMD INFO    batch   16000: total wall time = 25.13 s, eta = 0:35:10
[2026-04-18 05:48:54,324] DEEPMD INFO    batch   17000: trn: rmse = 6.44e-01, rmse_e = 1.18e-03, rmse_f = 4.39e-02, lr = 2.15e-04
[2026-04-18 05:48:54,325] DEEPMD INFO    batch   17000: val: rmse = 7.03e-01, rmse_e = 2.72e-03, rmse_f = 4.79e-02
[2026-04-18 05:48:54,325] DEEPMD INFO    batch   17000: total wall time = 24.40 s, eta = 0:33:45
[2026-04-18 05:49:17,681] DEEPMD INFO    batch   18000: trn: rmse = 6.94e-01, rmse_e = 2.22e-03, rmse_f = 4.73e-02, lr = 2.15e-04
[2026-04-18 05:49:17,682] DEEPMD INFO    batch   18000: val: rmse = 6.42e-01, rmse_e = 5.76e-03, rmse_f = 4.37e-02
[2026-04-18 05:49:17,682] DEEPMD INFO    batch   18000: total wall time = 23.36 s, eta = 0:31:55
[2026-04-18 05:49:41,152] DEEPMD INFO    batch   19000: trn: rmse = 6.45e-01, rmse_e = 9.99e-03, rmse_f = 4.39e-02, lr = 2.15e-04
[2026-04-18 05:49:41,152] DEEPMD INFO    batch   19000: val: rmse = 6.16e-01, rmse_e = 9.20e-03, rmse_f = 4.19e-02
[2026-04-18 05:49:41,152] DEEPMD INFO    batch   19000: total wall time = 23.47 s, eta = 0:31:41
[2026-04-18 05:50:05,447] DEEPMD INFO    batch   20000: trn: rmse = 7.04e-01, rmse_e = 6.17e-03, rmse_f = 4.79e-02, lr = 2.15e-04
[2026-04-18 05:50:05,448] DEEPMD INFO    batch   20000: val: rmse = 6.41e-01, rmse_e = 5.43e-03, rmse_f = 4.37e-02
[2026-04-18 05:50:05,448] DEEPMD INFO    batch   20000: total wall time = 24.30 s, eta = 0:32:23
[2026-04-18 05:50:05,474] DEEPMD INFO    Saved model to model.ckpt-20000.pt
[2026-04-18 05:50:30,660] DEEPMD INFO    batch   21000: trn: rmse = 2.98e-01, rmse_e = 5.98e-04, rmse_f = 2.62e-02, lr = 1.29e-04
[2026-04-18 05:50:30,660] DEEPMD INFO    batch   21000: val: rmse = 4.02e-01, rmse_e = 8.16e-04, rmse_f = 3.53e-02
[2026-04-18 05:50:30,660] DEEPMD INFO    batch   21000: total wall time = 25.21 s, eta = 0:33:11
[2026-04-18 05:50:54,177] DEEPMD INFO    batch   22000: trn: rmse = 3.78e-01, rmse_e = 3.49e-03, rmse_f = 3.32e-02, lr = 1.29e-04
[2026-04-18 05:50:54,177] DEEPMD INFO    batch   22000: val: rmse = 3.68e-01, rmse_e = 3.58e-03, rmse_f = 3.23e-02
[2026-04-18 05:50:54,177] DEEPMD INFO    batch   22000: total wall time = 23.52 s, eta = 0:30:34
[2026-04-18 05:51:18,556] DEEPMD INFO    batch   23000: trn: rmse = 4.81e-01, rmse_e = 2.69e-03, rmse_f = 4.23e-02, lr = 1.29e-04
[2026-04-18 05:51:18,557] DEEPMD INFO    batch   23000: val: rmse = 4.97e-01, rmse_e = 1.58e-03, rmse_f = 4.37e-02
[2026-04-18 05:51:18,557] DEEPMD INFO    batch   23000: total wall time = 24.38 s, eta = 0:31:17
[2026-04-18 05:51:42,862] DEEPMD INFO    batch   24000: trn: rmse = 4.22e-01, rmse_e = 6.17e-03, rmse_f = 3.70e-02, lr = 1.29e-04
[2026-04-18 05:51:42,862] DEEPMD INFO    batch   24000: val: rmse = 3.46e-01, rmse_e = 4.09e-03, rmse_f = 3.04e-02
[2026-04-18 05:51:42,862] DEEPMD INFO    batch   24000: total wall time = 24.31 s, eta = 0:30:47
[2026-04-18 05:52:07,169] DEEPMD INFO    batch   25000: trn: rmse = 4.74e-01, rmse_e = 6.76e-03, rmse_f = 4.17e-02, lr = 1.29e-04
[2026-04-18 05:52:07,169] DEEPMD INFO    batch   25000: val: rmse = 3.67e-01, rmse_e = 1.50e-03, rmse_f = 3.23e-02
[2026-04-18 05:52:07,170] DEEPMD INFO    batch   25000: total wall time = 24.31 s, eta = 0:30:23
[2026-04-18 05:52:32,006] DEEPMD INFO    batch   26000: trn: rmse = 2.79e-01, rmse_e = 1.85e-03, rmse_f = 3.16e-02, lr = 7.70e-05
[2026-04-18 05:52:32,006] DEEPMD INFO    batch   26000: val: rmse = 3.63e-01, rmse_e = 1.69e-03, rmse_f = 4.11e-02
[2026-04-18 05:52:32,007] DEEPMD INFO    batch   26000: total wall time = 24.84 s, eta = 0:30:37
[2026-04-18 05:52:56,087] DEEPMD INFO    batch   27000: trn: rmse = 2.62e-01, rmse_e = 3.83e-04, rmse_f = 2.96e-02, lr = 7.70e-05
[2026-04-18 05:52:56,088] DEEPMD INFO    batch   27000: val: rmse = 3.32e-01, rmse_e = 1.05e-03, rmse_f = 3.76e-02
[2026-04-18 05:52:56,088] DEEPMD INFO    batch   27000: total wall time = 24.08 s, eta = 0:29:17
[2026-04-18 05:53:20,800] DEEPMD INFO    batch   28000: trn: rmse = 2.16e-01, rmse_e = 2.11e-03, rmse_f = 2.45e-02, lr = 7.70e-05
[2026-04-18 05:53:20,800] DEEPMD INFO    batch   28000: val: rmse = 2.93e-01, rmse_e = 1.14e-03, rmse_f = 3.32e-02
[2026-04-18 05:53:20,800] DEEPMD INFO    batch   28000: total wall time = 24.71 s, eta = 0:29:39
[2026-04-18 05:53:45,033] DEEPMD INFO    batch   29000: trn: rmse = 2.84e-01, rmse_e = 5.22e-03, rmse_f = 3.21e-02, lr = 7.70e-05
[2026-04-18 05:53:45,033] DEEPMD INFO    batch   29000: val: rmse = 2.42e-01, rmse_e = 4.56e-03, rmse_f = 2.74e-02
[2026-04-18 05:53:45,033] DEEPMD INFO    batch   29000: total wall time = 24.23 s, eta = 0:28:40
[2026-04-18 05:54:09,875] DEEPMD INFO    batch   30000: trn: rmse = 2.96e-01, rmse_e = 2.09e-03, rmse_f = 3.35e-02, lr = 7.70e-05
[2026-04-18 05:54:09,876] DEEPMD INFO    batch   30000: val: rmse = 2.38e-01, rmse_e = 1.53e-03, rmse_f = 2.70e-02
[2026-04-18 05:54:09,876] DEEPMD INFO    batch   30000: total wall time = 24.84 s, eta = 0:28:58
[2026-04-18 05:54:09,902] DEEPMD INFO    Saved model to model.ckpt-30000.pt
[2026-04-18 05:54:34,134] DEEPMD INFO    batch   31000: trn: rmse = 1.74e-01, rmse_e = 1.88e-03, rmse_f = 2.54e-02, lr = 4.61e-05
[2026-04-18 05:54:34,134] DEEPMD INFO    batch   31000: val: rmse = 2.21e-01, rmse_e = 3.59e-03, rmse_f = 3.22e-02
[2026-04-18 05:54:34,134] DEEPMD INFO    batch   31000: total wall time = 24.26 s, eta = 0:27:53
[2026-04-18 05:54:58,003] DEEPMD INFO    batch   32000: trn: rmse = 1.52e-01, rmse_e = 1.10e-03, rmse_f = 2.21e-02, lr = 4.61e-05
[2026-04-18 05:54:58,003] DEEPMD INFO    batch   32000: val: rmse = 2.11e-01, rmse_e = 4.23e-04, rmse_f = 3.07e-02
[2026-04-18 05:54:58,003] DEEPMD INFO    batch   32000: total wall time = 23.87 s, eta = 0:27:03
[2026-04-18 05:55:22,545] DEEPMD INFO    batch   33000: trn: rmse = 1.35e-01, rmse_e = 5.98e-04, rmse_f = 1.96e-02, lr = 4.61e-05
[2026-04-18 05:55:22,545] DEEPMD INFO    batch   33000: val: rmse = 2.93e-01, rmse_e = 7.19e-04, rmse_f = 4.27e-02
[2026-04-18 05:55:22,545] DEEPMD INFO    batch   33000: total wall time = 24.54 s, eta = 0:27:24
[2026-04-18 05:55:46,594] DEEPMD INFO    batch   34000: trn: rmse = 2.40e-01, rmse_e = 4.24e-03, rmse_f = 3.49e-02, lr = 4.61e-05
[2026-04-18 05:55:46,594] DEEPMD INFO    batch   34000: val: rmse = 2.03e-01, rmse_e = 3.95e-03, rmse_f = 2.95e-02
[2026-04-18 05:55:46,594] DEEPMD INFO    batch   34000: total wall time = 24.05 s, eta = 0:26:27
[2026-04-18 05:56:10,404] DEEPMD INFO    batch   35000: trn: rmse = 2.50e-01, rmse_e = 1.48e-03, rmse_f = 3.64e-02, lr = 4.61e-05
[2026-04-18 05:56:10,404] DEEPMD INFO    batch   35000: val: rmse = 2.86e-01, rmse_e = 2.36e-03, rmse_f = 4.17e-02
[2026-04-18 05:56:10,404] DEEPMD INFO    batch   35000: total wall time = 23.81 s, eta = 0:25:47
[2026-04-18 05:56:34,565] DEEPMD INFO    batch   36000: trn: rmse = 1.38e-01, rmse_e = 5.94e-04, rmse_f = 2.58e-02, lr = 2.76e-05
[2026-04-18 05:56:34,565] DEEPMD INFO    batch   36000: val: rmse = 1.77e-01, rmse_e = 3.17e-04, rmse_f = 3.31e-02
[2026-04-18 05:56:34,566] DEEPMD INFO    batch   36000: total wall time = 24.16 s, eta = 0:25:46
[2026-04-18 05:56:59,084] DEEPMD INFO    batch   37000: trn: rmse = 1.29e-01, rmse_e = 2.41e-03, rmse_f = 2.41e-02, lr = 2.76e-05
[2026-04-18 05:56:59,084] DEEPMD INFO    batch   37000: val: rmse = 1.65e-01, rmse_e = 1.58e-03, rmse_f = 3.10e-02
[2026-04-18 05:56:59,085] DEEPMD INFO    batch   37000: total wall time = 24.52 s, eta = 0:25:44
[2026-04-18 05:57:23,632] DEEPMD INFO    batch   38000: trn: rmse = 1.17e-01, rmse_e = 1.88e-03, rmse_f = 2.18e-02, lr = 2.76e-05
[2026-04-18 05:57:23,633] DEEPMD INFO    batch   38000: val: rmse = 1.27e-01, rmse_e = 2.44e-03, rmse_f = 2.38e-02
[2026-04-18 05:57:23,633] DEEPMD INFO    batch   38000: total wall time = 24.55 s, eta = 0:25:22
[2026-04-18 05:57:47,664] DEEPMD INFO    batch   39000: trn: rmse = 2.01e-01, rmse_e = 2.79e-03, rmse_f = 3.75e-02, lr = 2.76e-05
[2026-04-18 05:57:47,665] DEEPMD INFO    batch   39000: val: rmse = 1.00e-01, rmse_e = 2.56e-03, rmse_f = 1.87e-02
[2026-04-18 05:57:47,665] DEEPMD INFO    batch   39000: total wall time = 24.03 s, eta = 0:24:25
[2026-04-18 05:58:12,101] DEEPMD INFO    batch   40000: trn: rmse = 2.08e-01, rmse_e = 3.50e-03, rmse_f = 3.88e-02, lr = 2.76e-05
[2026-04-18 05:58:12,101] DEEPMD INFO    batch   40000: val: rmse = 1.89e-01, rmse_e = 1.94e-03, rmse_f = 3.53e-02
[2026-04-18 05:58:12,102] DEEPMD INFO    batch   40000: total wall time = 24.44 s, eta = 0:24:26
[2026-04-18 05:58:12,128] DEEPMD INFO    Saved model to model.ckpt-40000.pt
[2026-04-18 05:58:35,939] DEEPMD INFO    batch   41000: trn: rmse = 8.84e-02, rmse_e = 3.30e-04, rmse_f = 2.11e-02, lr = 1.65e-05
[2026-04-18 05:58:35,939] DEEPMD INFO    batch   41000: val: rmse = 9.86e-02, rmse_e = 8.11e-04, rmse_f = 2.36e-02
[2026-04-18 05:58:35,939] DEEPMD INFO    batch   41000: total wall time = 23.84 s, eta = 0:23:26
[2026-04-18 05:58:59,903] DEEPMD INFO    batch   42000: trn: rmse = 1.37e-01, rmse_e = 1.98e-03, rmse_f = 3.28e-02, lr = 1.65e-05
[2026-04-18 05:58:59,904] DEEPMD INFO    batch   42000: val: rmse = 1.21e-01, rmse_e = 1.79e-03, rmse_f = 2.89e-02
[2026-04-18 05:58:59,904] DEEPMD INFO    batch   42000: total wall time = 23.96 s, eta = 0:23:09
[2026-04-18 05:59:24,507] DEEPMD INFO    batch   43000: trn: rmse = 9.93e-02, rmse_e = 1.10e-03, rmse_f = 2.37e-02, lr = 1.65e-05
[2026-04-18 05:59:24,507] DEEPMD INFO    batch   43000: val: rmse = 1.25e-01, rmse_e = 7.17e-04, rmse_f = 2.99e-02
[2026-04-18 05:59:24,507] DEEPMD INFO    batch   43000: total wall time = 24.60 s, eta = 0:23:22
[2026-04-18 05:59:49,379] DEEPMD INFO    batch   44000: trn: rmse = 8.75e-02, rmse_e = 3.35e-04, rmse_f = 2.09e-02, lr = 1.65e-05
[2026-04-18 05:59:49,380] DEEPMD INFO    batch   44000: val: rmse = 1.41e-01, rmse_e = 1.01e-03, rmse_f = 3.38e-02
[2026-04-18 05:59:49,380] DEEPMD INFO    batch   44000: total wall time = 24.87 s, eta = 0:23:12
[2026-04-18 06:00:14,490] DEEPMD INFO    batch   45000: trn: rmse = 1.16e-01, rmse_e = 1.11e-03, rmse_f = 2.78e-02, lr = 1.65e-05
[2026-04-18 06:00:14,490] DEEPMD INFO    batch   45000: val: rmse = 1.40e-01, rmse_e = 1.02e-03, rmse_f = 3.35e-02
[2026-04-18 06:00:14,491] DEEPMD INFO    batch   45000: total wall time = 25.11 s, eta = 0:23:01
[2026-04-18 06:00:39,158] DEEPMD INFO    batch   46000: trn: rmse = 9.42e-02, rmse_e = 1.00e-03, rmse_f = 2.85e-02, lr = 9.89e-06
[2026-04-18 06:00:39,158] DEEPMD INFO    batch   46000: val: rmse = 9.50e-02, rmse_e = 7.69e-04, rmse_f = 2.88e-02
[2026-04-18 06:00:39,159] DEEPMD INFO    batch   46000: total wall time = 24.67 s, eta = 0:22:12
[2026-04-18 06:01:03,160] DEEPMD INFO    batch   47000: trn: rmse = 8.21e-02, rmse_e = 7.09e-04, rmse_f = 2.49e-02, lr = 9.89e-06
[2026-04-18 06:01:03,160] DEEPMD INFO    batch   47000: val: rmse = 9.95e-02, rmse_e = 2.25e-04, rmse_f = 3.02e-02
[2026-04-18 06:01:03,160] DEEPMD INFO    batch   47000: total wall time = 24.00 s, eta = 0:21:12
[2026-04-18 06:01:28,000] DEEPMD INFO    batch   48000: trn: rmse = 8.90e-02, rmse_e = 8.69e-04, rmse_f = 2.70e-02, lr = 9.89e-06
[2026-04-18 06:01:28,001] DEEPMD INFO    batch   48000: val: rmse = 7.92e-02, rmse_e = 5.31e-04, rmse_f = 2.40e-02
[2026-04-18 06:01:28,002] DEEPMD INFO    batch   48000: total wall time = 24.84 s, eta = 0:21:31
[2026-04-18 06:01:52,719] DEEPMD INFO    batch   49000: trn: rmse = 7.42e-02, rmse_e = 1.26e-03, rmse_f = 2.25e-02, lr = 9.89e-06
[2026-04-18 06:01:52,720] DEEPMD INFO    batch   49000: val: rmse = 6.98e-02, rmse_e = 1.47e-03, rmse_f = 2.11e-02
[2026-04-18 06:01:52,720] DEEPMD INFO    batch   49000: total wall time = 24.72 s, eta = 0:21:00
[2026-04-18 06:02:17,093] DEEPMD INFO    batch   50000: trn: rmse = 7.57e-02, rmse_e = 1.39e-03, rmse_f = 2.29e-02, lr = 9.89e-06
[2026-04-18 06:02:17,094] DEEPMD INFO    batch   50000: val: rmse = 7.58e-02, rmse_e = 7.38e-04, rmse_f = 2.30e-02
[2026-04-18 06:02:17,094] DEEPMD INFO    batch   50000: total wall time = 24.37 s, eta = 0:20:18
[2026-04-18 06:02:17,122] DEEPMD INFO    Saved model to model.ckpt-50000.pt
[2026-04-18 06:02:41,175] DEEPMD INFO    batch   51000: trn: rmse = 7.17e-02, rmse_e = 6.17e-04, rmse_f = 2.73e-02, lr = 5.92e-06
[2026-04-18 06:02:41,176] DEEPMD INFO    batch   51000: val: rmse = 7.83e-02, rmse_e = 6.62e-04, rmse_f = 2.97e-02
[2026-04-18 06:02:41,176] DEEPMD INFO    batch   51000: total wall time = 24.08 s, eta = 0:19:40
[2026-04-18 06:03:04,560] DEEPMD INFO    batch   52000: trn: rmse = 5.00e-02, rmse_e = 1.31e-03, rmse_f = 1.90e-02, lr = 5.92e-06
[2026-04-18 06:03:04,560] DEEPMD INFO    batch   52000: val: rmse = 8.99e-02, rmse_e = 4.28e-04, rmse_f = 3.42e-02
[2026-04-18 06:03:04,561] DEEPMD INFO    batch   52000: total wall time = 23.38 s, eta = 0:18:42
[2026-04-18 06:03:28,912] DEEPMD INFO    batch   53000: trn: rmse = 5.48e-02, rmse_e = 7.93e-04, rmse_f = 2.08e-02, lr = 5.92e-06
[2026-04-18 06:03:28,912] DEEPMD INFO    batch   53000: val: rmse = 5.57e-02, rmse_e = 7.13e-04, rmse_f = 2.12e-02
[2026-04-18 06:03:28,913] DEEPMD INFO    batch   53000: total wall time = 24.35 s, eta = 0:19:04
[2026-04-18 06:03:52,743] DEEPMD INFO    batch   54000: trn: rmse = 5.72e-02, rmse_e = 9.90e-04, rmse_f = 2.17e-02, lr = 5.92e-06
[2026-04-18 06:03:52,743] DEEPMD INFO    batch   54000: val: rmse = 8.26e-02, rmse_e = 1.81e-04, rmse_f = 3.14e-02
[2026-04-18 06:03:52,744] DEEPMD INFO    batch   54000: total wall time = 23.83 s, eta = 0:18:16
[2026-04-18 06:04:17,729] DEEPMD INFO    batch   55000: trn: rmse = 7.79e-02, rmse_e = 5.76e-04, rmse_f = 2.96e-02, lr = 5.92e-06
[2026-04-18 06:04:17,730] DEEPMD INFO    batch   55000: val: rmse = 8.90e-02, rmse_e = 2.01e-03, rmse_f = 3.38e-02
[2026-04-18 06:04:17,730] DEEPMD INFO    batch   55000: total wall time = 24.99 s, eta = 0:18:44
[2026-04-18 06:04:42,431] DEEPMD INFO    batch   56000: trn: rmse = 5.13e-02, rmse_e = 4.22e-04, rmse_f = 2.40e-02, lr = 3.55e-06
[2026-04-18 06:04:42,431] DEEPMD INFO    batch   56000: val: rmse = 6.18e-02, rmse_e = 1.03e-03, rmse_f = 2.90e-02
[2026-04-18 06:04:42,431] DEEPMD INFO    batch   56000: total wall time = 24.70 s, eta = 0:18:06
[2026-04-18 06:05:07,290] DEEPMD INFO    batch   57000: trn: rmse = 4.97e-02, rmse_e = 6.55e-04, rmse_f = 2.33e-02, lr = 3.55e-06
[2026-04-18 06:05:07,290] DEEPMD INFO    batch   57000: val: rmse = 7.88e-02, rmse_e = 4.28e-04, rmse_f = 3.70e-02
[2026-04-18 06:05:07,290] DEEPMD INFO    batch   57000: total wall time = 24.86 s, eta = 0:17:48
[2026-04-18 06:05:32,437] DEEPMD INFO    batch   58000: trn: rmse = 4.77e-02, rmse_e = 3.84e-04, rmse_f = 2.24e-02, lr = 3.55e-06
[2026-04-18 06:05:32,438] DEEPMD INFO    batch   58000: val: rmse = 5.35e-02, rmse_e = 2.57e-04, rmse_f = 2.51e-02
[2026-04-18 06:05:32,438] DEEPMD INFO    batch   58000: total wall time = 25.15 s, eta = 0:17:36
[2026-04-18 06:05:56,381] DEEPMD INFO    batch   59000: trn: rmse = 4.54e-02, rmse_e = 1.07e-03, rmse_f = 2.12e-02, lr = 3.55e-06
[2026-04-18 06:05:56,382] DEEPMD INFO    batch   59000: val: rmse = 8.60e-02, rmse_e = 4.81e-04, rmse_f = 4.03e-02
[2026-04-18 06:05:56,382] DEEPMD INFO    batch   59000: total wall time = 23.94 s, eta = 0:16:21
[2026-04-18 06:06:20,850] DEEPMD INFO    batch   60000: trn: rmse = 6.13e-02, rmse_e = 8.63e-04, rmse_f = 2.87e-02, lr = 3.55e-06
[2026-04-18 06:06:20,851] DEEPMD INFO    batch   60000: val: rmse = 5.16e-02, rmse_e = 1.61e-03, rmse_f = 2.41e-02
[2026-04-18 06:06:20,851] DEEPMD INFO    batch   60000: total wall time = 24.47 s, eta = 0:16:18
[2026-04-18 06:06:20,880] DEEPMD INFO    Saved model to model.ckpt-60000.pt
[2026-04-18 06:06:44,873] DEEPMD INFO    batch   61000: trn: rmse = 3.98e-02, rmse_e = 4.09e-04, rmse_f = 2.25e-02, lr = 2.12e-06
[2026-04-18 06:06:44,874] DEEPMD INFO    batch   61000: val: rmse = 4.99e-02, rmse_e = 9.83e-04, rmse_f = 2.82e-02
[2026-04-18 06:06:44,874] DEEPMD INFO    batch   61000: total wall time = 24.02 s, eta = 0:15:36
[2026-04-18 06:07:09,773] DEEPMD INFO    batch   62000: trn: rmse = 3.96e-02, rmse_e = 4.20e-04, rmse_f = 2.24e-02, lr = 2.12e-06
[2026-04-18 06:07:09,773] DEEPMD INFO    batch   62000: val: rmse = 4.06e-02, rmse_e = 2.23e-04, rmse_f = 2.30e-02
[2026-04-18 06:07:09,774] DEEPMD INFO    batch   62000: total wall time = 24.90 s, eta = 0:15:46
[2026-04-18 06:07:34,100] DEEPMD INFO    batch   63000: trn: rmse = 4.67e-02, rmse_e = 8.01e-04, rmse_f = 2.64e-02, lr = 2.12e-06
[2026-04-18 06:07:34,100] DEEPMD INFO    batch   63000: val: rmse = 5.94e-02, rmse_e = 7.16e-04, rmse_f = 3.36e-02
[2026-04-18 06:07:34,100] DEEPMD INFO    batch   63000: total wall time = 24.33 s, eta = 0:15:00
[2026-04-18 06:07:58,402] DEEPMD INFO    batch   64000: trn: rmse = 5.27e-02, rmse_e = 4.88e-04, rmse_f = 2.98e-02, lr = 2.12e-06
[2026-04-18 06:07:58,403] DEEPMD INFO    batch   64000: val: rmse = 5.42e-02, rmse_e = 4.66e-04, rmse_f = 3.07e-02
[2026-04-18 06:07:58,403] DEEPMD INFO    batch   64000: total wall time = 24.30 s, eta = 0:14:34
[2026-04-18 06:08:22,845] DEEPMD INFO    batch   65000: trn: rmse = 4.42e-02, rmse_e = 5.14e-04, rmse_f = 2.50e-02, lr = 2.12e-06
[2026-04-18 06:08:22,845] DEEPMD INFO    batch   65000: val: rmse = 5.21e-02, rmse_e = 9.17e-04, rmse_f = 2.95e-02
[2026-04-18 06:08:22,846] DEEPMD INFO    batch   65000: total wall time = 24.44 s, eta = 0:14:15
[2026-04-18 06:08:47,741] DEEPMD INFO    batch   66000: trn: rmse = 3.82e-02, rmse_e = 2.39e-04, rmse_f = 2.53e-02, lr = 1.27e-06
[2026-04-18 06:08:47,741] DEEPMD INFO    batch   66000: val: rmse = 5.57e-02, rmse_e = 6.24e-04, rmse_f = 3.70e-02
[2026-04-18 06:08:47,741] DEEPMD INFO    batch   66000: total wall time = 24.90 s, eta = 0:14:06
[2026-04-18 06:09:12,011] DEEPMD INFO    batch   67000: trn: rmse = 3.81e-02, rmse_e = 6.21e-04, rmse_f = 2.52e-02, lr = 1.27e-06
[2026-04-18 06:09:12,011] DEEPMD INFO    batch   67000: val: rmse = 2.75e-02, rmse_e = 9.17e-05, rmse_f = 1.83e-02
[2026-04-18 06:09:12,011] DEEPMD INFO    batch   67000: total wall time = 24.27 s, eta = 0:13:20
[2026-04-18 06:09:36,528] DEEPMD INFO    batch   68000: trn: rmse = 3.52e-02, rmse_e = 6.93e-04, rmse_f = 2.33e-02, lr = 1.27e-06
[2026-04-18 06:09:36,528] DEEPMD INFO    batch   68000: val: rmse = 3.28e-02, rmse_e = 4.20e-04, rmse_f = 2.17e-02
[2026-04-18 06:09:36,528] DEEPMD INFO    batch   68000: total wall time = 24.52 s, eta = 0:13:04
[2026-04-18 06:10:00,375] DEEPMD INFO    batch   69000: trn: rmse = 4.30e-02, rmse_e = 4.86e-04, rmse_f = 2.85e-02, lr = 1.27e-06
[2026-04-18 06:10:00,375] DEEPMD INFO    batch   69000: val: rmse = 3.08e-02, rmse_e = 2.83e-04, rmse_f = 2.04e-02
[2026-04-18 06:10:00,375] DEEPMD INFO    batch   69000: total wall time = 23.85 s, eta = 0:12:19
[2026-04-18 06:10:25,064] DEEPMD INFO    batch   70000: trn: rmse = 4.89e-02, rmse_e = 5.73e-04, rmse_f = 3.24e-02, lr = 1.27e-06
[2026-04-18 06:10:25,065] DEEPMD INFO    batch   70000: val: rmse = 5.04e-02, rmse_e = 6.44e-04, rmse_f = 3.34e-02
[2026-04-18 06:10:25,065] DEEPMD INFO    batch   70000: total wall time = 24.69 s, eta = 0:12:20
[2026-04-18 06:10:25,092] DEEPMD INFO    Saved model to model.ckpt-70000.pt
[2026-04-18 06:10:48,757] DEEPMD INFO    batch   71000: trn: rmse = 4.77e-02, rmse_e = 7.60e-04, rmse_f = 3.59e-02, lr = 7.62e-07
[2026-04-18 06:10:48,758] DEEPMD INFO    batch   71000: val: rmse = 3.86e-02, rmse_e = 9.02e-04, rmse_f = 2.90e-02
[2026-04-18 06:10:48,758] DEEPMD INFO    batch   71000: total wall time = 23.69 s, eta = 0:11:27
[2026-04-18 06:11:12,827] DEEPMD INFO    batch   72000: trn: rmse = 2.38e-02, rmse_e = 4.32e-04, rmse_f = 1.79e-02, lr = 7.62e-07
[2026-04-18 06:11:12,827] DEEPMD INFO    batch   72000: val: rmse = 4.41e-02, rmse_e = 9.00e-04, rmse_f = 3.32e-02
[2026-04-18 06:11:12,828] DEEPMD INFO    batch   72000: total wall time = 24.07 s, eta = 0:11:13
[2026-04-18 06:11:36,884] DEEPMD INFO    batch   73000: trn: rmse = 2.46e-02, rmse_e = 4.40e-04, rmse_f = 1.85e-02, lr = 7.62e-07
[2026-04-18 06:11:36,885] DEEPMD INFO    batch   73000: val: rmse = 3.75e-02, rmse_e = 3.62e-04, rmse_f = 2.82e-02
[2026-04-18 06:11:36,885] DEEPMD INFO    batch   73000: total wall time = 24.06 s, eta = 0:10:49
[2026-04-18 06:12:01,141] DEEPMD INFO    batch   74000: trn: rmse = 2.47e-02, rmse_e = 4.55e-04, rmse_f = 1.86e-02, lr = 7.62e-07
[2026-04-18 06:12:01,141] DEEPMD INFO    batch   74000: val: rmse = 3.91e-02, rmse_e = 5.00e-04, rmse_f = 2.94e-02
[2026-04-18 06:12:01,142] DEEPMD INFO    batch   74000: total wall time = 24.26 s, eta = 0:10:30
[2026-04-18 06:12:25,142] DEEPMD INFO    batch   75000: trn: rmse = 3.52e-02, rmse_e = 7.11e-04, rmse_f = 2.65e-02, lr = 7.62e-07
[2026-04-18 06:12:25,142] DEEPMD INFO    batch   75000: val: rmse = 3.13e-02, rmse_e = 7.03e-04, rmse_f = 2.35e-02
[2026-04-18 06:12:25,142] DEEPMD INFO    batch   75000: total wall time = 24.00 s, eta = 0:10:00
[2026-04-18 06:12:49,731] DEEPMD INFO    batch   76000: trn: rmse = 3.54e-02, rmse_e = 6.13e-04, rmse_f = 2.93e-02, lr = 4.56e-07
[2026-04-18 06:12:49,731] DEEPMD INFO    batch   76000: val: rmse = 3.87e-02, rmse_e = 5.97e-04, rmse_f = 3.21e-02
[2026-04-18 06:12:49,732] DEEPMD INFO    batch   76000: total wall time = 24.59 s, eta = 0:09:50
[2026-04-18 06:13:14,454] DEEPMD INFO    batch   77000: trn: rmse = 2.61e-02, rmse_e = 6.24e-04, rmse_f = 2.16e-02, lr = 4.56e-07
[2026-04-18 06:13:14,454] DEEPMD INFO    batch   77000: val: rmse = 2.22e-02, rmse_e = 2.71e-04, rmse_f = 1.84e-02
[2026-04-18 06:13:14,454] DEEPMD INFO    batch   77000: total wall time = 24.72 s, eta = 0:09:28
[2026-04-18 06:13:38,992] DEEPMD INFO    batch   78000: trn: rmse = 2.95e-02, rmse_e = 7.11e-04, rmse_f = 2.44e-02, lr = 4.56e-07
[2026-04-18 06:13:38,992] DEEPMD INFO    batch   78000: val: rmse = 3.64e-02, rmse_e = 5.34e-04, rmse_f = 3.01e-02
[2026-04-18 06:13:38,992] DEEPMD INFO    batch   78000: total wall time = 24.54 s, eta = 0:08:59
[2026-04-18 06:14:02,994] DEEPMD INFO    batch   79000: trn: rmse = 2.87e-02, rmse_e = 7.75e-04, rmse_f = 2.37e-02, lr = 4.56e-07
[2026-04-18 06:14:02,994] DEEPMD INFO    batch   79000: val: rmse = 4.02e-02, rmse_e = 6.99e-04, rmse_f = 3.33e-02
[2026-04-18 06:14:02,994] DEEPMD INFO    batch   79000: total wall time = 24.00 s, eta = 0:08:24
[2026-04-18 06:14:27,085] DEEPMD INFO    batch   80000: trn: rmse = 2.74e-02, rmse_e = 4.71e-04, rmse_f = 2.26e-02, lr = 4.56e-07
[2026-04-18 06:14:27,085] DEEPMD INFO    batch   80000: val: rmse = 2.60e-02, rmse_e = 2.92e-04, rmse_f = 2.15e-02
[2026-04-18 06:14:27,085] DEEPMD INFO    batch   80000: total wall time = 24.09 s, eta = 0:08:01
[2026-04-18 06:14:27,112] DEEPMD INFO    Saved model to model.ckpt-80000.pt
[2026-04-18 06:14:51,996] DEEPMD INFO    batch   81000: trn: rmse = 2.42e-02, rmse_e = 3.67e-04, rmse_f = 2.14e-02, lr = 2.73e-07
[2026-04-18 06:14:51,997] DEEPMD INFO    batch   81000: val: rmse = 2.50e-02, rmse_e = 5.99e-04, rmse_f = 2.21e-02
[2026-04-18 06:14:51,997] DEEPMD INFO    batch   81000: total wall time = 24.91 s, eta = 0:07:53
[2026-04-18 06:15:15,923] DEEPMD INFO    batch   82000: trn: rmse = 3.21e-02, rmse_e = 5.99e-04, rmse_f = 2.84e-02, lr = 2.73e-07
[2026-04-18 06:15:15,923] DEEPMD INFO    batch   82000: val: rmse = 3.05e-02, rmse_e = 5.40e-04, rmse_f = 2.70e-02
[2026-04-18 06:15:15,924] DEEPMD INFO    batch   82000: total wall time = 23.93 s, eta = 0:07:10
[2026-04-18 06:15:39,952] DEEPMD INFO    batch   83000: trn: rmse = 3.06e-02, rmse_e = 3.50e-04, rmse_f = 2.71e-02, lr = 2.73e-07
[2026-04-18 06:15:39,952] DEEPMD INFO    batch   83000: val: rmse = 2.92e-02, rmse_e = 2.44e-04, rmse_f = 2.58e-02
[2026-04-18 06:15:39,953] DEEPMD INFO    batch   83000: total wall time = 24.03 s, eta = 0:06:48
[2026-04-18 06:16:04,054] DEEPMD INFO    batch   84000: trn: rmse = 2.78e-02, rmse_e = 5.19e-04, rmse_f = 2.46e-02, lr = 2.73e-07
[2026-04-18 06:16:04,054] DEEPMD INFO    batch   84000: val: rmse = 3.26e-02, rmse_e = 8.28e-04, rmse_f = 2.89e-02
[2026-04-18 06:16:04,054] DEEPMD INFO    batch   84000: total wall time = 24.10 s, eta = 0:06:25
[2026-04-18 06:16:27,895] DEEPMD INFO    batch   85000: trn: rmse = 3.10e-02, rmse_e = 7.94e-04, rmse_f = 2.74e-02, lr = 2.73e-07
[2026-04-18 06:16:27,895] DEEPMD INFO    batch   85000: val: rmse = 3.03e-02, rmse_e = 3.90e-04, rmse_f = 2.68e-02
[2026-04-18 06:16:27,896] DEEPMD INFO    batch   85000: total wall time = 23.84 s, eta = 0:05:57
[2026-04-18 06:16:52,514] DEEPMD INFO    batch   86000: trn: rmse = 3.13e-02, rmse_e = 7.16e-04, rmse_f = 2.89e-02, lr = 1.63e-07
[2026-04-18 06:16:52,514] DEEPMD INFO    batch   86000: val: rmse = 2.16e-02, rmse_e = 5.53e-04, rmse_f = 2.00e-02
[2026-04-18 06:16:52,514] DEEPMD INFO    batch   86000: total wall time = 24.62 s, eta = 0:05:44
[2026-04-18 06:17:16,669] DEEPMD INFO    batch   87000: trn: rmse = 2.16e-02, rmse_e = 5.98e-04, rmse_f = 2.00e-02, lr = 1.63e-07
[2026-04-18 06:17:16,670] DEEPMD INFO    batch   87000: val: rmse = 2.76e-02, rmse_e = 8.50e-04, rmse_f = 2.55e-02
[2026-04-18 06:17:16,670] DEEPMD INFO    batch   87000: total wall time = 24.16 s, eta = 0:05:14
[2026-04-18 06:17:41,429] DEEPMD INFO    batch   88000: trn: rmse = 3.80e-02, rmse_e = 5.66e-04, rmse_f = 3.52e-02, lr = 1.63e-07
[2026-04-18 06:17:41,429] DEEPMD INFO    batch   88000: val: rmse = 2.38e-02, rmse_e = 4.03e-04, rmse_f = 2.20e-02
[2026-04-18 06:17:41,429] DEEPMD INFO    batch   88000: total wall time = 24.76 s, eta = 0:04:57
[2026-04-18 06:18:05,567] DEEPMD INFO    batch   89000: trn: rmse = 2.14e-02, rmse_e = 5.33e-04, rmse_f = 1.98e-02, lr = 1.63e-07
[2026-04-18 06:18:05,568] DEEPMD INFO    batch   89000: val: rmse = 4.17e-02, rmse_e = 7.28e-04, rmse_f = 3.86e-02
[2026-04-18 06:18:05,568] DEEPMD INFO    batch   89000: total wall time = 24.14 s, eta = 0:04:25
[2026-04-18 06:18:30,365] DEEPMD INFO    batch   90000: trn: rmse = 2.43e-02, rmse_e = 4.09e-04, rmse_f = 2.25e-02, lr = 1.63e-07
[2026-04-18 06:18:30,365] DEEPMD INFO    batch   90000: val: rmse = 2.96e-02, rmse_e = 9.62e-04, rmse_f = 2.73e-02
[2026-04-18 06:18:30,366] DEEPMD INFO    batch   90000: total wall time = 24.80 s, eta = 0:04:07
[2026-04-18 06:18:30,392] DEEPMD INFO    Saved model to model.ckpt-90000.pt
[2026-04-18 06:18:54,925] DEEPMD INFO    batch   91000: trn: rmse = 2.39e-02, rmse_e = 7.38e-04, rmse_f = 2.27e-02, lr = 9.79e-08
[2026-04-18 06:18:54,925] DEEPMD INFO    batch   91000: val: rmse = 3.15e-02, rmse_e = 6.66e-04, rmse_f = 3.00e-02
[2026-04-18 06:18:54,926] DEEPMD INFO    batch   91000: total wall time = 24.56 s, eta = 0:03:41
[2026-04-18 06:19:18,772] DEEPMD INFO    batch   92000: trn: rmse = 1.99e-02, rmse_e = 6.52e-04, rmse_f = 1.89e-02, lr = 9.79e-08
[2026-04-18 06:19:18,772] DEEPMD INFO    batch   92000: val: rmse = 3.39e-02, rmse_e = 4.88e-04, rmse_f = 3.23e-02
[2026-04-18 06:19:18,772] DEEPMD INFO    batch   92000: total wall time = 23.85 s, eta = 0:03:10
[2026-04-18 06:19:43,086] DEEPMD INFO    batch   93000: trn: rmse = 2.33e-02, rmse_e = 6.10e-04, rmse_f = 2.22e-02, lr = 9.79e-08
[2026-04-18 06:19:43,087] DEEPMD INFO    batch   93000: val: rmse = 2.70e-02, rmse_e = 6.60e-04, rmse_f = 2.57e-02
[2026-04-18 06:19:43,087] DEEPMD INFO    batch   93000: total wall time = 24.31 s, eta = 0:02:50
[2026-04-18 06:20:07,458] DEEPMD INFO    batch   94000: trn: rmse = 2.43e-02, rmse_e = 3.64e-04, rmse_f = 2.31e-02, lr = 9.79e-08
[2026-04-18 06:20:07,458] DEEPMD INFO    batch   94000: val: rmse = 3.20e-02, rmse_e = 8.55e-04, rmse_f = 3.05e-02
[2026-04-18 06:20:07,458] DEEPMD INFO    batch   94000: total wall time = 24.37 s, eta = 0:02:26
[2026-04-18 06:20:31,422] DEEPMD INFO    batch   95000: trn: rmse = 2.32e-02, rmse_e = 4.81e-04, rmse_f = 2.21e-02, lr = 9.79e-08
[2026-04-18 06:20:31,422] DEEPMD INFO    batch   95000: val: rmse = 2.46e-02, rmse_e = 4.00e-04, rmse_f = 2.34e-02
[2026-04-18 06:20:31,422] DEEPMD INFO    batch   95000: total wall time = 23.96 s, eta = 0:01:59
[2026-04-18 06:20:56,027] DEEPMD INFO    batch   96000: trn: rmse = 2.24e-02, rmse_e = 3.77e-04, rmse_f = 2.17e-02, lr = 5.86e-08
[2026-04-18 06:20:56,028] DEEPMD INFO    batch   96000: val: rmse = 3.43e-02, rmse_e = 6.53e-04, rmse_f = 3.33e-02
[2026-04-18 06:20:56,028] DEEPMD INFO    batch   96000: total wall time = 24.61 s, eta = 0:01:38
[2026-04-18 06:21:20,330] DEEPMD INFO    batch   97000: trn: rmse = 2.25e-02, rmse_e = 4.51e-04, rmse_f = 2.18e-02, lr = 5.86e-08
[2026-04-18 06:21:20,331] DEEPMD INFO    batch   97000: val: rmse = 3.39e-02, rmse_e = 7.67e-04, rmse_f = 3.29e-02
[2026-04-18 06:21:20,331] DEEPMD INFO    batch   97000: total wall time = 24.30 s, eta = 0:01:12
[2026-04-18 06:21:45,261] DEEPMD INFO    batch   98000: trn: rmse = 2.37e-02, rmse_e = 4.38e-04, rmse_f = 2.30e-02, lr = 5.86e-08
[2026-04-18 06:21:45,261] DEEPMD INFO    batch   98000: val: rmse = 3.05e-02, rmse_e = 2.25e-04, rmse_f = 2.96e-02
[2026-04-18 06:21:45,261] DEEPMD INFO    batch   98000: total wall time = 24.93 s, eta = 0:00:49
[2026-04-18 06:22:09,921] DEEPMD INFO    batch   99000: trn: rmse = 2.67e-02, rmse_e = 5.23e-04, rmse_f = 2.59e-02, lr = 5.86e-08
[2026-04-18 06:22:09,921] DEEPMD INFO    batch   99000: val: rmse = 2.58e-02, rmse_e = 4.34e-04, rmse_f = 2.51e-02
[2026-04-18 06:22:09,922] DEEPMD INFO    batch   99000: total wall time = 24.66 s, eta = 0:00:24
[2026-04-18 06:22:34,767] DEEPMD INFO    batch  100000: trn: rmse = 2.22e-02, rmse_e = 8.53e-04, rmse_f = 2.14e-02, lr = 5.86e-08
[2026-04-18 06:22:34,767] DEEPMD INFO    batch  100000: val: rmse = 3.12e-02, rmse_e = 6.21e-04, rmse_f = 3.03e-02
[2026-04-18 06:22:34,767] DEEPMD INFO    batch  100000: total wall time = 24.85 s, eta = 0:00:00
[2026-04-18 06:22:34,797] DEEPMD INFO    Saved model to model.ckpt-100000.pt
[2026-04-18 06:22:34,798] DEEPMD INFO    average training time: 0.0243 s/batch (1000 batches excluded)
[2026-04-18 06:22:34,798] DEEPMD INFO    Trained model has been saved to: model.ckpt
2026-04-18 06:22:35,564 - sparc.src.deepmd - INFO - Training completed successfully
2026-04-18 06:22:35,564 - INFO - Training completed successfully
[SPARC][INFO] Freezing model: dp --pt freeze -o frozen_model_3.pth
To get the best performance, it is recommended to adjust the number of threads by setting the environment variables OMP_NUM_THREADS, DP_INTRA_OP_PARALLELISM_THREADS, and DP_INTER_OP_PARALLELISM_THREADS. See https://deepmd.rtfd.io/parallelism/ for more information.
/home/rverma7/anaconda3/envs/sparcGNN/lib/python3.10/site-packages/e3nn/o3/_wigner.py:10: UserWarning: Environment variable TORCH_FORCE_NO_WEIGHTS_ONLY_LOAD detected, since the`weights_only` argument was not explicitly passed to `torch.load`, forcing weights_only=False.
  _Jd, _W3j_flat, _W3j_indices = torch.load(os.path.join(os.path.dirname(__file__), 'constants.pt'))
/home/rverma7/anaconda3/envs/sparcGNN/lib/python3.10/site-packages/nequip/__init__.py:20: UserWarning: !! PyTorch version 2.6.0 found. Upstream issues in PyTorch versions 1.13.* and 2.* have been seen to cause unusual performance degredations on some CUDA systems that become worse over time; see https://github.com/mir-group/nequip/discussions/311. The best tested PyTorch version to use with CUDA devices is 1.11; while using other versions if you observe this problem, an unexpected lack of this problem, or other strange behavior, please post in the linked GitHub issue.
  warnings.warn(
[2026-04-18 06:22:38,154] DEEPMD INFO    DeePMD version: 3.1.1
[2026-04-18 06:22:38,826] DEEPMD INFO    Saved frozen model to frozen_model_3.pth
2026-04-18 06:22:39,476 - sparc.src.deepmd - INFO - Model frozen successfully
2026-04-18 06:22:39,476 - INFO - Model frozen successfully
[SPARC][INFO] ================================================================================
[SPARC][INFO] DeepMD Model Evaluation Results
[SPARC][INFO] --------------------------------------------------------------------------------
[SPARC][INFO] [2026-04-18 06:22:40,896] DEEPMD WARNING To get the best performance, it is recommended to adjust the number of threads by setting the environment variables OMP_NUM_THREADS, DP_INTRA_OP_PARALLELISM_THREADS, and DP_INTER_OP_PARALLELISM_THREADS. See https://deepmd.rtfd.io/parallelism/ for more information.
/home/rverma7/anaconda3/envs/sparcGNN/lib/python3.10/site-packages/e3nn/o3/_wigner.py:10: UserWarning: Environment variable TORCH_FORCE_NO_WEIGHTS_ONLY_LOAD detected, since the`weights_only` argument was not explicitly passed to `torch.load`, forcing weights_only=False.
  _Jd, _W3j_flat, _W3j_indices = torch.load(os.path.join(os.path.dirname(__file__), 'constants.pt'))
/home/rverma7/anaconda3/envs/sparcGNN/lib/python3.10/site-packages/nequip/__init__.py:20: UserWarning: !! PyTorch version 2.6.0 found. Upstream issues in PyTorch versions 1.13.* and 2.* have been seen to cause unusual performance degredations on some CUDA systems that become worse over time; see https://github.com/mir-group/nequip/discussions/311. The best tested PyTorch version to use with CUDA devices is 1.11; while using other versions if you observe this problem, an unexpected lack of this problem, or other strange behavior, please post in the linked GitHub issue.
  warnings.warn(
[2026-04-18 06:22:42,672] DEEPMD INFO    # ---------------output of dp test--------------- 
[2026-04-18 06:22:42,672] DEEPMD INFO    # testing system : /home/rverma7/My_Program/0.3_sparc/examples/CP2K/workflow/DeePMD_training/00.data/validation_data
[2026-04-18 06:22:43,642] DEEPMD INFO    # number of test data : 53 
[2026-04-18 06:22:43,642] DEEPMD INFO    Energy MAE         : 3.617338e-03 eV
[2026-04-18 06:22:43,642] DEEPMD INFO    Energy RMSE        : 4.628362e-03 eV
[2026-04-18 06:22:43,642] DEEPMD INFO    Energy MAE/Natoms  : 4.521672e-04 eV
[2026-04-18 06:22:43,642] DEEPMD INFO    Energy RMSE/Natoms : 5.785453e-04 eV
[2026-04-18 06:22:43,642] DEEPMD INFO    Force  MAE         : 2.095143e-02 eV/Å
[2026-04-18 06:22:43,642] DEEPMD INFO    Force  RMSE        : 2.803588e-02 eV/Å
[2026-04-18 06:22:43,642] DEEPMD INFO    # ----------------------------------------------- 
[2026-04-18 06:22:43,642] DEEPMD INFO    # ----------weighted average of errors----------- 
[2026-04-18 06:22:43,642] DEEPMD INFO    # number of systems : 1
[2026-04-18 06:22:43,642] DEEPMD INFO    Energy MAE         : 3.617338e-03 eV
[2026-04-18 06:22:43,642] DEEPMD INFO    Energy RMSE        : 4.628362e-03 eV
[2026-04-18 06:22:43,642] DEEPMD INFO    Energy MAE/Natoms  : 4.521672e-04 eV
[2026-04-18 06:22:43,642] DEEPMD INFO    Energy RMSE/Natoms : 5.785453e-04 eV
[2026-04-18 06:22:43,642] DEEPMD INFO    Force  MAE         : 2.095143e-02 eV/Å
[2026-04-18 06:22:43,642] DEEPMD INFO    Force  RMSE        : 2.803588e-02 eV/Å
[2026-04-18 06:22:43,642] DEEPMD INFO    # -----------------------------------------------
[SPARC][INFO] ================================================================================
[SPARC][INFO] ================================================================================
[SPARC][INFO] Running 2 ML-MD with updated models (NVT-Nose)
[SPARC][INFO] Restart Exploration: ENABLED (frame: ('candidates',))
[SPARC][INFO] ================================================================================
[SPARC][WARNING]  Warning: Could not load from previous iteration: Invalid restart_mode: ('candidates',). Options: 'last', 'random', 'candidates'
[SPARC][INFO]  Falling back to original structure
[SPARC][INFO] --------------------------------------------------------------------------------
[SPARC][INFO] DeepPotential model successfully loaded and tested:
[SPARC][INFO]   Model: iter_000003/01.train/training_1/frozen_model_1.pth
[SPARC][INFO]   Backend: PYTORCH
[SPARC][INFO] --------------------------------------------------------------------------------
[SPARC][INFO] ================================================================================

[SPARC][INFO]             MACHINE LEARNING POTENTIAL MD SIMULATION FOR [NVT-Nose]             

[SPARC][INFO] Output Logfile: Iter4_dpmd_0.log
[SPARC][INFO] ================================================================================

[SPARC][INFO] 
[SPARC][INFO] Step     Epot (eV)    Ekin (eV)    Temp (K)   P (GPa)    V (Ang^3) 
[SPARC][INFO] --------------------------------------------------------------------------------
[SPARC][INFO] 0          -439.6747      0.3619    350.00    0.3026   1728.00
[SPARC][INFO] ***********************************************************
[SPARC][INFO] Reference Potential Energy (Step 0): -440.489621 eV
[SPARC][INFO] Threshold limit: +/- 2.50 eV
[SPARC][INFO] ***********************************************************
[SPARC][INFO] 200        -440.5157      0.5012    484.73   -0.1282   1728.00
[SPARC][INFO] 400        -440.6209      0.5542    535.98    0.0031   1728.00
[SPARC][INFO] 600        -440.4641      0.5437    525.82    0.2077   1728.00
[SPARC][INFO] 800        -440.5628      0.5416    523.75   -0.1533   1728.00
[SPARC][INFO] 1000       -440.1960      0.5558    537.51   -0.2623   1728.00
[SPARC][INFO] 1200       -440.3819      0.2875    278.04    0.1868   1728.00
[SPARC][INFO] 1400       -440.3914      0.6451    623.81    0.2042   1728.00
[SPARC][INFO] 1600       -440.5880      0.4620    446.80   -0.1892   1728.00
[SPARC][INFO] 1800       -440.3360      0.4922    475.99   -0.1464   1728.00
[SPARC][INFO] 2000       -440.4565      0.2526    244.28    0.1466   1728.00
[SPARC][INFO] 2200       -440.4235      0.5300    512.50    0.0957   1728.00
[SPARC][INFO] 2400       -440.4733      0.4844    468.44   -0.1788   1728.00
[SPARC][INFO] 2600       -440.2935      0.2842    274.87   -0.0509   1728.00
[SPARC][INFO] 2800       -440.4738      0.4381    423.70    0.0979   1728.00
[SPARC][INFO] 3000       -440.5085      0.5973    577.65    0.0422   1728.00
[SPARC][INFO] 3200       -440.3034      0.2408    232.82   -0.1260   1728.00
[SPARC][INFO] 3400       -440.4474      0.4398    425.27   -0.1528   1728.00
[SPARC][INFO] 3600       -440.5455      0.5898    570.38   -0.1163   1728.00
[SPARC][INFO] 3800       -440.3885      0.2840    274.63    0.0815   1728.00
[SPARC][INFO] 4000       -440.2154      0.3395    328.35   -0.2237   1728.00
[SPARC][INFO] 4200       -440.4997      0.4299    415.70   -0.2886   1728.00
[SPARC][INFO] 4400       -440.0866      0.5469    528.92   -0.0900   1728.00
[SPARC][INFO] 4600       -440.1969      0.2217    214.38    0.0446   1728.00
[SPARC][INFO] 4800       -440.3097      0.1952    188.79   -0.1468   1728.00
[SPARC][INFO] 5000       -439.9098      0.1203    116.31   -0.2319   1728.00
[SPARC][WARNING]  Warning: Could not load from previous iteration: Invalid restart_mode: ('candidates',). Options: 'last', 'random', 'candidates'
[SPARC][INFO]  Falling back to original structure
[SPARC][INFO] --------------------------------------------------------------------------------
[SPARC][INFO] DeepPotential model successfully loaded and tested:
[SPARC][INFO]   Model: iter_000003/01.train/training_1/frozen_model_1.pth
[SPARC][INFO]   Backend: PYTORCH
[SPARC][INFO] --------------------------------------------------------------------------------
[SPARC][INFO] ================================================================================

[SPARC][INFO]             MACHINE LEARNING POTENTIAL MD SIMULATION FOR [NVT-Nose]             

[SPARC][INFO] Output Logfile: Iter4_dpmd_1.log
[SPARC][INFO] ================================================================================

[SPARC][INFO] 
[SPARC][INFO] Step     Epot (eV)    Ekin (eV)    Temp (K)   P (GPa)    V (Ang^3) 
[SPARC][INFO] --------------------------------------------------------------------------------
[SPARC][INFO] 0          -439.6747      0.3619    350.00    0.3026   1728.00
[SPARC][INFO] ***********************************************************
[SPARC][INFO] Reference Potential Energy (Step 0): -440.463525 eV
[SPARC][INFO] Threshold limit: +/- 2.50 eV
[SPARC][INFO] ***********************************************************
[SPARC][INFO] 200        -440.4007      0.3337    322.66   -0.2493   1728.00
[SPARC][INFO] 400        -440.3318      0.2848    275.42    0.1361   1728.00
[SPARC][INFO] 600        -440.4716      0.4559    440.86    0.1857   1728.00
[SPARC][INFO] 800        -440.5879      0.5473    529.30   -0.1824   1728.00
[SPARC][INFO] 1000       -439.9185      0.1741    168.32   -0.1922   1728.00
[SPARC][INFO] 1200       -440.4191      0.2683    259.42   -0.1354   1728.00
[SPARC][INFO] 1400       -439.9893      0.2930    283.30    0.0564   1728.00
[SPARC][INFO] 1600       -440.4308      0.2415    233.57    0.0091   1728.00
[SPARC][INFO] 1800       -440.0081      0.1475    142.62   -0.3731   1728.00
[SPARC][INFO] 2000       -440.4556      0.2109    203.92   -0.1505   1728.00
[SPARC][INFO] 2200       -440.0878      0.1525    147.51    0.1319   1728.00
[SPARC][INFO] 2400       -440.4479      0.1359    131.45   -0.1213   1728.00
[SPARC][INFO] 2600       -440.1870      0.1568    151.68   -0.2058   1728.00
[SPARC][INFO] 2800       -440.3395      0.2399    231.95   -0.2386   1728.00
[SPARC][INFO] 3000       -440.4311      0.2729    263.86   -0.0616   1728.00
[SPARC][INFO] 3200       -440.2936      0.2824    273.05    0.1004   1728.00
[SPARC][INFO] 3400       -440.4066      0.1504    145.41   -0.2050   1728.00
[SPARC][INFO] 3600       -440.2414      0.3314    320.47   -0.2210   1728.00
[SPARC][INFO] 3800       -440.6445      0.4398    425.35    0.0469   1728.00
[SPARC][INFO] 4000       -440.6355      0.2799    270.68    0.0732   1728.00
[SPARC][INFO] 4200       -440.3991      0.4350    420.62    0.0324   1728.00
[SPARC][INFO] 4400       -440.4113      0.2006    194.03    0.0695   1728.00
[SPARC][INFO] 4600       -440.5434      0.4961    479.78   -0.0058   1728.00
[SPARC][INFO] 4800       -440.1932      0.1513    146.27    0.3819   1728.00
[SPARC][INFO] 5000       -440.5399      0.3462    334.78    0.1536   1728.00
[SPARC][INFO] 
[SPARC][INFO] QUERY-BY-COMMITTEE: MODEL DEVIATION ANALYSIS
[SPARC][INFO] --------------------------------------------------------------------------------
[SPARC][INFO] Iteration                      4
[SPARC][INFO] Number of models               3
[SPARC][INFO] Deviation range                [0.10, 0.35] eV/Å
[SPARC][INFO] --------------------------------------------------------------------------------
[SPARC][INFO] ================================================================================
[SPARC][INFO]                     Model Path: iter_000004/01.train                    
[SPARC][INFO] ================================================================================
[SPARC][INFO] ================================================================================
[SPARC][INFO]                       Using the following models:                       
[SPARC][INFO] ================================================================================
[SPARC][INFO]                            frozen_model_1.pth                           
[SPARC][INFO]                            frozen_model_2.pth                           
[SPARC][INFO]                            frozen_model_3.pth                           
[SPARC][INFO] ================================================================================
[2026-04-18 06:24:56,917] DEEPMD WARNING To get the best performance, it is recommended to adjust the number of threads by setting the environment variables OMP_NUM_THREADS, DP_INTRA_OP_PARALLELISM_THREADS, and DP_INTER_OP_PARALLELISM_THREADS. See https://deepmd.rtfd.io/parallelism/ for more information.
/home/rverma7/anaconda3/envs/sparcGNN/lib/python3.10/site-packages/e3nn/o3/_wigner.py:10: UserWarning: Environment variable TORCH_FORCE_NO_WEIGHTS_ONLY_LOAD detected, since the`weights_only` argument was not explicitly passed to `torch.load`, forcing weights_only=False.
  _Jd, _W3j_flat, _W3j_indices = torch.load(os.path.join(os.path.dirname(__file__), 'constants.pt'))
/home/rverma7/anaconda3/envs/sparcGNN/lib/python3.10/site-packages/nequip/__init__.py:20: UserWarning: !! PyTorch version 2.6.0 found. Upstream issues in PyTorch versions 1.13.* and 2.* have been seen to cause unusual performance degredations on some CUDA systems that become worse over time; see https://github.com/mir-group/nequip/discussions/311. The best tested PyTorch version to use with CUDA devices is 1.11; while using other versions if you observe this problem, an unexpected lack of this problem, or other strange behavior, please post in the linked GitHub issue.
  warnings.warn(
[2026-04-18 06:24:59,790] DEEPMD INFO    Adjust batch size from 1024 to 2048
[2026-04-18 06:25:00,419] DEEPMD INFO    Adjust batch size from 2048 to 4096
[2026-04-18 06:25:01,620] DEEPMD INFO    Adjust batch size from 1024 to 2048
[2026-04-18 06:25:02,263] DEEPMD INFO    Adjust batch size from 2048 to 4096
[2026-04-18 06:25:03,470] DEEPMD INFO    Adjust batch size from 1024 to 2048
[2026-04-18 06:25:04,105] DEEPMD INFO    Adjust batch size from 2048 to 4096
[SPARC][INFO] ================================================================================
[SPARC][INFO]           Model deviation calculation completed successfully!           
[SPARC][INFO]          Results saved in: iter_000004/02.dpmd/model_dev_4.out          
[SPARC][INFO] ================================================================================
[SPARC][INFO] ================================================================================
[SPARC][INFO] Selection Summary:
[SPARC][INFO]   Candidates in deviation range [0.10, 0.35] eV/Å: 2
[SPARC][INFO]   Skipped (RMSD < 0.050 Å): 0
[SPARC][INFO]   Final selected structures: 2
[SPARC][INFO]   Candidates trajectory: iter_000004/02.dpmd/dft_candidates/candidates.extxyz
[SPARC][INFO]   RMSD details written to: iter_000004/02.dpmd/dft_candidates/rmsd_filtering.dat
[SPARC][INFO] ==========================================================================================

[SPARC][INFO] Candidate summary saved to: iter_000004/02.dpmd/dft_candidates/candidates_summary.csv

[SPARC][INFO] 
[SPARC][INFO] --------------------------------------------------------------------------------
[SPARC][INFO]                        ACTIVE LEARNING WORKFLOW COMPLETED                       
[SPARC][INFO] --------------------------------------------------------------------------------
[SPARC][INFO] Total iterations : 4
[SPARC][INFO] Final models saved in : iter_000004/01.train
[SPARC][INFO] ================================================================================
